task,L,family,kind,n_rungs,slope,r2,rho,n_options
arc_ar,1,arc,benchmark,3,-0.02780173461587086,0.22480836924345615,-0.5,4.0
arc_ar,2,arc,benchmark,4,-0.013116433803751354,0.9446598543982676,-1.0,4.0
arc_ar,8,arc,benchmark,4,-0.012867233384118928,0.8067593371722845,-1.0,4.0
arc_ar,15,arc,benchmark,4,0.05101951234794667,0.8574162090417333,0.7999999999999999,4.0
arc_ar,30,arc,benchmark,5,0.05559114057744021,0.8236419713581637,0.8999999999999998,4.0
arc_ar,50,arc,benchmark,4,0.02501278839311217,0.8153996205936309,0.7999999999999999,4.0
arc_bn,1,arc,benchmark,3,0.015081857015967788,0.9171250787832473,1.0,4.0
arc_bn,2,arc,benchmark,4,-0.027758782271518723,0.9579102033608878,-1.0,4.0
arc_bn,8,arc,benchmark,4,-0.006624115088715904,0.06544465926333864,-0.39999999999999997,4.0
arc_bn,15,arc,benchmark,4,-0.00432783245718027,0.12422101817697306,0.0,4.0
arc_bn,30,arc,benchmark,5,0.003399957669403937,0.06052363371291836,0.09999999999999999,4.0
arc_bn,50,arc,benchmark,4,-0.0020493479151140062,0.007337197845807886,-0.39999999999999997,4.0
arc_ca,1,arc,benchmark,3,0.028596444193532664,0.8084948395145437,1.0,4.0
arc_ca,2,arc,benchmark,4,0.021318506690050976,0.37826092721070426,0.7999999999999999,4.0
arc_ca,8,arc,benchmark,4,0.039553457230419226,0.7447885558040156,0.7999999999999999,4.0
arc_ca,15,arc,benchmark,4,0.030172988192381782,0.8997483957455122,1.0,4.0
arc_ca,30,arc,benchmark,5,0.04587179357837195,0.799934800005966,0.9999999999999999,4.0
arc_ca,50,arc,benchmark,4,0.047329845966820626,0.7570778651629473,0.7999999999999999,4.0
arc_challenge,1,arc,benchmark,5,0.19231188407317365,0.9874716503277533,0.9999999999999999,4.0
arc_challenge,2,arc,benchmark,5,0.19929316429219346,0.9904323187393465,0.9999999999999999,4.0
arc_challenge,8,arc,benchmark,4,0.19563894439850096,0.9966959275421325,1.0,4.0
arc_challenge,15,arc,benchmark,4,0.168732904375492,0.9871901129800524,1.0,4.0
arc_challenge,30,arc,benchmark,5,0.19300508706575437,0.9968898552784932,0.9999999999999999,4.0
arc_challenge,50,arc,benchmark,4,0.12037765154546987,0.9980951989692842,1.0,4.0
arc_da,1,arc,benchmark,3,0.023020434554418434,0.43947659515265214,0.5,4.0
arc_da,2,arc,benchmark,4,0.006124150330987946,0.10547248980298563,0.39999999999999997,4.0
arc_da,8,arc,benchmark,4,0.0027598289522644368,0.04286352041662489,0.39999999999999997,4.0
arc_da,15,arc,benchmark,4,-0.027878800268834377,0.7403711303836333,-0.7999999999999999,4.0
arc_da,30,arc,benchmark,5,0.1062107547737273,0.8266729607580761,0.9999999999999999,4.0
arc_da,50,arc,benchmark,4,0.08625805290121508,0.9324901614698184,1.0,4.0
arc_de,1,arc,benchmark,3,0.03977236175074526,0.9842930794495444,1.0,4.0
arc_de,2,arc,benchmark,4,0.004668815361341377,0.04538890863485867,0.0,4.0
arc_de,8,arc,benchmark,4,0.10741464721434463,0.9109434653610708,1.0,4.0
arc_de,15,arc,benchmark,4,0.10368894694771934,0.9653975459290287,1.0,4.0
arc_de,30,arc,benchmark,5,0.0899089595318106,0.929469225214682,0.9999999999999999,4.0
arc_de,50,arc,benchmark,4,0.07044117813287283,0.9789715250210141,1.0,4.0
arc_easy,1,arc,benchmark,5,0.23466064946441764,0.9571188813288228,0.9999999999999999,4.0
arc_easy,2,arc,benchmark,5,0.2665284872613479,0.9941868499720817,0.9999999999999999,4.0
arc_easy,8,arc,benchmark,4,0.2682738137638529,0.9845181958139056,1.0,4.0
arc_easy,15,arc,benchmark,4,0.2919667208073045,0.9963562777607323,1.0,4.0
arc_easy,30,arc,benchmark,5,0.2640319086303855,0.9833599861032899,0.9999999999999999,4.0
arc_easy,50,arc,benchmark,4,0.28074545747013097,0.9999548199602301,1.0,4.0
arc_es,1,arc,benchmark,3,0.08339781250907756,0.9288175543010425,1.0,4.0
arc_es,2,arc,benchmark,4,0.057084735125380974,0.9497021688455435,1.0,4.0
arc_es,8,arc,benchmark,4,0.15283428705391175,0.9864764557624254,1.0,4.0
arc_es,15,arc,benchmark,4,0.11127078530485583,0.837370379711428,1.0,4.0
arc_es,30,arc,benchmark,5,0.12866989995790146,0.9419466426925117,0.9999999999999999,4.0
arc_es,50,arc,benchmark,4,0.11346519062198569,0.9355016017271516,1.0,4.0
arc_eu,1,arc,benchmark,3,0.02118360675733156,0.6066092934664595,0.5,4.0
arc_eu,2,arc,benchmark,4,-0.011206921044895282,0.8022810575231585,-0.7999999999999999,4.0
arc_eu,8,arc,benchmark,4,0.0022619150006555296,0.012930867301539029,0.19999999999999998,4.0
arc_eu,15,arc,benchmark,4,-0.005960724213496207,0.32260520222878475,-0.39999999999999997,4.0
arc_eu,30,arc,benchmark,5,0.004751021223701383,0.09675343099525902,0.19999999999999998,4.0
arc_eu,50,arc,benchmark,4,-0.007053676402039907,0.8130834880237428,-0.7999999999999999,4.0
arc_fr,1,arc,benchmark,3,0.08679798177047135,0.9568922261363939,1.0,4.0
arc_fr,2,arc,benchmark,4,0.07879548373404298,0.8794596089437768,1.0,4.0
arc_fr,8,arc,benchmark,4,0.13243478010227872,0.9923064000489219,1.0,4.0
arc_fr,15,arc,benchmark,4,0.09088572085189747,0.9658666790117273,1.0,4.0
arc_fr,30,arc,benchmark,5,0.12261405690312233,0.9435575066041,0.9999999999999999,4.0
arc_fr,50,arc,benchmark,4,0.10424134917626929,0.9790355877961857,1.0,4.0
arc_gu,1,arc,benchmark,3,0.001917672802415855,0.7594458069231924,0.8660254037844387,4.0
arc_gu,2,arc,benchmark,4,-0.022769537535237545,0.6368036417930205,-0.7999999999999999,4.0
arc_gu,8,arc,benchmark,4,-0.0174415512307422,0.4704263475175555,-0.39999999999999997,4.0
arc_gu,15,arc,benchmark,4,-0.005494618360648385,0.03125740899676899,-0.19999999999999998,4.0
arc_gu,30,arc,benchmark,5,-0.017919073903420863,0.7511172902585228,-0.6668859288553501,4.0
arc_gu,50,arc,benchmark,4,-0.007436236549030986,0.1564919388462247,-0.19999999999999998,4.0
arc_hi,1,arc,benchmark,3,0.014879147657000687,0.27420795952487964,0.5,4.0
arc_hi,2,arc,benchmark,4,0.013686777843056958,0.25895051155636584,0.6000000000000001,4.0
arc_hi,8,arc,benchmark,4,0.0015226436490969688,0.027911779189455643,0.39999999999999997,4.0
arc_hi,15,arc,benchmark,4,-0.00125504410014191,0.0024559885778772106,0.0,4.0
arc_hi,30,arc,benchmark,5,0.006182663837666626,0.03342994731043547,0.0,4.0
arc_hi,50,arc,benchmark,4,0.010198287827405781,0.23713802550233176,0.6000000000000001,4.0
arc_hr,1,arc,benchmark,3,-0.019032123926528532,0.7594458069231979,-0.8660254037844387,4.0
arc_hr,2,arc,benchmark,4,0.008436560855426479,0.161184996521767,0.39999999999999997,4.0
arc_hr,8,arc,benchmark,4,0.011833523861457832,0.7505344677981234,0.7999999999999999,4.0
arc_hr,15,arc,benchmark,4,-0.019438361953488484,0.6621609988089074,-0.7999999999999999,4.0
arc_hr,30,arc,benchmark,5,0.00968719626834979,0.6625602856865133,0.7999999999999999,4.0
arc_hr,50,arc,benchmark,4,0.05149666901888067,0.917509366540559,1.0,4.0
arc_hu,1,arc,benchmark,3,0.02056813415354784,0.44057435894174257,0.5,4.0
arc_hu,2,arc,benchmark,4,0.004748283248413499,0.09442552362569745,0.316227766016838,4.0
arc_hu,8,arc,benchmark,4,0.008576539697866334,0.3375799226381808,0.6000000000000001,4.0
arc_hu,15,arc,benchmark,4,0.004283067157674896,0.06431958916715341,0.19999999999999998,4.0
arc_hu,30,arc,benchmark,5,0.08073551488519655,0.8343810851166525,0.8999999999999998,4.0
arc_hu,50,arc,benchmark,4,0.024655285351511996,0.6017254167468136,0.7999999999999999,4.0
arc_hy,1,arc,benchmark,3,0.003942573701856727,0.24055419307680137,0.5,4.0
arc_hy,2,arc,benchmark,4,0.017608999939141924,0.6550579503197178,0.7999999999999999,4.0
arc_hy,8,arc,benchmark,4,-0.001740387128929052,0.0197227327048487,-0.39999999999999997,4.0
arc_hy,15,arc,benchmark,4,0.013246505712853839,0.7380288658191265,0.7378647873726218,4.0
arc_hy,30,arc,benchmark,5,0.0017499102846809263,0.11692075807687463,0.35909242322980395,4.0
arc_hy,50,arc,benchmark,4,-0.016480365329080995,0.8036190048376604,-0.7999999999999999,4.0
arc_id,1,arc,benchmark,3,0.035769494574751835,0.8928069112129209,1.0,4.0
arc_id,2,arc,benchmark,4,0.0260462780597308,0.5478530773042967,0.6000000000000001,4.0
arc_id,8,arc,benchmark,4,0.029079443927619658,0.6370355725689301,0.39999999999999997,4.0
arc_id,15,arc,benchmark,4,0.09369695447068055,0.9260070850708652,1.0,4.0
arc_id,30,arc,benchmark,5,0.11333313476710234,0.882690510767392,0.8999999999999998,4.0
arc_id,50,arc,benchmark,4,0.11146562879249665,0.9429344049387307,1.0,4.0
arc_it,1,arc,benchmark,3,0.04928728335178398,0.9575564378521989,1.0,4.0
arc_it,2,arc,benchmark,4,0.024295191516176966,0.8645535935192236,0.7999999999999999,4.0
arc_it,8,arc,benchmark,4,0.12355843472834532,0.9643594291260561,1.0,4.0
arc_it,15,arc,benchmark,4,0.11629095889730848,0.9708503304003709,1.0,4.0
arc_it,30,arc,benchmark,5,0.13586296413775278,0.897470125303482,0.9999999999999999,4.0
arc_it,50,arc,benchmark,4,0.12865541270524564,0.9309146144122906,1.0,4.0
arc_kn,1,arc,benchmark,3,-0.01918388138388718,0.8859573744675175,-1.0,4.0
arc_kn,2,arc,benchmark,4,0.006475836482884476,0.11344821482473766,0.39999999999999997,4.0
arc_kn,8,arc,benchmark,4,-0.011344225168995853,0.7193358006154504,-0.7999999999999999,4.0
arc_kn,15,arc,benchmark,4,0.01237241598140551,0.6861439051428366,1.0,4.0
arc_kn,30,arc,benchmark,5,-0.0010381368896503617,0.0018854976264671697,-0.09999999999999999,4.0
arc_kn,50,arc,benchmark,4,-0.006515995970706502,0.10460507768289151,-0.39999999999999997,4.0
arc_ml,1,arc,benchmark,3,0.003821795467400403,0.4175852183610256,0.5,4.0
arc_ml,2,arc,benchmark,4,0.02006949985059056,0.7592547278856043,0.7999999999999999,4.0
arc_ml,8,arc,benchmark,4,0.026505523236942073,0.8987184326963729,1.0,4.0
arc_ml,15,arc,benchmark,4,-0.0038396746903414194,0.233330766971084,-0.39999999999999997,4.0
arc_ml,30,arc,benchmark,5,0.012261573829414934,0.6714630606896129,0.6,4.0
arc_ml,50,arc,benchmark,4,0.0023206168700319204,0.36925221197831737,0.316227766016838,4.0
arc_mr,1,arc,benchmark,3,-0.02508729153259069,0.6474298324142864,-0.5,4.0
arc_mr,2,arc,benchmark,4,0.008340066083745013,0.5887256218357317,0.632455532033676,4.0
arc_mr,8,arc,benchmark,4,0.00917899137214119,0.5011988339262343,0.7999999999999999,4.0
arc_mr,15,arc,benchmark,4,0.011207259279018037,0.3288142473625898,0.19999999999999998,4.0
arc_mr,30,arc,benchmark,5,0.004727165102010985,0.07329968999896719,0.39999999999999997,4.0
arc_mr,50,arc,benchmark,4,0.015085607395950917,0.4819061663759353,0.7999999999999999,4.0
arc_ne,1,arc,benchmark,3,0.01127543223066222,0.7404336917146571,0.8660254037844387,4.0
arc_ne,2,arc,benchmark,4,-0.006380218894454128,0.8641196059214367,-0.9486832980505139,4.0
arc_ne,8,arc,benchmark,4,0.005474474962153472,0.5611501657447546,0.39999999999999997,4.0
arc_ne,15,arc,benchmark,4,0.005185079155374777,0.909107366589047,0.9486832980505139,4.0
arc_ne,30,arc,benchmark,5,0.013818789789047976,0.4747539119727716,0.5642880936468347,4.0
arc_ne,50,arc,benchmark,4,-0.011888401933459958,0.3128906135820667,-0.19999999999999998,4.0
arc_nl,1,arc,benchmark,3,0.03240141768795759,0.6732294318316847,0.5,4.0
arc_nl,2,arc,benchmark,4,0.03783105126381759,0.940997649206007,1.0,4.0
arc_nl,8,arc,benchmark,4,0.032296313121185215,0.9310436287744571,1.0,4.0
arc_nl,15,arc,benchmark,4,0.06168469483034701,0.7913601357548788,1.0,4.0
arc_nl,30,arc,benchmark,5,0.11133347784323526,0.860319654554416,0.9999999999999999,4.0
arc_nl,50,arc,benchmark,4,0.07051501390498345,0.971700140252324,1.0,4.0
arc_pt,1,arc,benchmark,3,0.056731615800966695,0.9956693244479535,1.0,4.0
arc_pt,2,arc,benchmark,4,0.047881263871732194,0.9617444702688673,1.0,4.0
arc_pt,8,arc,benchmark,4,0.0698544515010699,0.9070199655101407,1.0,4.0
arc_pt,15,arc,benchmark,4,0.10765706775430316,0.8940758561043607,1.0,4.0
arc_pt,30,arc,benchmark,5,0.10502638042931974,0.9364945131772704,0.9999999999999999,4.0
arc_pt,50,arc,benchmark,4,0.10331873048131314,0.979323569402747,1.0,4.0
arc_ro,1,arc,benchmark,3,0.012865587476822307,0.11194628077183322,0.5,4.0
arc_ro,2,arc,benchmark,4,0.0006246315287029189,0.000880487132662533,-0.19999999999999998,4.0
arc_ro,8,arc,benchmark,4,0.005362336817873985,0.2954684827237066,0.19999999999999998,4.0
arc_ro,15,arc,benchmark,4,0.005068714300960733,0.17802684236297717,0.39999999999999997,4.0
arc_ro,30,arc,benchmark,5,0.10113419116009449,0.9522826502682671,0.9999999999999999,4.0
arc_ro,50,arc,benchmark,4,0.07860184615134287,0.8313543805430803,1.0,4.0
arc_ru,1,arc,benchmark,3,0.03223141923125477,0.9513368675367528,1.0,4.0
arc_ru,2,arc,benchmark,5,0.12517639122114116,0.9933118089340364,0.9999999999999999,4.0
arc_ru,8,arc,benchmark,4,0.1265121695659695,0.9924916092217844,1.0,4.0
arc_ru,15,arc,benchmark,4,0.11082580487773887,0.9847752142675089,1.0,4.0
arc_ru,30,arc,benchmark,5,0.11054166959246321,0.9903175220495358,0.9999999999999999,4.0
arc_ru,50,arc,benchmark,4,0.07359778029567823,0.9512412720241455,1.0,4.0
arc_sk,1,arc,benchmark,3,-0.007660796945696325,0.4394527088851876,-0.5,4.0
arc_sk,2,arc,benchmark,4,0.01029220819985715,0.2638185681677475,0.39999999999999997,4.0
arc_sk,8,arc,benchmark,4,0.0011214983922163376,0.132585496614553,0.316227766016838,4.0
arc_sk,15,arc,benchmark,4,-0.015086383796699071,0.6413328710369597,-0.632455532033676,4.0
arc_sk,30,arc,benchmark,5,0.03232089333063415,0.718290464207685,0.7999999999999999,4.0
arc_sk,50,arc,benchmark,4,0.06897403436816935,0.9923288938094538,1.0,4.0
arc_sr,1,arc,benchmark,3,-0.009229490051967253,0.16385354615017855,-0.5,4.0
arc_sr,2,arc,benchmark,4,0.0071543182657704246,0.5556711488752826,0.632455532033676,4.0
arc_sr,8,arc,benchmark,4,0.013025341354969787,0.3906216684492919,0.39999999999999997,4.0
arc_sr,15,arc,benchmark,4,-0.005688795812265191,0.05428030513976889,-0.21081851067789195,4.0
arc_sr,30,arc,benchmark,5,-0.0047102010705265054,0.162289563815055,-0.6,4.0
arc_sr,50,arc,benchmark,4,0.06080572701773815,0.9266891589803679,1.0,4.0
arc_sv,1,arc,benchmark,3,0.051246466401546814,0.9998909449723311,1.0,4.0
arc_sv,2,arc,benchmark,4,0.014696330874053901,0.39567060212375893,0.19999999999999998,4.0
arc_sv,8,arc,benchmark,4,0.005892022743747814,0.030893243392478786,0.39999999999999997,4.0
arc_sv,15,arc,benchmark,4,0.002425060060400164,0.011405301458906725,0.39999999999999997,4.0
arc_sv,30,arc,benchmark,5,0.0963706463575087,0.9233727263061738,0.9999999999999999,4.0
arc_sv,50,arc,benchmark,4,0.07143228152210893,0.8415747366224913,1.0,4.0
arc_ta,1,arc,benchmark,3,0.02705148344828638,0.9698636730442156,1.0,4.0
arc_ta,2,arc,benchmark,4,-0.009555323145172967,0.2608870123788599,-0.632455532033676,4.0
arc_ta,8,arc,benchmark,4,0.00118327936142154,0.019013596822744838,-0.19999999999999998,4.0
arc_ta,15,arc,benchmark,4,0.002127281574478513,0.09929847994643792,0.39999999999999997,4.0
arc_ta,30,arc,benchmark,5,-0.007107095512280233,0.15960622999360985,-0.19999999999999998,4.0
arc_ta,50,arc,benchmark,4,0.0196875684412535,0.87261332555225,0.7999999999999999,4.0
arc_te,1,arc,benchmark,3,-0.005779400389416053,0.7404336917146455,-0.8660254037844387,4.0
arc_te,2,arc,benchmark,4,-0.004569835910000792,0.2942285189496697,-0.7378647873726218,4.0
arc_te,8,arc,benchmark,4,-0.00540895050979691,0.31546442516816975,-0.632455532033676,4.0
arc_te,15,arc,benchmark,4,0.03135390865732113,0.6916067751927528,0.7999999999999999,4.0
arc_te,30,arc,benchmark,5,-0.010663539071216668,0.25332191637180046,-0.19999999999999998,4.0
arc_te,50,arc,benchmark,4,0.019281956647115423,0.9850119182243638,1.0,4.0
arc_uk,1,arc,benchmark,3,-0.007972440872242042,0.044275866044610424,-0.5,4.0
arc_uk,2,arc,benchmark,4,0.08328070190515884,0.9072540449003212,1.0,4.0
arc_uk,8,arc,benchmark,4,0.032914655589194854,0.8556737473154137,0.7999999999999999,4.0
arc_uk,15,arc,benchmark,4,0.007972365844393255,0.4418965188670694,0.39999999999999997,4.0
arc_uk,30,arc,benchmark,5,0.08260929681065983,0.9510568605580522,0.9999999999999999,4.0
arc_uk,50,arc,benchmark,4,0.07277246590374097,0.8433525177359971,1.0,4.0
arc_vi,1,arc,benchmark,3,0.0072925871604944325,0.08399233042497067,0.5,4.0
arc_vi,2,arc,benchmark,4,0.02728022842276762,0.32925021865316073,0.19999999999999998,4.0
arc_vi,8,arc,benchmark,4,-0.00015681830089933342,6.473450251531787e-05,-0.39999999999999997,4.0
arc_vi,15,arc,benchmark,4,0.04173994337566664,0.7798639026220647,0.7999999999999999,4.0
arc_vi,30,arc,benchmark,5,0.06720094104541396,0.8786103715430174,0.8999999999999998,4.0
arc_vi,50,arc,benchmark,4,0.033998413543718325,0.6526920325046865,0.7999999999999999,4.0
arc_zh,1,arc,benchmark,3,-0.020605062856151567,0.6066822639676495,-0.5,4.0
arc_zh,2,arc,benchmark,4,0.032664734541334436,0.957766070369537,1.0,4.0
arc_zh,8,arc,benchmark,4,0.08923852898036151,0.9896273458732199,1.0,4.0
arc_zh,15,arc,benchmark,4,0.07968838044305332,0.975887094261408,1.0,4.0
arc_zh,30,arc,benchmark,5,0.09970843455403436,0.8633894175058153,0.8999999999999998,4.0
arc_zh,50,arc,benchmark,4,0.0801410658013027,0.9870125950615529,1.0,4.0
belebele_afr_Latn,1,belebele,benchmark,3,0.09856444088309002,0.9288340910138231,1.0,4.0
belebele_afr_Latn,2,belebele,benchmark,4,0.046342455057048086,0.26528927459171303,0.39999999999999997,4.0
belebele_afr_Latn,8,belebele,benchmark,4,0.01177919854046323,0.0428647768371081,0.39999999999999997,4.0
belebele_afr_Latn,15,belebele,benchmark,4,0.017119731791956364,0.18594317546442707,0.6000000000000001,4.0
belebele_afr_Latn,30,belebele,benchmark,5,0.0052258839731427155,0.017798232841122585,-0.3,4.0
belebele_afr_Latn,50,belebele,benchmark,4,-0.023516995551112686,0.3561869604468455,-0.39999999999999997,4.0
belebele_als_Latn,1,belebele,benchmark,3,0.04981046281615721,0.3933358664903135,0.5,4.0
belebele_als_Latn,2,belebele,benchmark,4,0.07304273742157023,0.9416645277362189,1.0,4.0
belebele_als_Latn,8,belebele,benchmark,4,0.017539875627823925,0.2049541646012203,0.7999999999999999,4.0
belebele_als_Latn,15,belebele,benchmark,4,0.005887371536171635,0.027169092512413506,0.0,4.0
belebele_als_Latn,30,belebele,benchmark,5,-0.0061106095657101015,0.03691233631308355,-0.19999999999999998,4.0
belebele_als_Latn,50,belebele,benchmark,4,0.02752386365141045,0.2511482792247143,0.316227766016838,4.0
belebele_amh_Ethi,1,belebele,benchmark,3,0.010322396909830242,0.04941595054118664,0.5,4.0
belebele_amh_Ethi,2,belebele,benchmark,4,0.0259732141198996,0.2648726204103923,0.39999999999999997,4.0
belebele_amh_Ethi,8,belebele,benchmark,4,0.034709888527435895,0.6884047675798823,0.7999999999999999,4.0
belebele_amh_Ethi,15,belebele,benchmark,4,-0.006017897219383727,0.8410777952790867,-0.9486832980505139,4.0
belebele_amh_Ethi,30,belebele,benchmark,5,0.0041671580667616195,0.014236913243272142,0.3,4.0
belebele_amh_Ethi,50,belebele,benchmark,4,-0.005501856032766364,0.013358601909438494,0.0,4.0
belebele_apc_Arab,1,belebele,benchmark,3,0.09627745592447305,0.8342686734019135,1.0,4.0
belebele_apc_Arab,2,belebele,benchmark,4,0.0028114442602942607,0.04898870875392902,0.10540925533894598,4.0
belebele_apc_Arab,8,belebele,benchmark,4,0.0095715393044172,0.9198224186637317,1.0,4.0
belebele_apc_Arab,15,belebele,benchmark,4,-0.06143382987941556,0.6242984219339223,-0.39999999999999997,4.0
belebele_apc_Arab,30,belebele,benchmark,5,0.022762371626963134,0.36284420827285735,0.5642880936468347,4.0
belebele_apc_Arab,50,belebele,benchmark,4,-0.020182572998351838,0.7501917223895114,-0.7999999999999999,4.0
belebele_arb_Arab,1,belebele,benchmark,3,0.05947897074280142,0.609887747688489,0.5,4.0
belebele_arb_Arab,2,belebele,benchmark,4,-0.010294844604167113,0.49908787597985405,-0.316227766016838,4.0
belebele_arb_Arab,8,belebele,benchmark,4,0.038969763083219526,0.6880347117310233,0.7999999999999999,4.0
belebele_arb_Arab,15,belebele,benchmark,4,-0.026520238207214563,0.1564097039109551,-0.39999999999999997,4.0
belebele_arb_Arab,30,belebele,benchmark,5,0.04222982571551738,0.8270106559335059,0.8999999999999998,4.0
belebele_arb_Arab,50,belebele,benchmark,4,-0.004892762782075292,0.0370722526786188,0.0,4.0
belebele_arb_Latn,1,belebele,benchmark,3,0.0073525860560988004,0.9600997954761742,1.0,4.0
belebele_arb_Latn,2,belebele,benchmark,4,0.012111497818260885,0.04183190187663588,-0.21081851067789195,4.0
belebele_arb_Latn,8,belebele,benchmark,4,0.0068525832968057265,0.03531442041181043,0.6000000000000001,4.0
belebele_arb_Latn,15,belebele,benchmark,4,0.03872569982309911,0.5596226779611044,0.7999999999999999,4.0
belebele_arb_Latn,30,belebele,benchmark,5,0.017914426037123145,0.0934901251262602,0.46169025843831935,4.0
belebele_arb_Latn,50,belebele,benchmark,4,0.0006103514119885786,0.00142609842217567,-0.21081851067789195,4.0
belebele_ars_Arab,1,belebele,benchmark,3,0.06955446774630791,0.49572698779480817,0.5,4.0
belebele_ars_Arab,2,belebele,benchmark,4,0.022833284927609755,0.7193291070731684,0.7999999999999999,4.0
belebele_ars_Arab,8,belebele,benchmark,4,0.047638780104893294,0.8771798435865398,0.7999999999999999,4.0
belebele_ars_Arab,15,belebele,benchmark,4,-0.018981859992483523,0.06687331360089432,-0.19999999999999998,4.0
belebele_ars_Arab,30,belebele,benchmark,5,0.03168657071266189,0.5946389549771312,0.7999999999999999,4.0
belebele_ars_Arab,50,belebele,benchmark,4,-0.023205718779632904,0.4220811113966587,-0.7999999999999999,4.0
belebele_ary_Arab,1,belebele,benchmark,3,0.02017993091894133,0.15020021701598962,0.5,4.0
belebele_ary_Arab,2,belebele,benchmark,4,-0.01379973693660074,0.36816764981105543,-0.39999999999999997,4.0
belebele_ary_Arab,8,belebele,benchmark,4,0.03047074166128626,0.6072651491411296,0.39999999999999997,4.0
belebele_ary_Arab,15,belebele,benchmark,4,-0.04125609042621013,0.22001430488283547,-0.39999999999999997,4.0
belebele_ary_Arab,30,belebele,benchmark,5,0.014965323153621724,0.15353883444606076,0.6,4.0
belebele_ary_Arab,50,belebele,benchmark,4,-0.012993224367749346,0.07165737191370047,-0.39999999999999997,4.0
belebele_arz_Arab,1,belebele,benchmark,3,0.06927426564024466,0.7067083034590467,0.5,4.0
belebele_arz_Arab,2,belebele,benchmark,4,0.028969359291773415,0.26435275333753805,0.7999999999999999,4.0
belebele_arz_Arab,8,belebele,benchmark,4,0.008192634511539718,0.2424391415198417,0.39999999999999997,4.0
belebele_arz_Arab,15,belebele,benchmark,4,-0.025619086816952217,0.1588139202045158,-0.19999999999999998,4.0
belebele_arz_Arab,30,belebele,benchmark,5,0.019772544778044486,0.5996586751345592,0.7378647873726218,4.0
belebele_arz_Arab,50,belebele,benchmark,4,-0.009774672640801061,0.09292086670453137,-0.6000000000000001,4.0
belebele_asm_Beng,1,belebele,benchmark,3,0.01918357269501112,0.16755172691956555,0.5,4.0
belebele_asm_Beng,2,belebele,benchmark,4,0.06972772424210821,0.5963932746570253,0.7999999999999999,4.0
belebele_asm_Beng,8,belebele,benchmark,4,0.006202918324233033,0.04472801845742036,0.39999999999999997,4.0
belebele_asm_Beng,15,belebele,benchmark,4,0.057951918253463394,0.4341288182161168,0.19999999999999998,4.0
belebele_asm_Beng,30,belebele,benchmark,5,-0.017442632860190724,0.06403176626378415,-0.19999999999999998,4.0
belebele_asm_Beng,50,belebele,benchmark,4,-0.011339754581468504,0.08959138519288234,-0.316227766016838,4.0
belebele_azj_Latn,1,belebele,benchmark,3,0.05738318049905078,0.3385303262147691,0.5,4.0
belebele_azj_Latn,2,belebele,benchmark,4,-0.0031051326331558624,0.0023771772913873113,0.39999999999999997,4.0
belebele_azj_Latn,8,belebele,benchmark,4,-0.005332372561318111,0.05213074605045809,-0.19999999999999998,4.0
belebele_azj_Latn,15,belebele,benchmark,4,-0.012362969830581518,0.04667348082291234,-0.19999999999999998,4.0
belebele_azj_Latn,30,belebele,benchmark,5,-0.025608951276478616,0.3153272886315267,-0.49999999999999994,4.0
belebele_azj_Latn,50,belebele,benchmark,4,-0.030142106929111578,0.7667974100376438,-0.7999999999999999,4.0
belebele_ben_Beng,1,belebele,benchmark,3,0.1029783776758106,0.9698721559541581,1.0,4.0
belebele_ben_Beng,2,belebele,benchmark,4,0.040133980330017596,0.5345413715188425,0.39999999999999997,4.0
belebele_ben_Beng,8,belebele,benchmark,4,0.013893520224054084,0.08322860081590333,0.39999999999999997,4.0
belebele_ben_Beng,15,belebele,benchmark,4,0.0524734152287137,0.6050837840577727,0.7999999999999999,4.0
belebele_ben_Beng,30,belebele,benchmark,5,-0.012691108340761812,0.043326212101494455,-0.3,4.0
belebele_ben_Beng,50,belebele,benchmark,4,-0.04053598367398593,0.7736000521512063,-0.7999999999999999,4.0
belebele_ben_Latn,1,belebele,benchmark,3,0.0169299179591467,0.3268505775363494,0.5,4.0
belebele_ben_Latn,2,belebele,benchmark,4,0.027833249345885415,0.24660950931731473,0.7999999999999999,4.0
belebele_ben_Latn,8,belebele,benchmark,4,-0.00894905621477029,0.09011942651884897,-0.39999999999999997,4.0
belebele_ben_Latn,15,belebele,benchmark,4,0.017752651241065388,0.49102033970437,0.7999999999999999,4.0
belebele_ben_Latn,30,belebele,benchmark,5,-0.03884249178110884,0.4933591803273736,-0.8999999999999998,4.0
belebele_ben_Latn,50,belebele,benchmark,4,-0.046750770978971214,0.3471497167964712,-0.6000000000000001,4.0
belebele_bod_Tibt,1,belebele,benchmark,3,0.04007965973181964,0.24437988113903597,0.5,4.0
belebele_bod_Tibt,2,belebele,benchmark,4,0.021499339887248416,0.288185385336843,0.19999999999999998,4.0
belebele_bod_Tibt,8,belebele,benchmark,4,0.009989824125043543,0.1535837204928916,0.39999999999999997,4.0
belebele_bod_Tibt,15,belebele,benchmark,4,0.024366567958446418,0.3963642905875634,0.19999999999999998,4.0
belebele_bod_Tibt,30,belebele,benchmark,5,0.0038865833791700845,0.04371993525022422,-0.15389675281277312,4.0
belebele_bod_Tibt,50,belebele,benchmark,4,0.018683132116618522,0.23595962557545347,0.39999999999999997,4.0
belebele_bul_Cyrl,1,belebele,benchmark,3,0.020366760345996646,0.08935446161394434,0.5,4.0
belebele_bul_Cyrl,2,belebele,benchmark,4,-0.013801052539603799,0.36822265004386334,-0.39999999999999997,4.0
belebele_bul_Cyrl,8,belebele,benchmark,4,-0.010903663775185474,0.16383497326766938,-0.39999999999999997,4.0
belebele_bul_Cyrl,15,belebele,benchmark,4,-0.006020220394056819,0.026015255200906084,-0.19999999999999998,4.0
belebele_bul_Cyrl,30,belebele,benchmark,5,0.044844935167318495,0.6244762710904324,0.7,4.0
belebele_bul_Cyrl,50,belebele,benchmark,4,-0.0034986628219901765,0.0020523967140030352,0.19999999999999998,4.0
belebele_cat_Latn,1,belebele,benchmark,3,-0.005441428583991357,0.012603355101438063,-0.5,4.0
belebele_cat_Latn,2,belebele,benchmark,4,0.039874699791618354,0.9230390607423868,1.0,4.0
belebele_cat_Latn,8,belebele,benchmark,4,0.008452573785523769,0.5308951431626486,0.7999999999999999,4.0
belebele_cat_Latn,15,belebele,benchmark,4,0.05059988546862526,0.7059424854585835,0.9486832980505139,4.0
belebele_cat_Latn,30,belebele,benchmark,5,0.010689431178116432,0.8317862495029966,0.8999999999999998,4.0
belebele_cat_Latn,50,belebele,benchmark,4,0.006400188784914524,0.11534073171604986,0.19999999999999998,4.0
belebele_ceb_Latn,1,belebele,benchmark,3,0.0026895807246554845,0.01577341147677902,0.5,4.0
belebele_ceb_Latn,2,belebele,benchmark,4,0.008586952250633759,0.03392732790085595,0.39999999999999997,4.0
belebele_ceb_Latn,8,belebele,benchmark,4,0.0018695413478062306,0.003641514530401735,0.39999999999999997,4.0
belebele_ceb_Latn,15,belebele,benchmark,4,-0.014041455161191036,0.04106765693479997,0.0,4.0
belebele_ceb_Latn,30,belebele,benchmark,5,0.015010225836958555,0.19941983100295335,0.6,4.0
belebele_ceb_Latn,50,belebele,benchmark,4,0.007584617875127432,0.08608478487769233,0.19999999999999998,4.0
belebele_ces_Latn,1,belebele,benchmark,3,0.056511356544481965,0.9998013762285112,1.0,4.0
belebele_ces_Latn,2,belebele,benchmark,4,0.025881406545189167,0.13721651635543042,0.19999999999999998,4.0
belebele_ces_Latn,8,belebele,benchmark,4,-0.01363675368846346,0.3921068338810786,-0.39999999999999997,4.0
belebele_ces_Latn,15,belebele,benchmark,4,-0.012548790403395509,0.19094106980364522,-0.21081851067789195,4.0
belebele_ces_Latn,30,belebele,benchmark,5,0.022376531157570493,0.6501612230745089,0.7999999999999999,4.0
belebele_ces_Latn,50,belebele,benchmark,4,0.052031501948777814,0.38035641274970133,0.316227766016838,4.0
belebele_ckb_Arab,1,belebele,benchmark,3,0.017832875481056044,0.08648963957969458,0.5,4.0
belebele_ckb_Arab,2,belebele,benchmark,4,0.045932219543146316,0.4143708484058596,0.39999999999999997,4.0
belebele_ckb_Arab,8,belebele,benchmark,4,0.002441161953177656,0.07673175605209359,0.39999999999999997,4.0
belebele_ckb_Arab,15,belebele,benchmark,4,0.051991498256022575,0.5893328649207429,0.7999999999999999,4.0
belebele_ckb_Arab,30,belebele,benchmark,5,0.009438771475142733,0.05564368975141143,0.09999999999999999,4.0
belebele_ckb_Arab,50,belebele,benchmark,4,0.07175236936725857,0.5012137582642894,0.632455532033676,4.0
belebele_dan_Latn,1,belebele,benchmark,3,-0.022028821256368257,0.9002197869622935,-1.0,4.0
belebele_dan_Latn,2,belebele,benchmark,4,0.005765021951180177,0.01792389240570791,0.0,4.0
belebele_dan_Latn,8,belebele,benchmark,4,0.017087040531038572,0.11528187788939159,0.632455532033676,4.0
belebele_dan_Latn,15,belebele,benchmark,4,0.0056387093954964485,0.01379290054977278,-0.19999999999999998,4.0
belebele_dan_Latn,30,belebele,benchmark,5,0.0010938977420846723,0.0016576031304409433,0.0,4.0
belebele_dan_Latn,50,belebele,benchmark,4,-0.005244765579459847,0.0073064346527177415,-0.19999999999999998,4.0
belebele_deu_Latn,1,belebele,benchmark,3,0.0712810204697854,0.9976330907198333,1.0,4.0
belebele_deu_Latn,2,belebele,benchmark,4,0.07694572199013047,0.9785782827463806,1.0,4.0
belebele_deu_Latn,8,belebele,benchmark,4,0.031056605771414073,0.24461372021056615,0.7999999999999999,4.0
belebele_deu_Latn,15,belebele,benchmark,4,-0.004248460533590668,0.003663328699490598,-0.19999999999999998,4.0
belebele_deu_Latn,30,belebele,benchmark,5,-0.025620898841502204,0.278888852619013,-0.39999999999999997,4.0
belebele_deu_Latn,50,belebele,benchmark,4,-0.019127999849624797,0.20649194505614343,-0.39999999999999997,4.0
belebele_ell_Grek,1,belebele,benchmark,3,0.0792252003513769,0.66792393462113,0.5,4.0
belebele_ell_Grek,2,belebele,benchmark,4,0.0035571367269877307,0.05254303015872319,0.39999999999999997,4.0
belebele_ell_Grek,8,belebele,benchmark,4,-0.0027869627392388555,0.14886077770906903,-0.632455532033676,4.0
belebele_ell_Grek,15,belebele,benchmark,4,0.009335409597038815,0.2081122680894586,0.39999999999999997,4.0
belebele_ell_Grek,30,belebele,benchmark,5,0.034926682752679655,0.584400997612226,0.8720815992723809,4.0
belebele_ell_Grek,50,belebele,benchmark,4,0.05193039680560882,0.4832388073217909,0.7999999999999999,4.0
belebele_eng_Latn,1,belebele,benchmark,5,0.07640949490080982,0.6866073498050185,0.8999999999999998,4.0
belebele_eng_Latn,2,belebele,benchmark,5,0.05247428629996229,0.5469253615966201,0.7,4.0
belebele_eng_Latn,8,belebele,benchmark,4,0.033910522239695276,0.5726794332989606,0.7999999999999999,4.0
belebele_eng_Latn,15,belebele,benchmark,4,0.051056506854508306,0.6953115103870005,0.7999999999999999,4.0
belebele_eng_Latn,30,belebele,benchmark,5,0.07203926559377762,0.7712562994515353,0.8999999999999998,4.0
belebele_eng_Latn,50,belebele,benchmark,4,0.05743691801525518,0.935859327480088,1.0,4.0
belebele_est_Latn,1,belebele,benchmark,3,-0.014736305679538026,0.9998794986378541,-1.0,4.0
belebele_est_Latn,2,belebele,benchmark,4,0.03498306020313477,0.40938343759095674,0.39999999999999997,4.0
belebele_est_Latn,8,belebele,benchmark,4,0.010526203803260692,0.100055077722079,0.0,4.0
belebele_est_Latn,15,belebele,benchmark,4,0.013559393885199887,0.044883199768271265,0.39999999999999997,4.0
belebele_est_Latn,30,belebele,benchmark,5,-0.0003419924899877157,0.0002640546604233407,-0.19999999999999998,4.0
belebele_est_Latn,50,belebele,benchmark,4,-0.0007592670063150964,0.0019131066274419295,0.39999999999999997,4.0
belebele_eus_Latn,1,belebele,benchmark,3,0.0856125617508858,0.866801784797328,1.0,4.0
belebele_eus_Latn,2,belebele,benchmark,4,-0.00883396744967099,0.1191793755252415,-0.39999999999999997,4.0
belebele_eus_Latn,8,belebele,benchmark,4,-0.01974716756166332,0.7877326423330802,-0.7999999999999999,4.0
belebele_eus_Latn,15,belebele,benchmark,4,-0.029618417963159078,0.7278030032833687,-0.7999999999999999,4.0
belebele_eus_Latn,30,belebele,benchmark,5,0.021671251461912275,0.5237462438189959,0.7,4.0
belebele_eus_Latn,50,belebele,benchmark,4,0.03181024099566473,0.6936408886276908,0.7999999999999999,4.0
belebele_fin_Latn,1,belebele,benchmark,3,-0.019650632251142452,0.9998809203110371,-1.0,4.0
belebele_fin_Latn,2,belebele,benchmark,4,0.05585103646485707,0.4260958049501089,0.39999999999999997,4.0
belebele_fin_Latn,8,belebele,benchmark,4,-0.0003042731894085763,0.00780980417916477,0.0,4.0
belebele_fin_Latn,15,belebele,benchmark,4,0.03955983680606298,0.5517608948510162,0.7999999999999999,4.0
belebele_fin_Latn,30,belebele,benchmark,5,0.02875216464826394,0.2621870138227955,0.49999999999999994,4.0
belebele_fin_Latn,50,belebele,benchmark,4,0.02293464321065315,0.6201397402385912,0.6000000000000001,4.0
belebele_fra_Latn,1,belebele,benchmark,3,0.03992396387210502,0.33465342181435886,0.5,4.0
belebele_fra_Latn,2,belebele,benchmark,4,0.04129132207517993,0.25482355060126083,0.39999999999999997,4.0
belebele_fra_Latn,8,belebele,benchmark,4,-0.0047437946839355115,0.008451943972075493,-0.21081851067789195,4.0
belebele_fra_Latn,15,belebele,benchmark,4,0.06506509588729348,0.7325266748221438,0.7999999999999999,4.0
belebele_fra_Latn,30,belebele,benchmark,5,0.007268391848286915,0.02515988806995184,0.5642880936468347,4.0
belebele_fra_Latn,50,belebele,benchmark,4,-0.011907846982995787,0.8426051715740264,-0.9486832980505139,4.0
belebele_glg_Latn,1,belebele,benchmark,3,0.12541199135362943,0.9918200319325682,1.0,4.0
belebele_glg_Latn,2,belebele,benchmark,4,0.04284814067402984,0.742633658446592,1.0,4.0
belebele_glg_Latn,8,belebele,benchmark,4,-0.003700894058312992,0.006197223043316269,-0.19999999999999998,4.0
belebele_glg_Latn,15,belebele,benchmark,4,0.029175497246544158,0.7423496835170434,1.0,4.0
belebele_glg_Latn,30,belebele,benchmark,5,0.01899536271651033,0.6299215537511018,0.7999999999999999,4.0
belebele_glg_Latn,50,belebele,benchmark,4,0.006819548703497534,0.08611210394136593,0.6000000000000001,4.0
belebele_guj_Gujr,1,belebele,benchmark,3,0.07375044154463309,0.99566855555664,1.0,4.0
belebele_guj_Gujr,2,belebele,benchmark,4,0.09653699406791239,0.9613048375278511,1.0,4.0
belebele_guj_Gujr,8,belebele,benchmark,4,-0.0017818626891747172,0.002109413484837952,0.316227766016838,4.0
belebele_guj_Gujr,15,belebele,benchmark,4,0.04029335562095528,0.17805236810448144,0.19999999999999998,4.0
belebele_guj_Gujr,30,belebele,benchmark,5,0.002829549237207685,0.002843354287774713,0.09999999999999999,4.0
belebele_guj_Gujr,50,belebele,benchmark,4,-0.007819815319608753,0.010354596767381707,-0.19999999999999998,4.0
belebele_hat_Latn,1,belebele,benchmark,3,-0.007041222359682285,0.05267132967100541,-0.5,4.0
belebele_hat_Latn,2,belebele,benchmark,4,0.04884366709169413,0.49157681278035625,0.7999999999999999,4.0
belebele_hat_Latn,8,belebele,benchmark,4,0.04146675771029282,0.8624533740423024,0.7999999999999999,4.0
belebele_hat_Latn,15,belebele,benchmark,4,0.004903634465610573,0.14628871010043332,0.6000000000000001,4.0
belebele_hat_Latn,30,belebele,benchmark,5,-0.006246106425267561,0.16325906191958217,-0.35909242322980395,4.0
belebele_hat_Latn,50,belebele,benchmark,4,0.025914016767408246,0.7916128641578841,0.7999999999999999,4.0
belebele_hau_Latn,1,belebele,benchmark,3,0.04149042742504349,0.7404336917146545,0.8660254037844387,4.0
belebele_hau_Latn,2,belebele,benchmark,4,0.03971346793578222,0.6621163390451699,0.7378647873726218,4.0
belebele_hau_Latn,8,belebele,benchmark,4,-0.000593068159861024,0.0034492410308587518,-0.21081851067789195,4.0
belebele_hau_Latn,15,belebele,benchmark,4,0.004444088053969174,0.022429245179369395,0.0,4.0
belebele_hau_Latn,30,belebele,benchmark,5,0.013311770313265628,0.3239532295656111,0.35909242322980395,4.0
belebele_hau_Latn,50,belebele,benchmark,4,-0.006764148049701493,0.047914843176208644,-0.39999999999999997,4.0
belebele_heb_Hebr,1,belebele,benchmark,3,0.005970755274803307,0.0038231167098990992,0.5,4.0
belebele_heb_Hebr,2,belebele,benchmark,4,-0.00879080532530802,0.11078284724213816,-0.39999999999999997,4.0
belebele_heb_Hebr,8,belebele,benchmark,4,-0.013518995159202105,0.7070878579462624,-0.7999999999999999,4.0
belebele_heb_Hebr,15,belebele,benchmark,4,0.009828126278205706,0.3629686017527445,0.316227766016838,4.0
belebele_heb_Hebr,30,belebele,benchmark,5,0.02441512697872686,0.15098195498198785,0.09999999999999999,4.0
belebele_heb_Hebr,50,belebele,benchmark,4,-3.53385495492923e-05,3.4496973877473636e-07,-0.39999999999999997,4.0
belebele_hin_Deva,1,belebele,benchmark,3,-0.0021291204665029686,0.005076188297165718,-0.5,4.0
belebele_hin_Deva,2,belebele,benchmark,4,0.05806918158937162,0.9365709488289921,1.0,4.0
belebele_hin_Deva,8,belebele,benchmark,4,0.016366341363095175,0.5704611013153931,0.316227766016838,4.0
belebele_hin_Deva,15,belebele,benchmark,4,0.012885994040080517,0.0474217681960456,0.19999999999999998,4.0
belebele_hin_Deva,30,belebele,benchmark,5,0.0016718224081755408,0.0011468900264300919,0.3,4.0
belebele_hin_Deva,50,belebele,benchmark,4,0.008838996746015928,0.034301781313323065,0.10540925533894598,4.0
belebele_hin_Latn,1,belebele,benchmark,3,0.0520351806400935,0.6220586666836947,0.5,4.0
belebele_hin_Latn,2,belebele,benchmark,4,0.06136670983995298,0.6580474955081812,0.9486832980505139,4.0
belebele_hin_Latn,8,belebele,benchmark,4,0.0012185916876388113,0.0019754551944627385,0.39999999999999997,4.0
belebele_hin_Latn,15,belebele,benchmark,4,0.014742757928363118,0.36297417739980864,0.316227766016838,4.0
belebele_hin_Latn,30,belebele,benchmark,5,0.006045189674108615,0.01904243811493822,0.3,4.0
belebele_hin_Latn,50,belebele,benchmark,4,0.01807503598866186,0.6625394153860206,0.7999999999999999,4.0
belebele_hrv_Latn,1,belebele,benchmark,3,0.03154166134631036,0.436956443773428,0.5,4.0
belebele_hrv_Latn,2,belebele,benchmark,4,0.022461539774088456,0.7487158394318272,0.7999999999999999,4.0
belebele_hrv_Latn,8,belebele,benchmark,4,0.028880619583357386,0.7503732984121636,1.0,4.0
belebele_hrv_Latn,15,belebele,benchmark,4,-0.014320583775591799,0.09480591465278732,-0.19999999999999998,4.0
belebele_hrv_Latn,30,belebele,benchmark,5,-0.024941370041665523,0.5363732168489341,-0.7999999999999999,4.0
belebele_hrv_Latn,50,belebele,benchmark,4,0.03397103416668855,0.5210102566362644,0.7999999999999999,4.0
belebele_hun_Latn,1,belebele,benchmark,3,0.03698308993030164,0.8995450661578771,1.0,4.0
belebele_hun_Latn,2,belebele,benchmark,4,0.023821862006102923,0.6765865930435362,0.7999999999999999,4.0
belebele_hun_Latn,8,belebele,benchmark,4,0.008297738188189508,0.5721176023387169,0.7999999999999999,4.0
belebele_hun_Latn,15,belebele,benchmark,4,0.006134775481875252,0.22494803935113528,0.316227766016838,4.0
belebele_hun_Latn,30,belebele,benchmark,5,-0.004460389567673355,0.04750553770026922,-0.3,4.0
belebele_hun_Latn,50,belebele,benchmark,4,0.0029016702662245913,0.2151855531665775,0.39999999999999997,4.0
belebele_hye_Armn,1,belebele,benchmark,3,0.08833324801986857,0.9886102743781885,1.0,4.0
belebele_hye_Armn,2,belebele,benchmark,4,0.04734368346982795,0.5685863567962788,0.39999999999999997,4.0
belebele_hye_Armn,8,belebele,benchmark,4,-0.0015286597189166614,0.005213965576149504,-0.19999999999999998,4.0
belebele_hye_Armn,15,belebele,benchmark,4,0.007698286631781415,0.9042537844403845,0.9486832980505139,4.0
belebele_hye_Armn,30,belebele,benchmark,5,-0.0012774314461215354,0.0020310394801931198,-0.09999999999999999,4.0
belebele_hye_Armn,50,belebele,benchmark,4,0.006091253981967748,0.1303072148169453,0.39999999999999997,4.0
belebele_ibo_Latn,1,belebele,benchmark,3,0.0915210498910085,0.7194729068934493,0.5,4.0
belebele_ibo_Latn,2,belebele,benchmark,4,-0.0248049296227911,0.09817202397631375,-0.39999999999999997,4.0
belebele_ibo_Latn,8,belebele,benchmark,4,-0.003061544301380408,0.009663947231444703,0.0,4.0
belebele_ibo_Latn,15,belebele,benchmark,4,-0.018117815452276483,0.8064455411977203,-0.7999999999999999,4.0
belebele_ibo_Latn,30,belebele,benchmark,5,-0.013955625064084029,0.18594564859299978,-0.39999999999999997,4.0
belebele_ibo_Latn,50,belebele,benchmark,4,-0.001037932777933148,0.0007465060215107178,0.0,4.0
belebele_ind_Latn,1,belebele,benchmark,3,0.030035268272640487,0.25956630828534244,0.5,4.0
belebele_ind_Latn,2,belebele,benchmark,4,0.009119936244404086,0.017982194091158865,0.19999999999999998,4.0
belebele_ind_Latn,8,belebele,benchmark,4,0.013101486643679678,0.06411224892944001,0.39999999999999997,4.0
belebele_ind_Latn,15,belebele,benchmark,4,0.004213184579685031,0.006564286216384496,0.10540925533894598,4.0
belebele_ind_Latn,30,belebele,benchmark,5,-0.011149091105090183,0.20677346492453041,-0.35909242322980395,4.0
belebele_ind_Latn,50,belebele,benchmark,4,-0.008506877303319033,0.03669012880719191,-0.19999999999999998,4.0
belebele_isl_Latn,1,belebele,benchmark,3,0.003000944421071811,0.0036460497209432896,0.5,4.0
belebele_isl_Latn,2,belebele,benchmark,4,0.017521501491711753,0.1166197123182644,0.39999999999999997,4.0
belebele_isl_Latn,8,belebele,benchmark,4,-0.0021197594375963985,0.002354529386547455,-0.19999999999999998,4.0
belebele_isl_Latn,15,belebele,benchmark,4,-0.0034922440540455036,0.03511492427035878,-0.19999999999999998,4.0
belebele_isl_Latn,30,belebele,benchmark,5,0.02469782356146394,0.40411252494602523,0.39999999999999997,4.0
belebele_isl_Latn,50,belebele,benchmark,4,0.05301769177944178,0.5661071172817227,0.7999999999999999,4.0
belebele_ita_Latn,1,belebele,benchmark,3,0.029694995687308736,0.6980340089582289,0.5,4.0
belebele_ita_Latn,2,belebele,benchmark,4,0.06966103631296565,0.7616018602201259,1.0,4.0
belebele_ita_Latn,8,belebele,benchmark,4,0.026180374163943795,0.601213874978586,0.7999999999999999,4.0
belebele_ita_Latn,15,belebele,benchmark,4,0.02701739316187867,0.15996323449550298,0.6000000000000001,4.0
belebele_ita_Latn,30,belebele,benchmark,5,0.03544386397599483,0.4454851180094327,0.49999999999999994,4.0
belebele_ita_Latn,50,belebele,benchmark,4,0.03450822629216406,0.7163827738181552,0.7999999999999999,4.0
belebele_jav_Latn,1,belebele,benchmark,3,0.10109615711563136,0.8965034727252733,1.0,4.0
belebele_jav_Latn,2,belebele,benchmark,4,-0.0024643756727583408,0.0004103690209480426,0.19999999999999998,4.0
belebele_jav_Latn,8,belebele,benchmark,4,0.0008154677520036642,0.000624906162758454,-0.39999999999999997,4.0
belebele_jav_Latn,15,belebele,benchmark,4,-0.011021153007736257,0.11537564792803268,-0.19999999999999998,4.0
belebele_jav_Latn,30,belebele,benchmark,5,-0.002282037022785653,0.0045161954113390745,0.3,4.0
belebele_jav_Latn,50,belebele,benchmark,4,-0.0026601260625321627,0.005434173098611383,0.19999999999999998,4.0
belebele_jpn_Jpan,1,belebele,benchmark,3,0.09192581428944614,0.4887464474417611,0.5,4.0
belebele_jpn_Jpan,2,belebele,benchmark,4,-0.002144120372045522,0.0030975936294074247,0.0,4.0
belebele_jpn_Jpan,8,belebele,benchmark,4,-0.01025547785566766,0.5632186210625867,-0.7999999999999999,4.0
belebele_jpn_Jpan,15,belebele,benchmark,4,0.03196894446629106,0.593530077891673,0.7999999999999999,4.0
belebele_jpn_Jpan,30,belebele,benchmark,5,0.03172606631494695,0.45569512603259477,0.6668859288553501,4.0
belebele_jpn_Jpan,50,belebele,benchmark,4,0.041422061080289695,0.39541823514705243,0.39999999999999997,4.0
belebele_kan_Knda,1,belebele,benchmark,3,0.057134111960327985,0.49659750511633727,0.5,4.0
belebele_kan_Knda,2,belebele,benchmark,4,-0.05068251035183158,0.9932899937815558,-1.0,4.0
belebele_kan_Knda,8,belebele,benchmark,4,0.004440746551273474,0.056670282249605686,0.0,4.0
belebele_kan_Knda,15,belebele,benchmark,4,0.032499915333566956,0.18785021188124396,0.19999999999999998,4.0
belebele_kan_Knda,30,belebele,benchmark,5,-0.006840270247259236,0.010765680196694993,-0.09999999999999999,4.0
belebele_kan_Knda,50,belebele,benchmark,4,0.005794742926805677,0.01296171294177817,0.0,4.0
belebele_kat_Geor,1,belebele,benchmark,3,-0.06974129717336307,0.39027996183319535,-0.5,4.0
belebele_kat_Geor,2,belebele,benchmark,4,0.10020792498185062,0.93263750233795,1.0,4.0
belebele_kat_Geor,8,belebele,benchmark,4,0.05420297655155884,0.6473009460796613,0.39999999999999997,4.0
belebele_kat_Geor,15,belebele,benchmark,4,0.023756216546457865,0.2348599435515667,0.316227766016838,4.0
belebele_kat_Geor,30,belebele,benchmark,5,-0.008477276422521511,0.012687503698714409,-0.6,4.0
belebele_kat_Geor,50,belebele,benchmark,4,-0.03190564534221593,0.4299511874177445,-0.39999999999999997,4.0
belebele_kaz_Cyrl,1,belebele,benchmark,3,-0.043901974676034905,0.6984315405381278,-0.5,4.0
belebele_kaz_Cyrl,2,belebele,benchmark,4,-0.026016173272343207,0.61814760329146,-0.7999999999999999,4.0
belebele_kaz_Cyrl,8,belebele,benchmark,4,-0.024243509838096797,0.8296442844506547,-0.7999999999999999,4.0
belebele_kaz_Cyrl,15,belebele,benchmark,4,0.014424936921601447,0.035876548045133294,0.19999999999999998,4.0
belebele_kaz_Cyrl,30,belebele,benchmark,5,-0.01099784102698996,0.027169507481660915,-0.09999999999999999,4.0
belebele_kaz_Cyrl,50,belebele,benchmark,4,-0.04732828977428422,0.8985428568242724,-0.7999999999999999,4.0
belebele_khk_Cyrl,1,belebele,benchmark,3,0.044711531495923024,0.49794376363245196,0.5,4.0
belebele_khk_Cyrl,2,belebele,benchmark,4,-0.060007172258732006,0.5079307324830936,-0.7999999999999999,4.0
belebele_khk_Cyrl,8,belebele,benchmark,4,-0.026351024308563672,0.23599515047307895,-0.39999999999999997,4.0
belebele_khk_Cyrl,15,belebele,benchmark,4,-0.02822826517495305,0.2879911575021843,-0.39999999999999997,4.0
belebele_khk_Cyrl,30,belebele,benchmark,5,-0.01024141422547545,0.0785856402762517,-0.19999999999999998,4.0
belebele_khk_Cyrl,50,belebele,benchmark,4,0.017192149008502303,0.26901821085364463,0.39999999999999997,4.0
belebele_khm_Khmr,1,belebele,benchmark,3,-0.0271588861439431,0.8259640840561912,-1.0,4.0
belebele_khm_Khmr,2,belebele,benchmark,4,0.01573269427957067,0.15297594283966376,0.39999999999999997,4.0
belebele_khm_Khmr,8,belebele,benchmark,4,0.027114627424533463,0.4241199765193808,0.7999999999999999,4.0
belebele_khm_Khmr,15,belebele,benchmark,4,0.010479743906069965,0.1264129032405451,0.39999999999999997,4.0
belebele_khm_Khmr,30,belebele,benchmark,5,0.0023738342157425224,0.0029465497802702023,-0.09999999999999999,4.0
belebele_khm_Khmr,50,belebele,benchmark,4,-0.01047183076002327,0.11543357123718445,-0.6000000000000001,4.0
belebele_kin_Latn,1,belebele,benchmark,3,0.06361487406185788,0.8809065709699078,1.0,4.0
belebele_kin_Latn,2,belebele,benchmark,4,-0.022904231756884615,0.8722828947596122,-1.0,4.0
belebele_kin_Latn,8,belebele,benchmark,4,-0.022520213467022,0.14269593639069944,-0.19999999999999998,4.0
belebele_kin_Latn,15,belebele,benchmark,4,0.03866371643701791,0.9165688654671917,1.0,4.0
belebele_kin_Latn,30,belebele,benchmark,5,0.0052469794130358596,0.01715979157990466,-0.09999999999999999,4.0
belebele_kin_Latn,50,belebele,benchmark,4,-0.03215435038381999,0.23822115926909915,-0.6000000000000001,4.0
belebele_kir_Cyrl,1,belebele,benchmark,3,-0.04593989109592887,0.31872626786650826,-0.5,4.0
belebele_kir_Cyrl,2,belebele,benchmark,4,-0.04861281770719131,0.5541255078044134,-0.39999999999999997,4.0
belebele_kir_Cyrl,8,belebele,benchmark,4,-0.0207634396993225,0.19616758990147443,-0.19999999999999998,4.0
belebele_kir_Cyrl,15,belebele,benchmark,4,-0.037159514338379045,0.44284532770965246,-0.19999999999999998,4.0
belebele_kir_Cyrl,30,belebele,benchmark,5,-0.013512678282225644,0.06494110433600786,-0.19999999999999998,4.0
belebele_kir_Cyrl,50,belebele,benchmark,4,0.011815016493633344,0.03490177845340181,0.19999999999999998,4.0
belebele_kor_Hang,1,belebele,benchmark,3,0.09887360792409432,0.7594458069231991,0.8660254037844387,4.0
belebele_kor_Hang,2,belebele,benchmark,4,0.01055314048875622,0.09070572297476531,0.39999999999999997,4.0
belebele_kor_Hang,8,belebele,benchmark,4,0.017582985369086878,0.18597861087001466,0.39999999999999997,4.0
belebele_kor_Hang,15,belebele,benchmark,4,-0.002287497183368413,0.0018706315708771903,0.19999999999999998,4.0
belebele_kor_Hang,30,belebele,benchmark,5,0.018991705508262527,0.8716524993103982,0.8999999999999998,4.0
belebele_kor_Hang,50,belebele,benchmark,4,-0.01351895639011836,0.07757372261495743,-0.39999999999999997,4.0
belebele_lao_Laoo,1,belebele,benchmark,3,0.06695831574668651,0.5762702591106286,0.5,4.0
belebele_lao_Laoo,2,belebele,benchmark,4,0.04324699069202495,0.9323105875523272,1.0,4.0
belebele_lao_Laoo,8,belebele,benchmark,4,0.03401492228580899,0.8118292030495531,1.0,4.0
belebele_lao_Laoo,15,belebele,benchmark,4,0.03270542181867184,0.2942020513397031,0.19999999999999998,4.0
belebele_lao_Laoo,30,belebele,benchmark,5,0.02141172107743254,0.3480653893375104,0.3,4.0
belebele_lao_Laoo,50,belebele,benchmark,4,-0.0009812163861431485,0.0005203881455397852,0.19999999999999998,4.0
belebele_lit_Latn,1,belebele,benchmark,3,0.024282504015245635,0.46982528679663194,0.5,4.0
belebele_lit_Latn,2,belebele,benchmark,4,0.011550208162967689,0.17906627115634932,0.39999999999999997,4.0
belebele_lit_Latn,8,belebele,benchmark,4,0.0328271348588705,0.9124937774721903,0.9486832980505139,4.0
belebele_lit_Latn,15,belebele,benchmark,4,-0.013621478673652345,0.40870802039720167,-0.19999999999999998,4.0
belebele_lit_Latn,30,belebele,benchmark,5,-0.006125410274547147,0.032822459986933894,-0.7,4.0
belebele_lit_Latn,50,belebele,benchmark,4,0.011827945985129653,0.11568538821621333,0.39999999999999997,4.0
belebele_lvs_Latn,1,belebele,benchmark,3,0.029101177183391103,0.4177062724895787,0.5,4.0
belebele_lvs_Latn,2,belebele,benchmark,4,0.04822074298938138,0.2751408818681267,0.39999999999999997,4.0
belebele_lvs_Latn,8,belebele,benchmark,4,0.019766003552715496,0.8046426680131195,0.7999999999999999,4.0
belebele_lvs_Latn,15,belebele,benchmark,4,-0.01702642900326441,0.07157103541140131,0.0,4.0
belebele_lvs_Latn,30,belebele,benchmark,5,-0.008401041361581433,0.1494998604778972,-0.49999999999999994,4.0
belebele_lvs_Latn,50,belebele,benchmark,4,-0.020994719974044996,0.18960884473045958,-0.7999999999999999,4.0
belebele_mal_Mlym,1,belebele,benchmark,3,0.07208838063426147,0.465690346598026,0.5,4.0
belebele_mal_Mlym,2,belebele,benchmark,4,0.034242427931757226,0.21435335391215493,0.39999999999999997,4.0
belebele_mal_Mlym,8,belebele,benchmark,4,0.033303774194689786,0.685065527310455,0.7999999999999999,4.0
belebele_mal_Mlym,15,belebele,benchmark,4,0.04433389981026706,0.5059114980878461,0.7999999999999999,4.0
belebele_mal_Mlym,30,belebele,benchmark,5,0.00010439001511036627,8.432998353624654e-06,-0.09999999999999999,4.0
belebele_mal_Mlym,50,belebele,benchmark,4,0.05347568648001516,0.5064672951586866,0.6000000000000001,4.0
belebele_mar_Deva,1,belebele,benchmark,3,0.022464747245159164,0.32499953127850545,0.5,4.0
belebele_mar_Deva,2,belebele,benchmark,4,0.06155000323827375,0.7626963823059145,0.7999999999999999,4.0
belebele_mar_Deva,8,belebele,benchmark,4,-0.004556725741087529,0.35021851089327527,-0.39999999999999997,4.0
belebele_mar_Deva,15,belebele,benchmark,4,0.02509217362729207,0.22699447104521042,0.19999999999999998,4.0
belebele_mar_Deva,30,belebele,benchmark,5,0.01769885287925903,0.30027383541447783,0.49999999999999994,4.0
belebele_mar_Deva,50,belebele,benchmark,4,-0.042720158927156644,0.6295313855516538,-0.7999999999999999,4.0
belebele_mkd_Cyrl,1,belebele,benchmark,3,-0.07072056021163303,0.688389013172634,-0.5,4.0
belebele_mkd_Cyrl,2,belebele,benchmark,4,0.03059793226638981,0.3607013059885843,0.39999999999999997,4.0
belebele_mkd_Cyrl,8,belebele,benchmark,4,0.015181534748592664,0.2205162823257052,0.316227766016838,4.0
belebele_mkd_Cyrl,15,belebele,benchmark,4,-0.02385621814557405,0.3683804317088405,-0.7999999999999999,4.0
belebele_mkd_Cyrl,30,belebele,benchmark,5,0.04337546207995062,0.5809031663872662,0.7,4.0
belebele_mkd_Cyrl,50,belebele,benchmark,4,-0.0212502346176431,0.11599412662571551,-0.39999999999999997,4.0
belebele_mlt_Latn,1,belebele,benchmark,3,-0.05319685177158149,0.3221082105273313,-0.5,4.0
belebele_mlt_Latn,2,belebele,benchmark,4,0.010081771328713438,0.019578756067698544,0.0,4.0
belebele_mlt_Latn,8,belebele,benchmark,4,-0.015921854987560262,0.15431568105709337,-0.19999999999999998,4.0
belebele_mlt_Latn,15,belebele,benchmark,4,0.01537364371025404,0.37050722475765285,0.632455532033676,4.0
belebele_mlt_Latn,30,belebele,benchmark,5,0.002369039503230327,0.003637827967763907,0.19999999999999998,4.0
belebele_mlt_Latn,50,belebele,benchmark,4,0.005322252314226153,0.16173399696816249,0.39999999999999997,4.0
belebele_mri_Latn,1,belebele,benchmark,3,0.08122978654851867,0.9682442950893118,1.0,4.0
belebele_mri_Latn,2,belebele,benchmark,4,0.04038690796579616,0.7120393856784404,0.7999999999999999,4.0
belebele_mri_Latn,8,belebele,benchmark,4,0.02482000790510281,0.7968479908874712,1.0,4.0
belebele_mri_Latn,15,belebele,benchmark,4,-0.006681196525065581,0.4609462453780966,-0.7378647873726218,4.0
belebele_mri_Latn,30,belebele,benchmark,5,0.006140185416168577,0.11551376894714327,0.09999999999999999,4.0
belebele_mri_Latn,50,belebele,benchmark,4,0.002944757997479876,0.36937284240445767,0.316227766016838,4.0
belebele_mya_Mymr,1,belebele,benchmark,3,0.11630171900671277,0.6967241195264119,0.5,4.0
belebele_mya_Mymr,2,belebele,benchmark,4,0.011178040149997985,0.21452851176604737,0.19999999999999998,4.0
belebele_mya_Mymr,8,belebele,benchmark,4,0.034674240544176275,0.3891824484526448,0.39999999999999997,4.0
belebele_mya_Mymr,15,belebele,benchmark,4,0.039141850202170377,0.47009922056729636,0.632455532033676,4.0
belebele_mya_Mymr,30,belebele,benchmark,5,0.013472037689468794,0.09428673409338217,0.09999999999999999,4.0
belebele_mya_Mymr,50,belebele,benchmark,4,-0.022894639484224,0.8318771450765721,-0.7999999999999999,4.0
belebele_nld_Latn,1,belebele,benchmark,3,0.09568586209898036,0.987008960834095,1.0,4.0
belebele_nld_Latn,2,belebele,benchmark,4,0.0638797640832924,0.6746040536716755,0.7999999999999999,4.0
belebele_nld_Latn,8,belebele,benchmark,4,0.03381699770674601,0.40499107679671453,0.7999999999999999,4.0
belebele_nld_Latn,15,belebele,benchmark,4,0.02351898103083303,0.292789023075108,0.39999999999999997,4.0
belebele_nld_Latn,30,belebele,benchmark,5,0.017158202470381488,0.07922856020976932,0.41039134083406165,4.0
belebele_nld_Latn,50,belebele,benchmark,4,-0.006687432459032759,0.013653075540014048,-0.19999999999999998,4.0
belebele_nob_Latn,1,belebele,benchmark,3,0.024500438986628188,0.9444320358277812,1.0,4.0
belebele_nob_Latn,2,belebele,benchmark,4,-0.0069983653156222595,0.007069327657416746,0.0,4.0
belebele_nob_Latn,8,belebele,benchmark,4,-0.028363861858749305,0.5704072865777954,-0.39999999999999997,4.0
belebele_nob_Latn,15,belebele,benchmark,4,-0.012646806522791196,0.01600182020672447,-0.19999999999999998,4.0
belebele_nob_Latn,30,belebele,benchmark,5,-0.031962826209329234,0.25052348512233535,-0.09999999999999999,4.0
belebele_nob_Latn,50,belebele,benchmark,4,-0.01873288958416743,0.15386812928447013,-0.19999999999999998,4.0
belebele_npi_Deva,1,belebele,benchmark,3,0.0034057368425222233,0.001548475131606608,0.5,4.0
belebele_npi_Deva,2,belebele,benchmark,4,0.07012270867493016,0.638565211471109,0.6000000000000001,4.0
belebele_npi_Deva,8,belebele,benchmark,4,0.037627915481465594,0.8719141504342054,1.0,4.0
belebele_npi_Deva,15,belebele,benchmark,4,0.04791069528751438,0.3046979805620661,0.39999999999999997,4.0
belebele_npi_Deva,30,belebele,benchmark,5,0.01196768995504576,0.07571695870118023,0.09999999999999999,4.0
belebele_npi_Deva,50,belebele,benchmark,4,-0.00402189918332739,0.004369112027924782,-0.39999999999999997,4.0
belebele_npi_Latn,1,belebele,benchmark,3,-0.009701866172409349,0.4177794885542194,-0.5,4.0
belebele_npi_Latn,2,belebele,benchmark,4,0.005382422211678345,0.09729527060187315,0.19999999999999998,4.0
belebele_npi_Latn,8,belebele,benchmark,4,0.005609441161474834,0.015703077359628725,0.0,4.0
belebele_npi_Latn,15,belebele,benchmark,4,0.03808136409655853,0.4325218278235724,0.39999999999999997,4.0
belebele_npi_Latn,30,belebele,benchmark,5,-0.008947681169354248,0.05093092264333299,-0.19999999999999998,4.0
belebele_npi_Latn,50,belebele,benchmark,4,-0.02460838196645064,0.44368900683882107,-0.7999999999999999,4.0
belebele_nya_Latn,1,belebele,benchmark,3,0.04531493902467067,0.11799715978096126,0.5,4.0
belebele_nya_Latn,2,belebele,benchmark,4,0.04108122191256491,0.5060942341660242,0.7999999999999999,4.0
belebele_nya_Latn,8,belebele,benchmark,4,0.01168526695140863,0.14660836966074842,0.6000000000000001,4.0
belebele_nya_Latn,15,belebele,benchmark,4,0.03381277886307741,0.6688924718439687,0.7999999999999999,4.0
belebele_nya_Latn,30,belebele,benchmark,5,0.007220472646152125,0.057552426227041154,0.41039134083406165,4.0
belebele_nya_Latn,50,belebele,benchmark,4,0.018412615817302795,0.13911239305205736,0.39999999999999997,4.0
belebele_ory_Orya,1,belebele,benchmark,3,0.1066331830570559,0.5785054614671299,0.5,4.0
belebele_ory_Orya,2,belebele,benchmark,4,0.026925823951257272,0.20570567305215282,0.19999999999999998,4.0
belebele_ory_Orya,8,belebele,benchmark,4,-0.016392463415359396,0.10885293337840429,-0.316227766016838,4.0
belebele_ory_Orya,15,belebele,benchmark,4,0.029387403663630993,0.26952960658180547,0.39999999999999997,4.0
belebele_ory_Orya,30,belebele,benchmark,5,0.006407854097207224,0.042811530343966564,0.09999999999999999,4.0
belebele_ory_Orya,50,belebele,benchmark,4,-0.02997785198411462,0.5546722948001581,-0.7999999999999999,4.0
belebele_pan_Guru,1,belebele,benchmark,3,0.10119175447306472,0.8479135137997579,1.0,4.0
belebele_pan_Guru,2,belebele,benchmark,4,0.0697334105400119,0.5951046259319128,0.7999999999999999,4.0
belebele_pan_Guru,8,belebele,benchmark,4,0.01752377416356095,0.8463441615648682,0.9486832980505139,4.0
belebele_pan_Guru,15,belebele,benchmark,4,0.03660366253115163,0.23807613211370526,0.39999999999999997,4.0
belebele_pan_Guru,30,belebele,benchmark,5,0.00960493812720238,0.03504315908573319,0.3,4.0
belebele_pan_Guru,50,belebele,benchmark,4,0.008260735847061629,0.029617779892263774,0.19999999999999998,4.0
belebele_pbt_Arab,1,belebele,benchmark,3,0.0009340910892496052,0.00012050136214614149,0.0,4.0
belebele_pbt_Arab,2,belebele,benchmark,4,0.02468548924258315,0.28286956376695804,0.39999999999999997,4.0
belebele_pbt_Arab,8,belebele,benchmark,4,0.02469722061957975,0.623172161420749,0.7999999999999999,4.0
belebele_pbt_Arab,15,belebele,benchmark,4,-0.03931731455932937,0.20648135065170325,-0.39999999999999997,4.0
belebele_pbt_Arab,30,belebele,benchmark,5,0.016339515856665824,0.2949923358537456,0.49999999999999994,4.0
belebele_pbt_Arab,50,belebele,benchmark,4,0.008643320996037047,0.0150932593109242,0.39999999999999997,4.0
belebele_pes_Arab,1,belebele,benchmark,3,0.03000416272831309,0.2818417257846467,0.5,4.0
belebele_pes_Arab,2,belebele,benchmark,4,0.10173097150880293,0.9054233659824205,1.0,4.0
belebele_pes_Arab,8,belebele,benchmark,4,0.01800158664109328,0.263426344203637,0.39999999999999997,4.0
belebele_pes_Arab,15,belebele,benchmark,4,0.023958749818306736,0.23180409181124406,0.632455532033676,4.0
belebele_pes_Arab,30,belebele,benchmark,5,0.020448542390186855,0.2152669688390556,0.3,4.0
belebele_pes_Arab,50,belebele,benchmark,4,0.012035288661381762,0.2274111457022917,0.39999999999999997,4.0
belebele_plt_Latn,1,belebele,benchmark,3,0.10403700303442162,0.6385000046332412,0.5,4.0
belebele_plt_Latn,2,belebele,benchmark,4,0.0026076180545451452,0.0013458034983091505,0.19999999999999998,4.0
belebele_plt_Latn,8,belebele,benchmark,4,0.005209847052096982,0.028758691091682276,0.0,4.0
belebele_plt_Latn,15,belebele,benchmark,4,-0.005062284721363493,0.045236072349233436,-0.316227766016838,4.0
belebele_plt_Latn,30,belebele,benchmark,5,-0.005780194188178822,0.22930579202853962,-0.49999999999999994,4.0
belebele_plt_Latn,50,belebele,benchmark,4,0.01731268497752072,0.5769650141356237,0.7999999999999999,4.0
belebele_pol_Latn,1,belebele,benchmark,3,0.04640472597363499,0.7803333326079709,1.0,4.0
belebele_pol_Latn,2,belebele,benchmark,4,0.062044631562129464,0.6314383554368412,0.7999999999999999,4.0
belebele_pol_Latn,8,belebele,benchmark,4,0.03819448462940252,0.702252690955874,0.632455532033676,4.0
belebele_pol_Latn,15,belebele,benchmark,4,0.03837090155171185,0.4212853001573317,0.7999999999999999,4.0
belebele_pol_Latn,30,belebele,benchmark,5,0.021026911387161507,0.14866609831942568,0.6,4.0
belebele_pol_Latn,50,belebele,benchmark,4,-0.008410533410729754,0.03887142132029242,-0.19999999999999998,4.0
belebele_por_Latn,1,belebele,benchmark,3,0.15479337064308366,0.9997278596377763,1.0,4.0
belebele_por_Latn,2,belebele,benchmark,4,0.05554378406524036,0.890621782506363,1.0,4.0
belebele_por_Latn,8,belebele,benchmark,4,0.02723544626887518,0.3824036299752699,0.7999999999999999,4.0
belebele_por_Latn,15,belebele,benchmark,4,0.013642827088581184,0.4135868458414791,0.7999999999999999,4.0
belebele_por_Latn,30,belebele,benchmark,5,0.01944153215077205,0.6287969355866947,0.7,4.0
belebele_por_Latn,50,belebele,benchmark,4,0.033671834025168185,0.5691711834597194,0.7999999999999999,4.0
belebele_ron_Latn,1,belebele,benchmark,3,0.08833327604288152,0.9886163438125655,1.0,4.0
belebele_ron_Latn,2,belebele,benchmark,4,0.00887946993549395,0.014498901904281603,0.19999999999999998,4.0
belebele_ron_Latn,8,belebele,benchmark,4,-0.015449368723305107,0.2774675772483728,-0.39999999999999997,4.0
belebele_ron_Latn,15,belebele,benchmark,4,-0.0408414917582067,0.7520557402910669,-0.7999999999999999,4.0
belebele_ron_Latn,30,belebele,benchmark,5,0.04764494972272474,0.8633444918587223,0.8999999999999998,4.0
belebele_ron_Latn,50,belebele,benchmark,4,-0.011444045131834469,0.032177854404605855,-0.39999999999999997,4.0
belebele_rus_Cyrl,1,belebele,benchmark,3,0.04968590052378293,0.4917373977993482,0.5,4.0
belebele_rus_Cyrl,2,belebele,benchmark,5,0.033017985513369985,0.33275193943832715,0.09999999999999999,4.0
belebele_rus_Cyrl,8,belebele,benchmark,4,-0.015062980919862998,0.5171728364412134,-0.19999999999999998,4.0
belebele_rus_Cyrl,15,belebele,benchmark,4,0.02371558160897958,0.31655648134428116,0.7999999999999999,4.0
belebele_rus_Cyrl,30,belebele,benchmark,5,0.06157011199017467,0.7018929473625608,0.7999999999999999,4.0
belebele_rus_Cyrl,50,belebele,benchmark,4,0.0228865820348772,0.16523908339905558,0.39999999999999997,4.0
belebele_sin_Latn,1,belebele,benchmark,3,0.07397060119444067,0.8995562231721428,1.0,4.0
belebele_sin_Latn,2,belebele,benchmark,4,0.011580824034619313,0.33252670952574526,0.39999999999999997,4.0
belebele_sin_Latn,8,belebele,benchmark,4,-0.00498736707472502,0.17195908222245737,-0.19999999999999998,4.0
belebele_sin_Latn,15,belebele,benchmark,4,0.020434988885579427,0.15854840437529405,0.19999999999999998,4.0
belebele_sin_Latn,30,belebele,benchmark,5,-0.01116950321963917,0.11642816275842438,-0.19999999999999998,4.0
belebele_sin_Latn,50,belebele,benchmark,4,-0.005951822358123435,0.10679656663403025,-0.316227766016838,4.0
belebele_sin_Sinh,1,belebele,benchmark,3,0.022340212975797764,0.5301547665527353,0.5,4.0
belebele_sin_Sinh,2,belebele,benchmark,4,0.03178184121062369,0.24058858252485327,0.19999999999999998,4.0
belebele_sin_Sinh,8,belebele,benchmark,4,0.05197341906258867,0.952424378850943,1.0,4.0
belebele_sin_Sinh,15,belebele,benchmark,4,0.0446240685101435,0.491730925844752,0.39999999999999997,4.0
belebele_sin_Sinh,30,belebele,benchmark,5,0.035988328057181655,0.42191839904313366,0.8720815992723809,4.0
belebele_sin_Sinh,50,belebele,benchmark,4,-0.023036490390115204,0.11423844840083186,-0.39999999999999997,4.0
belebele_slk_Latn,1,belebele,benchmark,3,0.06324121520774788,0.5480671746558146,0.5,4.0
belebele_slk_Latn,2,belebele,benchmark,4,0.025893749825981173,0.3473734905012148,0.316227766016838,4.0
belebele_slk_Latn,8,belebele,benchmark,4,0.019060574868853045,0.720114571084411,0.7999999999999999,4.0
belebele_slk_Latn,15,belebele,benchmark,4,-0.013975645666642396,0.1080291452091875,-0.39999999999999997,4.0
belebele_slk_Latn,30,belebele,benchmark,5,0.009952224971935049,0.6327830456134691,0.7999999999999999,4.0
belebele_slk_Latn,50,belebele,benchmark,4,0.0574428162542697,0.6377587934185748,0.7999999999999999,4.0
belebele_slv_Latn,1,belebele,benchmark,3,0.024222433535977046,0.37205740706295276,0.5,4.0
belebele_slv_Latn,2,belebele,benchmark,4,0.03509738904430207,0.6690834787326956,0.9486832980505139,4.0
belebele_slv_Latn,8,belebele,benchmark,4,0.03229787972774233,0.9980585094721932,1.0,4.0
belebele_slv_Latn,15,belebele,benchmark,4,-0.02134244413412435,0.1458549239071033,-0.39999999999999997,4.0
belebele_slv_Latn,30,belebele,benchmark,5,-0.016238461977401933,0.8162722375047534,-0.7999999999999999,4.0
belebele_slv_Latn,50,belebele,benchmark,4,0.0660955783619628,0.8817585435239078,0.9486832980505139,4.0
belebele_sna_Latn,1,belebele,benchmark,3,0.08990193625123215,0.4975725179447402,0.5,4.0
belebele_sna_Latn,2,belebele,benchmark,4,0.02066828392561656,0.08767624950541575,0.39999999999999997,4.0
belebele_sna_Latn,8,belebele,benchmark,4,-0.022505294481383224,0.8408349123701756,-0.7999999999999999,4.0
belebele_sna_Latn,15,belebele,benchmark,4,-0.01771453695433105,0.15339352821045527,-0.19999999999999998,4.0
belebele_sna_Latn,30,belebele,benchmark,5,0.014094713981792,0.19752567793703124,0.3,4.0
belebele_sna_Latn,50,belebele,benchmark,4,0.004128088562586985,0.01366088919697972,0.39999999999999997,4.0
belebele_snd_Arab,1,belebele,benchmark,3,0.09405490673293622,0.6821100777180598,0.5,4.0
belebele_snd_Arab,2,belebele,benchmark,4,0.01520628932725872,0.2820755597157284,0.39999999999999997,4.0
belebele_snd_Arab,8,belebele,benchmark,4,0.021136450025252575,0.4391206743171654,0.39999999999999997,4.0
belebele_snd_Arab,15,belebele,benchmark,4,0.003400969679676754,0.0076368556910079155,0.10540925533894598,4.0
belebele_snd_Arab,30,belebele,benchmark,5,0.007190602659451571,0.060409877441149895,0.30779350562554625,4.0
belebele_snd_Arab,50,belebele,benchmark,4,0.04214158976056151,0.2578322964954628,0.39999999999999997,4.0
belebele_som_Latn,1,belebele,benchmark,3,0.05388407097752039,0.9300761030792789,1.0,4.0
belebele_som_Latn,2,belebele,benchmark,4,0.03308157143512661,0.9225329100548272,1.0,4.0
belebele_som_Latn,8,belebele,benchmark,4,-0.022464707464002403,0.5042843936366015,-0.632455532033676,4.0
belebele_som_Latn,15,belebele,benchmark,4,-0.009811485907411764,0.07915297587525583,-0.39999999999999997,4.0
belebele_som_Latn,30,belebele,benchmark,5,-0.012528921354101868,0.6546077563141166,-0.7,4.0
belebele_som_Latn,50,belebele,benchmark,4,-0.01360947401875246,0.8764920898868633,-0.9486832980505139,4.0
belebele_sot_Latn,1,belebele,benchmark,3,-0.047027481389480895,0.6820758546158947,-0.5,4.0
belebele_sot_Latn,2,belebele,benchmark,4,0.033725616275050156,0.5696835526822427,0.632455532033676,4.0
belebele_sot_Latn,8,belebele,benchmark,4,-0.02800907361547572,0.6881529081587676,-0.7999999999999999,4.0
belebele_sot_Latn,15,belebele,benchmark,4,-0.00221864658492279,0.004417026371195232,0.39999999999999997,4.0
belebele_sot_Latn,30,belebele,benchmark,5,-0.00926793526880213,0.05756813346274259,-0.3,4.0
belebele_sot_Latn,50,belebele,benchmark,4,0.0038487530492424833,0.00856329830530067,0.19999999999999998,4.0
belebele_spa_Latn,1,belebele,benchmark,3,0.0955924613969593,0.9601065008774563,1.0,4.0
belebele_spa_Latn,2,belebele,benchmark,4,0.03651136318412946,0.9935973848717444,1.0,4.0
belebele_spa_Latn,8,belebele,benchmark,4,0.024905552083215016,0.7088951717214134,0.7999999999999999,4.0
belebele_spa_Latn,15,belebele,benchmark,4,0.03854694896609618,0.6116205221464681,0.6000000000000001,4.0
belebele_spa_Latn,30,belebele,benchmark,5,0.03028221053055636,0.9397760803148788,0.9999999999999999,4.0
belebele_spa_Latn,50,belebele,benchmark,4,0.018537426061803693,0.36284381771649654,0.39999999999999997,4.0
belebele_srp_Cyrl,1,belebele,benchmark,3,0.04589471914690832,0.08287492121675166,0.5,4.0
belebele_srp_Cyrl,2,belebele,benchmark,4,-0.013794480482558413,0.2317919546115207,-0.19999999999999998,4.0
belebele_srp_Cyrl,8,belebele,benchmark,4,-0.0008376813921008952,0.03288501183814052,-0.316227766016838,4.0
belebele_srp_Cyrl,15,belebele,benchmark,4,-0.022005367247850103,0.3418022842742059,-0.39999999999999997,4.0
belebele_srp_Cyrl,30,belebele,benchmark,5,0.011015004370008125,0.19908420095005375,0.46169025843831935,4.0
belebele_srp_Cyrl,50,belebele,benchmark,4,-0.053371010314820284,0.7316776373008922,-1.0,4.0
belebele_sun_Latn,1,belebele,benchmark,3,0.034295733884071644,0.9370970055496631,1.0,4.0
belebele_sun_Latn,2,belebele,benchmark,4,0.026896100823160064,0.1666539033909602,0.19999999999999998,4.0
belebele_sun_Latn,8,belebele,benchmark,4,-0.00637746471473191,0.06732715957902435,-0.39999999999999997,4.0
belebele_sun_Latn,15,belebele,benchmark,4,-0.011688042095629668,0.061160358922009994,-0.39999999999999997,4.0
belebele_sun_Latn,30,belebele,benchmark,5,-0.006405074829666405,0.04015898500423187,-0.39999999999999997,4.0
belebele_sun_Latn,50,belebele,benchmark,4,0.006049679464777321,0.04390556151479619,0.0,4.0
belebele_swe_Latn,1,belebele,benchmark,3,0.00747934500388543,0.36588376416416235,0.5,4.0
belebele_swe_Latn,2,belebele,benchmark,4,0.015726699928172286,0.045691306402433685,0.0,4.0
belebele_swe_Latn,8,belebele,benchmark,4,-0.006646925851679557,0.023202116639830406,-0.19999999999999998,4.0
belebele_swe_Latn,15,belebele,benchmark,4,-0.009058329367726473,0.011488597689627955,0.19999999999999998,4.0
belebele_swe_Latn,30,belebele,benchmark,5,0.012327103779245636,0.1306425023068365,0.09999999999999999,4.0
belebele_swe_Latn,50,belebele,benchmark,4,0.0031116297005942817,0.006359965806400414,0.19999999999999998,4.0
belebele_swh_Latn,1,belebele,benchmark,3,0.04696518623178735,0.7594458069231993,0.8660254037844387,4.0
belebele_swh_Latn,2,belebele,benchmark,4,0.016601341144835836,0.5866984620408409,0.632455532033676,4.0
belebele_swh_Latn,8,belebele,benchmark,4,-0.04465654692815124,0.7617214244882358,-0.7999999999999999,4.0
belebele_swh_Latn,15,belebele,benchmark,4,-0.010095014298306641,0.017030725142571312,-0.19999999999999998,4.0
belebele_swh_Latn,30,belebele,benchmark,5,0.00878436643341914,0.11484469732958469,0.49999999999999994,4.0
belebele_swh_Latn,50,belebele,benchmark,4,0.04445323083286147,0.6150366353171783,0.7999999999999999,4.0
belebele_tam_Taml,1,belebele,benchmark,3,-0.029134535429156384,0.4606975427634873,-0.5,4.0
belebele_tam_Taml,2,belebele,benchmark,4,-0.0008697226962268138,0.00018306164739745334,0.316227766016838,4.0
belebele_tam_Taml,8,belebele,benchmark,4,0.004919189171521258,0.016094938375686763,0.19999999999999998,4.0
belebele_tam_Taml,15,belebele,benchmark,4,0.05921740510046861,0.6298101658761317,0.7999999999999999,4.0
belebele_tam_Taml,30,belebele,benchmark,5,0.002000686919671062,0.0008665424180299697,0.09999999999999999,4.0
belebele_tam_Taml,50,belebele,benchmark,4,-0.03474939430390062,0.22641418686560055,-0.39999999999999997,4.0
belebele_tel_Telu,1,belebele,benchmark,3,0.13179932473012537,0.7404336917146568,0.8660254037844387,4.0
belebele_tel_Telu,2,belebele,benchmark,4,-0.05610615626468787,0.5561917340408897,-0.39999999999999997,4.0
belebele_tel_Telu,8,belebele,benchmark,4,0.031149222581581842,0.4859252606519675,0.7999999999999999,4.0
belebele_tel_Telu,15,belebele,benchmark,4,0.05654956333428652,0.4173259358469604,0.19999999999999998,4.0
belebele_tel_Telu,30,belebele,benchmark,5,-0.012333916201608154,0.08458822005708122,-0.49999999999999994,4.0
belebele_tel_Telu,50,belebele,benchmark,4,-0.023306404796242932,0.06988836271612697,-0.39999999999999997,4.0
belebele_tgk_Cyrl,1,belebele,benchmark,3,0.017988543317757847,0.058545149793075235,0.5,4.0
belebele_tgk_Cyrl,2,belebele,benchmark,4,-0.032470117754563536,0.4470617770654144,-0.39999999999999997,4.0
belebele_tgk_Cyrl,8,belebele,benchmark,4,-0.006207765689421987,0.010484216173360705,-0.19999999999999998,4.0
belebele_tgk_Cyrl,15,belebele,benchmark,4,-0.0006100431106737362,0.00034866650457532344,0.0,4.0
belebele_tgk_Cyrl,30,belebele,benchmark,5,0.015054227088307202,0.1475358657194843,0.6,4.0
belebele_tgk_Cyrl,50,belebele,benchmark,4,-0.023517626795835685,0.3778627970344163,-0.19999999999999998,4.0
belebele_tgl_Latn,1,belebele,benchmark,3,0.09108509587920469,0.9646503880891886,1.0,4.0
belebele_tgl_Latn,2,belebele,benchmark,4,0.04652683127074323,0.3208194988596391,0.39999999999999997,4.0
belebele_tgl_Latn,8,belebele,benchmark,4,-0.009266470815540263,0.2572611620809342,-0.39999999999999997,4.0
belebele_tgl_Latn,15,belebele,benchmark,4,0.03239761995341574,0.17726443245950962,0.39999999999999997,4.0
belebele_tgl_Latn,30,belebele,benchmark,5,0.014617678445001545,0.1281280561517396,0.0,4.0
belebele_tgl_Latn,50,belebele,benchmark,4,0.02119986058113854,0.4993099155212515,0.7999999999999999,4.0
belebele_tha_Thai,1,belebele,benchmark,3,0.012484847599085842,0.31760046390709384,0.5,4.0
belebele_tha_Thai,2,belebele,benchmark,4,0.05581431143585325,0.4451547597052067,0.39999999999999997,4.0
belebele_tha_Thai,8,belebele,benchmark,4,-0.041039460286625425,0.342281161476219,-0.39999999999999997,4.0
belebele_tha_Thai,15,belebele,benchmark,4,-0.0051109771418626285,0.03325028129525831,-0.19999999999999998,4.0
belebele_tha_Thai,30,belebele,benchmark,5,0.034348014787790294,0.47439621518920205,0.49999999999999994,4.0
belebele_tha_Thai,50,belebele,benchmark,4,0.031061016952090875,0.6613655143802343,0.7999999999999999,4.0
belebele_tir_Ethi,1,belebele,benchmark,3,0.01526782902576216,0.09169115820229123,0.5,4.0
belebele_tir_Ethi,2,belebele,benchmark,4,0.02935207707735153,0.2654381526956847,0.316227766016838,4.0
belebele_tir_Ethi,8,belebele,benchmark,4,0.003573892128739198,0.010499270893632895,0.10540925533894598,4.0
belebele_tir_Ethi,15,belebele,benchmark,4,-0.007986633849952412,0.2910534503906107,-0.39999999999999997,4.0
belebele_tir_Ethi,30,belebele,benchmark,5,0.008399866011000226,0.021055308823547225,0.19999999999999998,4.0
belebele_tir_Ethi,50,belebele,benchmark,4,-0.03436665020953167,0.24481815161320497,-0.7378647873726218,4.0
belebele_tur_Latn,1,belebele,benchmark,3,-0.004787539600804948,0.1499135069447921,-0.5,4.0
belebele_tur_Latn,2,belebele,benchmark,4,0.018783417223045298,0.11787798450816411,0.39999999999999997,4.0
belebele_tur_Latn,8,belebele,benchmark,4,-0.015483601665499207,0.08640934473461415,-0.39999999999999997,4.0
belebele_tur_Latn,15,belebele,benchmark,4,-0.004095202773140722,0.010089251847584135,-0.10540925533894598,4.0
belebele_tur_Latn,30,belebele,benchmark,5,0.011429920257082893,0.05480538357942666,0.19999999999999998,4.0
belebele_tur_Latn,50,belebele,benchmark,4,0.003391235018250342,0.0059486116216911356,-0.19999999999999998,4.0
belebele_ukr_Cyrl,1,belebele,benchmark,3,0.06946106704428685,0.5594177567403346,0.5,4.0
belebele_ukr_Cyrl,2,belebele,benchmark,4,0.03720972580347834,0.6498434100834549,0.7999999999999999,4.0
belebele_ukr_Cyrl,8,belebele,benchmark,4,-0.007024326197909471,0.11126445590556122,-0.21081851067789195,4.0
belebele_ukr_Cyrl,15,belebele,benchmark,4,0.011996962180706398,0.04331760173305632,0.39999999999999997,4.0
belebele_ukr_Cyrl,30,belebele,benchmark,5,0.011713088392769576,0.07820878485604876,0.49999999999999994,4.0
belebele_ukr_Cyrl,50,belebele,benchmark,4,-0.023304404640755085,0.30651130375518965,-0.39999999999999997,4.0
belebele_urd_Arab,1,belebele,benchmark,3,0.04743444244333069,0.32107780435128563,0.5,4.0
belebele_urd_Arab,2,belebele,benchmark,4,0.054675586928348834,0.36484038613218117,0.7999999999999999,4.0
belebele_urd_Arab,8,belebele,benchmark,4,0.006386517949103451,0.10193172128725747,0.21081851067789195,4.0
belebele_urd_Arab,15,belebele,benchmark,4,0.014736213693081247,0.04636593111626841,0.19999999999999998,4.0
belebele_urd_Arab,30,belebele,benchmark,5,0.008514374527150703,0.08429081420784734,0.19999999999999998,4.0
belebele_urd_Arab,50,belebele,benchmark,4,0.005378857880772205,0.005015524762167267,0.21081851067789195,4.0
belebele_urd_Latn,1,belebele,benchmark,3,0.07337678269052289,0.8635084512825648,1.0,4.0
belebele_urd_Latn,2,belebele,benchmark,4,0.012791164987301706,0.09719461853325706,0.632455532033676,4.0
belebele_urd_Latn,8,belebele,benchmark,4,-0.015686853340424363,0.5963570468321261,-0.39999999999999997,4.0
belebele_urd_Latn,15,belebele,benchmark,4,-0.013395172418259186,0.28476603641120435,-0.6000000000000001,4.0
belebele_urd_Latn,30,belebele,benchmark,5,-0.025716602955877906,0.28748789262935703,-0.3,4.0
belebele_urd_Latn,50,belebele,benchmark,4,0.003417571553467512,0.07106053550642899,0.39999999999999997,4.0
belebele_uzn_Latn,1,belebele,benchmark,3,-0.03176182099611791,0.7985844271983258,-1.0,4.0
belebele_uzn_Latn,2,belebele,benchmark,4,0.011842833940588809,0.023975934854366554,0.39999999999999997,4.0
belebele_uzn_Latn,8,belebele,benchmark,4,0.005135540738739037,0.06699952010213717,0.6000000000000001,4.0
belebele_uzn_Latn,15,belebele,benchmark,4,-0.02579845424291063,0.4499100550447731,-0.39999999999999997,4.0
belebele_uzn_Latn,30,belebele,benchmark,5,0.013183096147907171,0.15971090426080314,0.49999999999999994,4.0
belebele_uzn_Latn,50,belebele,benchmark,4,-0.022298837199114956,0.29617072547191614,-0.39999999999999997,4.0
belebele_vie_Latn,1,belebele,benchmark,3,0.12562992632501188,0.9417609434599643,1.0,4.0
belebele_vie_Latn,2,belebele,benchmark,4,0.08489026675494396,0.9753769643623915,1.0,4.0
belebele_vie_Latn,8,belebele,benchmark,4,0.0059061568610693175,0.007783065405688294,0.19999999999999998,4.0
belebele_vie_Latn,15,belebele,benchmark,4,0.0030367597239455723,0.0049609732952276,0.39999999999999997,4.0
belebele_vie_Latn,30,belebele,benchmark,5,0.002721320690323492,0.005407040509069261,0.09999999999999999,4.0
belebele_vie_Latn,50,belebele,benchmark,4,0.0021895824663439012,0.002102198943347955,0.19999999999999998,4.0
belebele_xho_Latn,1,belebele,benchmark,3,0.10739228644551836,0.740433691714655,0.8660254037844387,4.0
belebele_xho_Latn,2,belebele,benchmark,4,0.012967050334058464,0.08164709210904286,0.39999999999999997,4.0
belebele_xho_Latn,8,belebele,benchmark,4,0.016780392726928117,0.5764163696202055,0.7999999999999999,4.0
belebele_xho_Latn,15,belebele,benchmark,4,0.021111738135910982,0.321035284090169,0.316227766016838,4.0
belebele_xho_Latn,30,belebele,benchmark,5,-0.001312295895675999,0.001131488604306563,0.3,4.0
belebele_xho_Latn,50,belebele,benchmark,4,0.03374106081556976,0.6425193470037089,0.7999999999999999,4.0
belebele_yor_Latn,1,belebele,benchmark,3,0.09383916841696578,0.8173813021045594,1.0,4.0
belebele_yor_Latn,2,belebele,benchmark,4,0.03056143036503755,0.41812062143991524,0.39999999999999997,4.0
belebele_yor_Latn,8,belebele,benchmark,4,0.0023093154184595207,0.017989685574786973,-0.19999999999999998,4.0
belebele_yor_Latn,15,belebele,benchmark,4,0.010094676603353964,0.19430598041795355,0.39999999999999997,4.0
belebele_yor_Latn,30,belebele,benchmark,5,-0.010028047197679947,0.12412927424505227,-0.3,4.0
belebele_yor_Latn,50,belebele,benchmark,4,-0.01015051102580237,0.6927975502075874,-0.7999999999999999,4.0
belebele_zho_Hans,1,belebele,benchmark,3,0.09899817021646865,0.6859003787296541,0.5,4.0
belebele_zho_Hans,2,belebele,benchmark,4,0.07590533036094468,0.9397687121961337,1.0,4.0
belebele_zho_Hans,8,belebele,benchmark,4,-0.02791892673157161,0.4972593466664815,-0.7999999999999999,4.0
belebele_zho_Hans,15,belebele,benchmark,4,0.035096655621197105,0.3413831452063584,0.6000000000000001,4.0
belebele_zho_Hans,30,belebele,benchmark,5,0.05232188630801414,0.9524970786092634,0.9999999999999999,4.0
belebele_zho_Hans,50,belebele,benchmark,4,-0.009473130530747768,0.08492962334890697,-0.39999999999999997,4.0
belebele_zho_Hant,1,belebele,benchmark,3,0.1679321072253558,0.8134584211596225,1.0,4.0
belebele_zho_Hant,2,belebele,benchmark,4,0.09275348998420638,0.769292667780972,0.7999999999999999,4.0
belebele_zho_Hant,8,belebele,benchmark,4,-0.01593257920609746,0.2831781499428986,-0.39999999999999997,4.0
belebele_zho_Hant,15,belebele,benchmark,4,0.04547428694741916,0.5269606112082648,0.6000000000000001,4.0
belebele_zho_Hant,30,belebele,benchmark,5,0.042260238034719365,0.7566108267081761,0.7999999999999999,4.0
belebele_zho_Hant,50,belebele,benchmark,4,0.011041870177941804,0.10025692895017602,0.632455532033676,4.0
belebele_zsm_Latn,1,belebele,benchmark,3,0.08126092011585885,0.9554511283030319,1.0,4.0
belebele_zsm_Latn,2,belebele,benchmark,4,0.029022614475958247,0.20736140797891234,0.39999999999999997,4.0
belebele_zsm_Latn,8,belebele,benchmark,4,-0.009585142446962036,0.049494559923202286,-0.19999999999999998,4.0
belebele_zsm_Latn,15,belebele,benchmark,4,0.011457808363071986,0.015553503279809311,0.39999999999999997,4.0
belebele_zsm_Latn,30,belebele,benchmark,5,0.007839688743242127,0.06136159596049506,0.19999999999999998,4.0
belebele_zsm_Latn,50,belebele,benchmark,4,0.002114876487709965,0.0023712731356518857,0.39999999999999997,4.0
belebele_zul_Latn,1,belebele,benchmark,3,0.029070043616050655,0.3791973967814367,0.5,4.0
belebele_zul_Latn,2,belebele,benchmark,4,0.03588732939751708,0.7180303632694113,0.7999999999999999,4.0
belebele_zul_Latn,8,belebele,benchmark,4,0.02029800254754387,0.23328919776432433,0.7999999999999999,4.0
belebele_zul_Latn,15,belebele,benchmark,4,0.04484916985278693,0.5304301620226635,0.7999999999999999,4.0
belebele_zul_Latn,30,belebele,benchmark,5,0.013080507496846569,0.09478811739647275,0.3,4.0
belebele_zul_Latn,50,belebele,benchmark,4,-0.013931353022637349,0.22670858517192127,-0.6000000000000001,4.0
bpb_afr_Latn,1,bpb,bpb,5,-0.7703777322040476,0.9799811789985156,-0.9999999999999999,
bpb_afr_Latn,2,bpb,bpb,5,-0.7900931724003115,0.9714260777667483,-0.9999999999999999,
bpb_afr_Latn,8,bpb,bpb,5,-0.8430190158283456,0.9795403342262231,-0.9999999999999999,
bpb_afr_Latn,15,bpb,bpb,4,-0.787302693225757,0.9913365213032823,-1.0,
bpb_afr_Latn,30,bpb,bpb,5,-0.7752950596630767,0.9955424883268869,-0.9999999999999999,
bpb_afr_Latn,50,bpb,bpb,4,-0.7667489224986137,0.98888803909412,-1.0,
bpb_als_Latn,1,bpb,bpb,5,-0.6049332235605764,0.9715971208343028,-0.9999999999999999,
bpb_als_Latn,2,bpb,bpb,5,-0.6764607898186625,0.8947341595753617,-0.9999999999999999,
bpb_als_Latn,8,bpb,bpb,5,-0.6997309720540669,0.9216509990066963,-0.9999999999999999,
bpb_als_Latn,15,bpb,bpb,4,-0.7239279153496821,0.9135107553189171,-1.0,
bpb_als_Latn,30,bpb,bpb,5,-0.6097464505316724,0.9732507896530502,-0.9999999999999999,
bpb_als_Latn,50,bpb,bpb,4,-0.7690231774008711,0.9641670111565267,-1.0,
bpb_amh_Ethi,1,bpb,bpb,5,-0.49329082147188386,0.9755599373265363,-0.9999999999999999,
bpb_amh_Ethi,2,bpb,bpb,5,-0.4269024794095396,0.9402256018568886,-0.9999999999999999,
bpb_amh_Ethi,8,bpb,bpb,5,-0.4593081015382461,0.9408601955913484,-0.9999999999999999,
bpb_amh_Ethi,15,bpb,bpb,4,-0.48406128251111213,0.9684904411574491,-1.0,
bpb_amh_Ethi,30,bpb,bpb,5,-0.4280154992369069,0.9852144838264915,-0.9999999999999999,
bpb_amh_Ethi,50,bpb,bpb,4,-0.45432486431634345,0.9528561648898317,-1.0,
bpb_arb_Arab,1,bpb,bpb,5,-0.3999167083957783,0.9483670294833116,-0.9999999999999999,
bpb_arb_Arab,2,bpb,bpb,5,-0.4411678686342245,0.9150879837038671,-0.9999999999999999,
bpb_arb_Arab,8,bpb,bpb,5,-0.48596654561128577,0.9451297352416668,-0.9999999999999999,
bpb_arb_Arab,15,bpb,bpb,4,-0.3648077566561662,0.9651058045918709,-1.0,
bpb_arb_Arab,30,bpb,bpb,5,-0.322770063927592,0.9624811475788098,-0.9999999999999999,
bpb_arb_Arab,50,bpb,bpb,4,-0.37003584137648254,0.9602673712594302,-1.0,
bpb_ars_Arab,1,bpb,bpb,5,-0.33161991013514946,0.9218436236272103,-0.9999999999999999,
bpb_ars_Arab,2,bpb,bpb,5,-0.37272263184703947,0.8976764037025193,-0.9999999999999999,
bpb_ars_Arab,8,bpb,bpb,5,-0.40005502433286627,0.9139784071368257,-0.9999999999999999,
bpb_ars_Arab,15,bpb,bpb,4,-0.34989341036737487,0.9845396231520799,-1.0,
bpb_ars_Arab,30,bpb,bpb,5,-0.3230775351077866,0.9858338530277421,-0.9999999999999999,
bpb_ars_Arab,50,bpb,bpb,4,-0.3456976852565933,0.9752022389316399,-1.0,
bpb_ary_Arab,1,bpb,bpb,5,-0.37976648779208827,0.9358680645428992,-0.9999999999999999,
bpb_ary_Arab,2,bpb,bpb,5,-0.42414649406724886,0.9100347059210254,-0.9999999999999999,
bpb_ary_Arab,8,bpb,bpb,5,-0.4683087946167651,0.9359792372574551,-0.9999999999999999,
bpb_ary_Arab,15,bpb,bpb,4,-0.37328932845210105,0.9620996499444531,-1.0,
bpb_ary_Arab,30,bpb,bpb,5,-0.3273073909124175,0.9565951621755029,-0.9999999999999999,
bpb_ary_Arab,50,bpb,bpb,4,-0.37793232382006375,0.9581428069542312,-1.0,
bpb_arz_Arab,1,bpb,bpb,5,-0.3616264425140004,0.9278958441637958,-0.9999999999999999,
bpb_arz_Arab,2,bpb,bpb,5,-0.4054043824081964,0.8962549908211985,-0.9999999999999999,
bpb_arz_Arab,8,bpb,bpb,5,-0.4381177616695696,0.913222566552497,-0.9999999999999999,
bpb_arz_Arab,15,bpb,bpb,4,-0.3615571008884569,0.978556430818539,-1.0,
bpb_arz_Arab,30,bpb,bpb,5,-0.3319537005871397,0.9806122138254483,-0.9999999999999999,
bpb_arz_Arab,50,bpb,bpb,4,-0.3574641732465768,0.9697219758092661,-1.0,
bpb_asm_Beng,1,bpb,bpb,5,-0.2603927833107939,0.8537905122785334,-0.9999999999999999,
bpb_asm_Beng,2,bpb,bpb,5,-0.33116514479503173,0.74519769938541,-0.9999999999999999,
bpb_asm_Beng,8,bpb,bpb,5,-0.33607809641784164,0.7522686658770554,-0.9999999999999999,
bpb_asm_Beng,15,bpb,bpb,4,-0.43014841148850685,0.7549402015823634,-1.0,
bpb_asm_Beng,30,bpb,bpb,5,-0.1681441930562284,0.9576270413803383,-0.9999999999999999,
bpb_asm_Beng,50,bpb,bpb,4,-0.16594145993794202,0.8906913543620688,-1.0,
bpb_azj_Latn,1,bpb,bpb,5,-0.5893030289635539,0.8930050378862036,-0.9999999999999999,
bpb_azj_Latn,2,bpb,bpb,5,-0.7757612817649515,0.9372546458048943,-0.9999999999999999,
bpb_azj_Latn,8,bpb,bpb,5,-0.8525095792357075,0.9083451878158024,-0.9999999999999999,
bpb_azj_Latn,15,bpb,bpb,4,-0.9009822267924312,0.9317581622293192,-1.0,
bpb_azj_Latn,30,bpb,bpb,5,-0.8582824603522189,0.9618637691586067,-0.9999999999999999,
bpb_azj_Latn,50,bpb,bpb,4,-0.6107915705588903,0.9635404243525469,-1.0,
bpb_bel_Cyrl,1,bpb,bpb,5,-0.47997177788347845,0.8772917451242019,-0.9999999999999999,
bpb_bel_Cyrl,2,bpb,bpb,5,-0.7246951952321599,0.9621891801767131,-0.9999999999999999,
bpb_bel_Cyrl,8,bpb,bpb,5,-0.6297723477154862,0.9820805360125222,-0.9999999999999999,
bpb_bel_Cyrl,15,bpb,bpb,4,-0.6055895618769129,0.9867227164827819,-1.0,
bpb_bel_Cyrl,30,bpb,bpb,5,-0.6103459883085659,0.9953928242965546,-0.9999999999999999,
bpb_bel_Cyrl,50,bpb,bpb,4,-0.5751371209599885,0.9897621809153054,-1.0,
bpb_ben_Beng,1,bpb,bpb,5,-0.30973274366917125,0.8839759347319568,-0.9999999999999999,
bpb_ben_Beng,2,bpb,bpb,5,-0.3903724617708984,0.7763775320260834,-0.9999999999999999,
bpb_ben_Beng,8,bpb,bpb,5,-0.41734563444248296,0.8372673594235799,-0.9999999999999999,
bpb_ben_Beng,15,bpb,bpb,4,-0.5009188394194426,0.8714972149507545,-1.0,
bpb_ben_Beng,30,bpb,bpb,5,-0.22450195766668096,0.966845020536661,-0.9999999999999999,
bpb_ben_Beng,50,bpb,bpb,4,-0.2520814561262505,0.9661592910214715,-1.0,
bpb_bew_Latn,1,bpb,bpb,5,-0.5697632746050479,0.965018852233049,-0.9999999999999999,
bpb_bew_Latn,2,bpb,bpb,5,-0.592703670362047,0.9513039857263446,-0.9999999999999999,
bpb_bew_Latn,8,bpb,bpb,5,-0.61162040784345,0.9601781316847877,-0.9999999999999999,
bpb_bew_Latn,15,bpb,bpb,4,-0.5336455234645058,0.9699427111746443,-1.0,
bpb_bew_Latn,30,bpb,bpb,5,-0.5007209706186214,0.9823062729272796,-0.9999999999999999,
bpb_bew_Latn,50,bpb,bpb,4,-0.5491210581455874,0.9710884550569541,-1.0,
bpb_bod_Tibt,1,bpb,bpb,5,-0.33706347100964346,0.889160625940677,-0.9999999999999999,
bpb_bod_Tibt,2,bpb,bpb,5,-0.42687440591853876,0.854074619876796,-0.8999999999999998,
bpb_bod_Tibt,8,bpb,bpb,5,-0.5268074251233815,0.7983114542636575,-0.8999999999999998,
bpb_bod_Tibt,15,bpb,bpb,4,-0.4810355426947814,0.9169546506555493,-0.7999999999999999,
bpb_bod_Tibt,30,bpb,bpb,5,-0.3775420553333622,0.9068132614836335,-0.9999999999999999,
bpb_bod_Tibt,50,bpb,bpb,4,-0.491058096874615,0.9312589573180003,-1.0,
bpb_bos_Latn,1,bpb,bpb,5,-0.7613885892783621,0.9783758870864607,-0.9999999999999999,
bpb_bos_Latn,2,bpb,bpb,5,-0.9020635003752511,0.9776229851161486,-0.9999999999999999,
bpb_bos_Latn,8,bpb,bpb,5,-0.8694741295187324,0.9794246080009933,-0.9999999999999999,
bpb_bos_Latn,15,bpb,bpb,4,-0.8736776743338341,0.9844851282351511,-1.0,
bpb_bos_Latn,30,bpb,bpb,5,-0.8810727106167665,0.9932529792755501,-0.9999999999999999,
bpb_bos_Latn,50,bpb,bpb,4,-0.6909076310065206,0.9523573798580015,-1.0,
bpb_bul_Cyrl,1,bpb,bpb,5,-0.4430764576780393,0.9410693522897456,-0.9999999999999999,
bpb_bul_Cyrl,2,bpb,bpb,5,-0.5640612745469616,0.9676148847755125,-0.9999999999999999,
bpb_bul_Cyrl,8,bpb,bpb,5,-0.5206758410218519,0.9903199878433077,-0.9999999999999999,
bpb_bul_Cyrl,15,bpb,bpb,4,-0.4792368923700407,0.9852659388431699,-1.0,
bpb_bul_Cyrl,30,bpb,bpb,5,-0.30435516945668073,0.9433301037335236,-0.9999999999999999,
bpb_bul_Cyrl,50,bpb,bpb,4,-0.35871828686702883,0.9496127043072063,-1.0,
bpb_cat_Latn,1,bpb,bpb,5,-0.7864797809255067,0.9753989846346626,-0.9999999999999999,
bpb_cat_Latn,2,bpb,bpb,5,-0.8456719790561873,0.9736977658144635,-0.9999999999999999,
bpb_cat_Latn,8,bpb,bpb,5,-0.8939262611295333,0.9884076078614493,-0.9999999999999999,
bpb_cat_Latn,15,bpb,bpb,4,-0.8916503734022413,0.9885432042104529,-1.0,
bpb_cat_Latn,30,bpb,bpb,5,-0.8558834336777745,0.9946332848995049,-0.9999999999999999,
bpb_cat_Latn,50,bpb,bpb,4,-0.5800194854997544,0.946339735822673,-1.0,
bpb_ces_Latn,1,bpb,bpb,5,-0.7695946519120437,0.9592677238079969,-0.9999999999999999,
bpb_ces_Latn,2,bpb,bpb,5,-0.9594038708164733,0.9511439252367074,-0.9999999999999999,
bpb_ces_Latn,8,bpb,bpb,5,-0.9362300311188545,0.9627372609886009,-0.9999999999999999,
bpb_ces_Latn,15,bpb,bpb,4,-1.0195866596070575,0.9669824778073179,-1.0,
bpb_ces_Latn,30,bpb,bpb,5,-0.49051281473986846,0.9460826420950107,-0.9999999999999999,
bpb_ces_Latn,50,bpb,bpb,4,-0.5625302811028144,0.9502502639490219,-1.0,
bpb_ckb_Arab,1,bpb,bpb,5,-0.3612266841561703,0.8341791737555414,-0.9999999999999999,
bpb_ckb_Arab,2,bpb,bpb,5,-0.5014357877201777,0.8543522416051381,-0.9999999999999999,
bpb_ckb_Arab,8,bpb,bpb,5,-0.4296628128975016,0.74143791974477,-0.9999999999999999,
bpb_ckb_Arab,15,bpb,bpb,4,-0.29311102417776813,0.8917872320908077,-1.0,
bpb_ckb_Arab,30,bpb,bpb,5,-0.21390898344842532,0.8722746138310421,-0.9999999999999999,
bpb_ckb_Arab,50,bpb,bpb,4,-0.3584984731124405,0.9139069293345261,-1.0,
bpb_cmn_Hani,1,bpb,bpb,5,-0.6328195988786431,0.9366645008588822,-0.9999999999999999,
bpb_cmn_Hani,2,bpb,bpb,5,-0.6778363076828195,0.9316212273546791,-0.9999999999999999,
bpb_cmn_Hani,8,bpb,bpb,5,-0.44778112102463397,0.9449892368460158,-0.9999999999999999,
bpb_cmn_Hani,15,bpb,bpb,4,-0.4979391702088815,0.9605587527013165,-1.0,
bpb_cmn_Hani,30,bpb,bpb,5,-0.4356116933932738,0.9532892453523774,-0.9999999999999999,
bpb_cmn_Hani,50,bpb,bpb,4,-0.5031795128132884,0.9561105143251449,-1.0,
bpb_cym_Latn,1,bpb,bpb,5,-0.7892504744929971,0.989902293563178,-0.9999999999999999,
bpb_cym_Latn,2,bpb,bpb,5,-0.7196315486409091,0.9727619014778565,-0.9999999999999999,
bpb_cym_Latn,8,bpb,bpb,5,-0.7108915650068627,0.9834198550370945,-0.9999999999999999,
bpb_cym_Latn,15,bpb,bpb,4,-0.6879906604720798,0.9814083499977687,-1.0,
bpb_cym_Latn,30,bpb,bpb,5,-0.6751426438205624,0.9922693604798862,-0.9999999999999999,
bpb_cym_Latn,50,bpb,bpb,4,-0.6568960974471452,0.9846747710469301,-1.0,
bpb_dan_Latn,1,bpb,bpb,5,-0.7890489079313333,0.9811026627955389,-0.9999999999999999,
bpb_dan_Latn,2,bpb,bpb,5,-0.8340408677679111,0.9785526492833694,-0.9999999999999999,
bpb_dan_Latn,8,bpb,bpb,5,-0.8751925687052751,0.9869924393236446,-0.9999999999999999,
bpb_dan_Latn,15,bpb,bpb,4,-0.8779496645247729,0.9888119475277594,-1.0,
bpb_dan_Latn,30,bpb,bpb,5,-0.5285238669545758,0.9573860945251875,-0.9999999999999999,
bpb_dan_Latn,50,bpb,bpb,4,-0.6088240287340475,0.9564328089251697,-1.0,
bpb_dclm,1,bpb,bpb,5,-0.24257044514252843,0.9451063775593042,-0.9999999999999999,
bpb_dclm,2,bpb,bpb,5,-0.27538541105278136,0.9378115017963025,-0.9999999999999999,
bpb_dclm,8,bpb,bpb,5,-0.26858156338270833,0.9506681329402136,-0.9999999999999999,
bpb_dclm,15,bpb,bpb,4,-0.2932449932970269,0.9612900107320574,-1.0,
bpb_dclm,30,bpb,bpb,5,-0.25449482108829286,0.9590308571568213,-0.9999999999999999,
bpb_dclm,50,bpb,bpb,4,-0.28940529889480626,0.9602451638573887,-1.0,
bpb_deu_Latn,1,bpb,bpb,5,-0.6420983522018765,0.9588437986000046,-0.9999999999999999,
bpb_deu_Latn,2,bpb,bpb,5,-0.7005375459792267,0.9556400412738113,-0.9999999999999999,
bpb_deu_Latn,8,bpb,bpb,5,-0.37417414171595453,0.94333733291774,-0.9999999999999999,
bpb_deu_Latn,15,bpb,bpb,4,-0.42198064237090127,0.9572251798816463,-1.0,
bpb_deu_Latn,30,bpb,bpb,5,-0.37083425548367194,0.9514041013628924,-0.9999999999999999,
bpb_deu_Latn,50,bpb,bpb,4,-0.4305858028862122,0.9552525467007291,-1.0,
bpb_div_Thaa,1,bpb,bpb,5,-1.7025540982692686,0.16889441045577958,-0.49999999999999994,
bpb_div_Thaa,2,bpb,bpb,5,-0.7676540676320631,0.7775222094631501,-0.8999999999999998,
bpb_div_Thaa,8,bpb,bpb,5,0.9495138468971469,0.08892819308261335,0.09999999999999999,
bpb_div_Thaa,15,bpb,bpb,4,-0.9419150350045608,0.8774474815969852,-0.7999999999999999,
bpb_div_Thaa,30,bpb,bpb,5,-0.7930587570511676,0.5180896699002656,-0.6,
bpb_div_Thaa,50,bpb,bpb,4,-0.8099455012782264,0.4206200064147215,-0.7999999999999999,
bpb_ekk_Latn,1,bpb,bpb,5,-0.7213941557858515,0.958879322879515,-0.9999999999999999,
bpb_ekk_Latn,2,bpb,bpb,5,-0.8284300140081486,0.9473986020622124,-0.9999999999999999,
bpb_ekk_Latn,8,bpb,bpb,5,-0.816979760680556,0.9555861736288387,-0.9999999999999999,
bpb_ekk_Latn,15,bpb,bpb,4,-0.7811162670365299,0.9730053983986464,-1.0,
bpb_ekk_Latn,30,bpb,bpb,5,-0.7368589005390801,0.9888696112408645,-0.9999999999999999,
bpb_ekk_Latn,50,bpb,bpb,4,-0.8056074174399797,0.9689140794728792,-1.0,
bpb_ell_Grek,1,bpb,bpb,5,-0.41816817785143295,0.9462783678700294,-0.9999999999999999,
bpb_ell_Grek,2,bpb,bpb,5,-0.4595910710003852,0.91799150493497,-0.9999999999999999,
bpb_ell_Grek,8,bpb,bpb,5,-0.5075306427136154,0.9437791250766034,-0.9999999999999999,
bpb_ell_Grek,15,bpb,bpb,4,-0.5270508116187123,0.9423492190928617,-1.0,
bpb_ell_Grek,30,bpb,bpb,5,-0.26281773522869645,0.952420262873825,-0.9999999999999999,
bpb_ell_Grek,50,bpb,bpb,4,-0.301196102414452,0.9540751356323987,-1.0,
bpb_epo_Latn,1,bpb,bpb,5,-0.7457985147413487,0.9745349075443701,-0.9999999999999999,
bpb_epo_Latn,2,bpb,bpb,5,-0.813320867668738,0.9584742398057707,-0.9999999999999999,
bpb_epo_Latn,8,bpb,bpb,5,-0.8300063380394428,0.9733706273526881,-0.9999999999999999,
bpb_epo_Latn,15,bpb,bpb,4,-0.8000216647040741,0.9702623983738632,-1.0,
bpb_epo_Latn,30,bpb,bpb,5,-0.7982716992600942,0.9873268634419046,-0.9999999999999999,
bpb_epo_Latn,50,bpb,bpb,4,-0.763871240451343,0.9836346673065851,-1.0,
bpb_eus_Latn,1,bpb,bpb,5,-0.6386298019077349,0.950181156431286,-0.9999999999999999,
bpb_eus_Latn,2,bpb,bpb,5,-0.681973190450501,0.9034816818192023,-0.9999999999999999,
bpb_eus_Latn,8,bpb,bpb,5,-0.6827885857877387,0.9208467051427948,-0.9999999999999999,
bpb_eus_Latn,15,bpb,bpb,4,-0.7253367181220735,0.931557145053534,-1.0,
bpb_eus_Latn,30,bpb,bpb,5,-0.6186533761331815,0.9611921823652195,-0.9999999999999999,
bpb_eus_Latn,50,bpb,bpb,4,-0.7033708866339993,0.9085151598623649,-1.0,
bpb_fas_Arab,1,bpb,bpb,5,-0.388300892184986,0.9423425737110857,-0.9999999999999999,
bpb_fas_Arab,2,bpb,bpb,5,-0.4291608840838869,0.9235552299133861,-0.9999999999999999,
bpb_fas_Arab,8,bpb,bpb,5,-0.4889081092889469,0.9359981194091628,-0.9999999999999999,
bpb_fas_Arab,15,bpb,bpb,4,-0.32729135630810835,0.9582488274721378,-1.0,
bpb_fas_Arab,30,bpb,bpb,5,-0.2910273106925683,0.9508892675005074,-0.9999999999999999,
bpb_fas_Arab,50,bpb,bpb,4,-0.33352278278868885,0.953965309793598,-1.0,
bpb_fil_Latn,1,bpb,bpb,5,-0.6504447973444837,0.9502400678221472,-0.9999999999999999,
bpb_fil_Latn,2,bpb,bpb,5,-0.6890670118281434,0.9399529660652524,-0.9999999999999999,
bpb_fil_Latn,8,bpb,bpb,5,-0.7260077827179778,0.9548608902850713,-0.9999999999999999,
bpb_fil_Latn,15,bpb,bpb,4,-0.7887417130037552,0.9685308385194927,-1.0,
bpb_fil_Latn,30,bpb,bpb,5,-0.6947722108578713,0.9707998909992962,-0.9999999999999999,
bpb_fil_Latn,50,bpb,bpb,4,-0.7744247859065151,0.9599188865236064,-1.0,
bpb_fin_Latn,1,bpb,bpb,5,-0.7966552728058557,0.9584043466905783,-0.9999999999999999,
bpb_fin_Latn,2,bpb,bpb,5,-0.8570712856126099,0.9488150634315435,-0.9999999999999999,
bpb_fin_Latn,8,bpb,bpb,5,-0.8777291017150411,0.956314295777403,-0.9999999999999999,
bpb_fin_Latn,15,bpb,bpb,4,-0.9202384256445493,0.9819946768529219,-1.0,
bpb_fin_Latn,30,bpb,bpb,5,-0.599149114552549,0.9628504595113582,-0.9999999999999999,
bpb_fin_Latn,50,bpb,bpb,4,-0.6840101448053458,0.9633225912182938,-1.0,
bpb_fra_Latn,1,bpb,bpb,5,-0.569616902407053,0.9371253127743598,-0.9999999999999999,
bpb_fra_Latn,2,bpb,bpb,5,-0.6287249282868217,0.9426891609559006,-0.9999999999999999,
bpb_fra_Latn,8,bpb,bpb,5,-0.30738301960217895,0.9419109107010982,-0.9999999999999999,
bpb_fra_Latn,15,bpb,bpb,4,-0.34686617257633906,0.9549863994868276,-1.0,
bpb_fra_Latn,30,bpb,bpb,5,-0.3038111166412958,0.9500354585303001,-0.9999999999999999,
bpb_fra_Latn,50,bpb,bpb,4,-0.35421022262730484,0.9528556573335948,-1.0,
bpb_gle_Latn,1,bpb,bpb,5,-0.7557210978902509,0.9668969404079173,-0.9999999999999999,
bpb_gle_Latn,2,bpb,bpb,5,-0.7688709523066137,0.9579400765040185,-0.9999999999999999,
bpb_gle_Latn,8,bpb,bpb,5,-0.7933605170118957,0.9684997731220474,-0.9999999999999999,
bpb_gle_Latn,15,bpb,bpb,4,-0.8353009413627616,0.980868225367964,-1.0,
bpb_gle_Latn,30,bpb,bpb,5,-0.754218380325578,0.9852359632010166,-0.9999999999999999,
bpb_gle_Latn,50,bpb,bpb,4,-0.8215263026308247,0.9795980239546874,-1.0,
bpb_glg_Latn,1,bpb,bpb,5,-0.5363882046853983,0.9616487892899769,-0.9999999999999999,
bpb_glg_Latn,2,bpb,bpb,5,-0.6040550652216188,0.9580992353607738,-0.9999999999999999,
bpb_glg_Latn,8,bpb,bpb,5,-0.6000328380687285,0.9658273356795285,-0.9999999999999999,
bpb_glg_Latn,15,bpb,bpb,4,-0.5339991933947159,0.9550676134897527,-1.0,
bpb_glg_Latn,30,bpb,bpb,5,-0.5154852606078169,0.9628584573064174,-0.9999999999999999,
bpb_glg_Latn,50,bpb,bpb,4,-0.5633963678664241,0.964267099767303,-1.0,
bpb_gmh_Latn,1,bpb,bpb,5,-0.4707205680438319,0.9695641793262065,-0.9999999999999999,
bpb_gmh_Latn,2,bpb,bpb,5,-0.5107732315941466,0.9507475630583836,-0.9999999999999999,
bpb_gmh_Latn,8,bpb,bpb,5,-0.4697201859378146,0.9376480515367862,-0.9999999999999999,
bpb_gmh_Latn,15,bpb,bpb,4,-0.5107274287390403,0.956962848465438,-1.0,
bpb_gmh_Latn,30,bpb,bpb,5,-0.4182423972724325,0.9631462810535678,-0.9999999999999999,
bpb_gmh_Latn,50,bpb,bpb,4,-0.4481927485755905,0.9535689472308594,-1.0,
bpb_guj_Gujr,1,bpb,bpb,5,-0.270401956750121,0.9098228387865287,-0.9999999999999999,
bpb_guj_Gujr,2,bpb,bpb,5,-0.40146405405192553,0.6776527521449403,-0.7,
bpb_guj_Gujr,8,bpb,bpb,5,-0.4472556950596777,0.7738765755394205,-0.9999999999999999,
bpb_guj_Gujr,15,bpb,bpb,4,-0.5202332967698564,0.8329411085143671,-1.0,
bpb_guj_Gujr,30,bpb,bpb,5,-0.39016296046642707,0.7813637779019881,-0.8999999999999998,
bpb_guj_Gujr,50,bpb,bpb,4,-0.6181930762354116,0.8030034471486394,-1.0,
bpb_heb_Hebr,1,bpb,bpb,5,-0.32632600771521286,0.9712697077050828,-0.9999999999999999,
bpb_heb_Hebr,2,bpb,bpb,5,-0.38542780913938696,0.9361771225289172,-0.9999999999999999,
bpb_heb_Hebr,8,bpb,bpb,5,-0.39390936208692656,0.9272012753482447,-0.9999999999999999,
bpb_heb_Hebr,15,bpb,bpb,4,-0.44972965465696474,0.9632071675695415,-1.0,
bpb_heb_Hebr,30,bpb,bpb,5,-0.41050010952208044,0.9675649538935971,-0.9999999999999999,
bpb_heb_Hebr,50,bpb,bpb,4,-0.49066552304199096,0.9674127640398383,-1.0,
bpb_hif_Latn,1,bpb,bpb,5,-0.5464665101200141,0.9672828949893449,-0.9999999999999999,
bpb_hif_Latn,2,bpb,bpb,5,-0.5679670103489539,0.9643808895082469,-0.9999999999999999,
bpb_hif_Latn,8,bpb,bpb,5,-0.5813117362530159,0.9652652803244864,-0.9999999999999999,
bpb_hif_Latn,15,bpb,bpb,4,-0.5966565715270744,0.9739833339053987,-1.0,
bpb_hif_Latn,30,bpb,bpb,5,-0.5796773761341066,0.9850105995344239,-0.9999999999999999,
bpb_hif_Latn,50,bpb,bpb,4,-0.5976154686729849,0.9736148417843463,-1.0,
bpb_hin_Deva,1,bpb,bpb,5,-0.25397741458474404,0.9543805610613855,-0.9999999999999999,
bpb_hin_Deva,2,bpb,bpb,5,-0.2658488922417553,0.9297275398151231,-0.9999999999999999,
bpb_hin_Deva,8,bpb,bpb,5,-0.29561839175574617,0.9481918054701186,-0.9999999999999999,
bpb_hin_Deva,15,bpb,bpb,4,-0.3157174558708957,0.9617426441761026,-1.0,
bpb_hin_Deva,30,bpb,bpb,5,-0.2167268550583483,0.9675183722212475,-0.9999999999999999,
bpb_hin_Deva,50,bpb,bpb,4,-0.24774724614189061,0.9668142947468277,-1.0,
bpb_hrv_Latn,1,bpb,bpb,5,-0.7877653246085901,0.9765771312276419,-0.9999999999999999,
bpb_hrv_Latn,2,bpb,bpb,5,-0.9168516123544527,0.976300582204566,-0.9999999999999999,
bpb_hrv_Latn,8,bpb,bpb,5,-0.8857576786221645,0.978644265375304,-0.9999999999999999,
bpb_hrv_Latn,15,bpb,bpb,4,-0.8969917530448982,0.9846780654411492,-1.0,
bpb_hrv_Latn,30,bpb,bpb,5,-0.9066192945335653,0.9935638119741624,-0.9999999999999999,
bpb_hrv_Latn,50,bpb,bpb,4,-0.6956831281209283,0.9526730681552514,-1.0,
bpb_hun_Latn,1,bpb,bpb,5,-0.7350336311660607,0.9515457286271294,-0.9999999999999999,
bpb_hun_Latn,2,bpb,bpb,5,-0.8120097388410014,0.9249702624288039,-0.9999999999999999,
bpb_hun_Latn,8,bpb,bpb,5,-0.8453802346371165,0.9332905157490093,-0.9999999999999999,
bpb_hun_Latn,15,bpb,bpb,4,-0.9283874218662084,0.9556129774338435,-1.0,
bpb_hun_Latn,30,bpb,bpb,5,-0.5151593766824232,0.9622097864536684,-0.9999999999999999,
bpb_hun_Latn,50,bpb,bpb,4,-0.5894299857646998,0.9611554347901428,-1.0,
bpb_hye_Armn,1,bpb,bpb,5,-0.5360731258869168,0.8543238174508702,-0.9999999999999999,
bpb_hye_Armn,2,bpb,bpb,5,-0.5827466103674126,0.8088859523454255,-0.9999999999999999,
bpb_hye_Armn,8,bpb,bpb,5,-0.663779520690426,0.8963935135684233,-0.9999999999999999,
bpb_hye_Armn,15,bpb,bpb,4,-0.7833520755003976,0.8804667643950408,-1.0,
bpb_hye_Armn,30,bpb,bpb,5,-0.6917243620542913,0.8839820172541285,-0.9999999999999999,
bpb_hye_Armn,50,bpb,bpb,4,-0.5860525574636496,0.5971003631802645,-0.7999999999999999,
bpb_ind_Latn,1,bpb,bpb,5,-0.6179396889735483,0.9527162480271808,-0.9999999999999999,
bpb_ind_Latn,2,bpb,bpb,5,-0.6704438782286511,0.9475085937417353,-0.9999999999999999,
bpb_ind_Latn,8,bpb,bpb,5,-0.7006740374116999,0.9575538939333361,-0.9999999999999999,
bpb_ind_Latn,15,bpb,bpb,4,-0.40258987877120866,0.9558610087187918,-1.0,
bpb_ind_Latn,30,bpb,bpb,5,-0.35738950854572715,0.9521109556258318,-0.9999999999999999,
bpb_ind_Latn,50,bpb,bpb,4,-0.4072030187238194,0.9533915873880934,-1.0,
bpb_isl_Latn,1,bpb,bpb,5,-0.6749299938326724,0.9823916272991049,-0.9999999999999999,
bpb_isl_Latn,2,bpb,bpb,5,-0.6809159400361297,0.9596215567649508,-0.9999999999999999,
bpb_isl_Latn,8,bpb,bpb,5,-0.7057673879132116,0.9732611121932623,-0.9999999999999999,
bpb_isl_Latn,15,bpb,bpb,4,-0.6859288939321508,0.970808206458699,-1.0,
bpb_isl_Latn,30,bpb,bpb,5,-0.7044457892172669,0.9869430518537463,-0.9999999999999999,
bpb_isl_Latn,50,bpb,bpb,4,-0.7119679070512039,0.9713216368964571,-1.0,
bpb_ita_Latn,1,bpb,bpb,5,-0.7087824471028287,0.9643003518501644,-0.9999999999999999,
bpb_ita_Latn,2,bpb,bpb,5,-0.7684213647238614,0.9645375595126295,-0.9999999999999999,
bpb_ita_Latn,8,bpb,bpb,5,-0.37169063643822503,0.9414138828113356,-0.9999999999999999,
bpb_ita_Latn,15,bpb,bpb,4,-0.41978105592005316,0.9551673640073324,-1.0,
bpb_ita_Latn,30,bpb,bpb,5,-0.3692206689355514,0.9498005178927232,-0.9999999999999999,
bpb_ita_Latn,50,bpb,bpb,4,-0.4287713299795818,0.9532574943864155,-1.0,
bpb_jpn_Jpan,1,bpb,bpb,5,-0.47893120490130825,0.9314712229800655,-0.9999999999999999,
bpb_jpn_Jpan,2,bpb,bpb,5,-0.5168527557161428,0.9155064573511646,-0.9999999999999999,
bpb_jpn_Jpan,8,bpb,bpb,5,-0.35512989467769374,0.9487110637922168,-0.9999999999999999,
bpb_jpn_Jpan,15,bpb,bpb,4,-0.39353031712357306,0.9618695828448938,-1.0,
bpb_jpn_Jpan,30,bpb,bpb,5,-0.34749283435099815,0.9597873279464959,-0.9999999999999999,
bpb_jpn_Jpan,50,bpb,bpb,4,-0.3979401425405475,0.9590559867502118,-1.0,
bpb_kan_Knda,1,bpb,bpb,5,-0.37413847683673884,0.927755274009401,-0.9999999999999999,
bpb_kan_Knda,2,bpb,bpb,5,-0.5129482403750462,0.8271591227325532,-0.9999999999999999,
bpb_kan_Knda,8,bpb,bpb,5,-0.526240213258253,0.8387380693375079,-0.9999999999999999,
bpb_kan_Knda,15,bpb,bpb,4,-0.5965776789296123,0.919180126749919,-1.0,
bpb_kan_Knda,30,bpb,bpb,5,-0.5215238968662207,0.8806614757033256,-0.9999999999999999,
bpb_kan_Knda,50,bpb,bpb,4,-0.7648198354796856,0.8657407030135051,-1.0,
bpb_kat_Geor,1,bpb,bpb,5,-0.3715799819048683,0.8202454665720803,-0.9999999999999999,
bpb_kat_Geor,2,bpb,bpb,5,-0.44537442564496704,0.8872097996544882,-0.9999999999999999,
bpb_kat_Geor,8,bpb,bpb,5,-0.5255964613119587,0.8511148370731894,-0.9999999999999999,
bpb_kat_Geor,15,bpb,bpb,4,-0.4942684072710076,0.800334531878836,-1.0,
bpb_kat_Geor,30,bpb,bpb,5,-0.5864788536878843,0.9676524987228714,-0.9999999999999999,
bpb_kat_Geor,50,bpb,bpb,4,-0.2714313209439641,0.9744538445609611,-1.0,
bpb_kaz_Cyrl,1,bpb,bpb,5,-0.5040699745285458,0.8238178082300519,-0.9999999999999999,
bpb_kaz_Cyrl,2,bpb,bpb,5,-0.5488568479968711,0.9285665411634181,-0.9999999999999999,
bpb_kaz_Cyrl,8,bpb,bpb,5,-0.6001558102608097,0.8993412084519654,-0.9999999999999999,
bpb_kaz_Cyrl,15,bpb,bpb,4,-0.5964465731923565,0.9375489612512209,-1.0,
bpb_kaz_Cyrl,30,bpb,bpb,5,-0.47337820194331137,0.9561317009140629,-0.9999999999999999,
bpb_kaz_Cyrl,50,bpb,bpb,4,-0.41588027375589265,0.9709708212290513,-1.0,
bpb_khk_Cyrl,1,bpb,bpb,5,-0.5208783471921452,0.8843968479119497,-0.9999999999999999,
bpb_khk_Cyrl,2,bpb,bpb,5,-0.4628157849010004,0.9492607264474195,-0.9999999999999999,
bpb_khk_Cyrl,8,bpb,bpb,5,-0.38909169845245384,0.9523857932558303,-0.9999999999999999,
bpb_khk_Cyrl,15,bpb,bpb,4,-0.4471912913465269,0.8830936964180593,-1.0,
bpb_khk_Cyrl,30,bpb,bpb,5,-0.40239604537711915,0.9547017628056119,-0.9999999999999999,
bpb_khk_Cyrl,50,bpb,bpb,4,-0.4154299056878554,0.935128959403032,-1.0,
bpb_khm_Khmr,1,bpb,bpb,5,-0.5301414715552394,0.9330312223342684,-0.9999999999999999,
bpb_khm_Khmr,2,bpb,bpb,5,-0.5428647226304553,0.9285675928059144,-0.9999999999999999,
bpb_khm_Khmr,8,bpb,bpb,5,-0.5428265460378929,0.9229734162121318,-0.9999999999999999,
bpb_khm_Khmr,15,bpb,bpb,4,-0.5808106980240088,0.9659699547994227,-1.0,
bpb_khm_Khmr,30,bpb,bpb,5,-0.4698563663224504,0.9814046057453716,-0.9999999999999999,
bpb_khm_Khmr,50,bpb,bpb,4,-0.6025484633075144,0.9427603815629434,-1.0,
bpb_kir_Cyrl,1,bpb,bpb,5,-0.3830647941919532,0.8215127463462599,-0.9999999999999999,
bpb_kir_Cyrl,2,bpb,bpb,5,-0.44001933861875575,0.9438610530125998,-0.9999999999999999,
bpb_kir_Cyrl,8,bpb,bpb,5,-0.3779419709334085,0.9617241085806459,-0.9999999999999999,
bpb_kir_Cyrl,15,bpb,bpb,4,-0.3910442542576164,0.9250397732111771,-1.0,
bpb_kir_Cyrl,30,bpb,bpb,5,-0.3465489134266717,0.9760972500575973,-0.9999999999999999,
bpb_kir_Cyrl,50,bpb,bpb,4,-0.306476964194571,0.9822241151913791,-1.0,
bpb_kmr_Latn,1,bpb,bpb,5,-0.41676892002480037,0.8795340468017387,-0.8999999999999998,
bpb_kmr_Latn,2,bpb,bpb,5,-0.5194385305568566,0.8921846551018536,-0.9999999999999999,
bpb_kmr_Latn,8,bpb,bpb,5,-0.48074925051662293,0.8947783081343351,-0.9999999999999999,
bpb_kmr_Latn,15,bpb,bpb,4,-0.5619104146347028,0.9519471003926546,-1.0,
bpb_kmr_Latn,30,bpb,bpb,5,-0.4533021422195055,0.973974255259799,-0.9999999999999999,
bpb_kmr_Latn,50,bpb,bpb,4,-0.5288323354131855,0.9535633693971852,-1.0,
bpb_kor_Hang,1,bpb,bpb,5,-0.5073831677109477,0.9034093433842973,-0.9999999999999999,
bpb_kor_Hang,2,bpb,bpb,5,-0.5876957029690396,0.8818248813228722,-0.9999999999999999,
bpb_kor_Hang,8,bpb,bpb,5,-0.6952326881021553,0.9286545403785597,-0.9999999999999999,
bpb_kor_Hang,15,bpb,bpb,4,-0.7639798610395767,0.947021146933121,-1.0,
bpb_kor_Hang,30,bpb,bpb,5,-0.41682941473179164,0.9566518955826694,-0.9999999999999999,
bpb_kor_Hang,50,bpb,bpb,4,-0.47756297417846666,0.9583956210701886,-1.0,
bpb_lao_Laoo,1,bpb,bpb,5,-0.4797299962794346,0.948116247677795,-0.8999999999999998,
bpb_lao_Laoo,2,bpb,bpb,5,-0.5162200212812718,0.929821445263744,-0.9999999999999999,
bpb_lao_Laoo,8,bpb,bpb,5,-0.5696739166579599,0.8891169367327821,-0.9999999999999999,
bpb_lao_Laoo,15,bpb,bpb,4,-0.48222863182477127,0.9464704047542296,-1.0,
bpb_lao_Laoo,30,bpb,bpb,5,-0.4636230707498075,0.9516227659828747,-0.9999999999999999,
bpb_lao_Laoo,50,bpb,bpb,4,-0.5532320716905041,0.8812563748885697,-1.0,
bpb_lat_Latn,1,bpb,bpb,5,-0.5293302756825191,0.9256280116715602,-0.9999999999999999,
bpb_lat_Latn,2,bpb,bpb,5,-0.5666253647703963,0.9145016875037058,-0.9999999999999999,
bpb_lat_Latn,8,bpb,bpb,5,-0.5956710776832574,0.9283314368705261,-0.9999999999999999,
bpb_lat_Latn,15,bpb,bpb,4,-0.6471131078335418,0.9354806590724333,-1.0,
bpb_lat_Latn,30,bpb,bpb,5,-0.5673099999232875,0.9435605925182664,-0.9999999999999999,
bpb_lat_Latn,50,bpb,bpb,4,-0.6456121037189917,0.9383848361654733,-1.0,
bpb_lit_Latn,1,bpb,bpb,5,-0.7003764091626107,0.9818350800083981,-0.9999999999999999,
bpb_lit_Latn,2,bpb,bpb,5,-0.805020770226081,0.9744032989659368,-0.9999999999999999,
bpb_lit_Latn,8,bpb,bpb,5,-0.7736932471974304,0.9756088728110892,-0.9999999999999999,
bpb_lit_Latn,15,bpb,bpb,4,-0.7941521059248917,0.9869571698726943,-1.0,
bpb_lit_Latn,30,bpb,bpb,5,-0.7402558260541521,0.994957513486763,-0.9999999999999999,
bpb_lit_Latn,50,bpb,bpb,4,-0.7432325035749363,0.9587437708407998,-1.0,
bpb_ltz_Latn,1,bpb,bpb,5,-0.4178902774662795,0.9493702643066828,-0.9999999999999999,
bpb_ltz_Latn,2,bpb,bpb,5,-0.49283090282509373,0.9612938667256707,-0.9999999999999999,
bpb_ltz_Latn,8,bpb,bpb,5,-0.5222075569336749,0.9870226219606286,-0.9999999999999999,
bpb_ltz_Latn,15,bpb,bpb,4,-0.4818249274596305,0.9762654747584936,-1.0,
bpb_ltz_Latn,30,bpb,bpb,5,-0.4889084839480166,0.9882714286749394,-0.9999999999999999,
bpb_ltz_Latn,50,bpb,bpb,4,-0.477218304679637,0.9754514296712208,-1.0,
bpb_lvs_Latn,1,bpb,bpb,5,-0.6875607924278979,0.9684624996398634,-0.9999999999999999,
bpb_lvs_Latn,2,bpb,bpb,5,-0.8267736678570321,0.9604183693824032,-0.9999999999999999,
bpb_lvs_Latn,8,bpb,bpb,5,-0.7958106688591021,0.9894893200633473,-0.9999999999999999,
bpb_lvs_Latn,15,bpb,bpb,4,-0.8065664118103484,0.9946074618182718,-1.0,
bpb_lvs_Latn,30,bpb,bpb,5,-0.7409206671386773,0.9982607819544131,-0.9999999999999999,
bpb_lvs_Latn,50,bpb,bpb,4,-0.7484628325109663,0.9658746174119188,-1.0,
bpb_mal_Mlym,1,bpb,bpb,5,-0.31648316125425435,0.8686537541203561,-0.9999999999999999,
bpb_mal_Mlym,2,bpb,bpb,5,-0.3802216352230944,0.8097766255964924,-0.9999999999999999,
bpb_mal_Mlym,8,bpb,bpb,5,-0.45655583178126774,0.8709050565798631,-0.9999999999999999,
bpb_mal_Mlym,15,bpb,bpb,4,-0.5320996467429389,0.929370045674253,-1.0,
bpb_mal_Mlym,30,bpb,bpb,5,-0.4435853905374853,0.8893393639678899,-0.9999999999999999,
bpb_mal_Mlym,50,bpb,bpb,4,-0.22927962994124435,0.9807765766564656,-1.0,
bpb_mar_Deva,1,bpb,bpb,5,-0.24515355653788512,0.955081436279066,-0.9999999999999999,
bpb_mar_Deva,2,bpb,bpb,5,-0.2508099788215684,0.8732080921646822,-0.9999999999999999,
bpb_mar_Deva,8,bpb,bpb,5,-0.28460709170321014,0.8875257665828072,-0.9999999999999999,
bpb_mar_Deva,15,bpb,bpb,4,-0.2878548628460459,0.8816655613902005,-1.0,
bpb_mar_Deva,30,bpb,bpb,5,-0.23997652207146156,0.9771995472247567,-0.9999999999999999,
bpb_mar_Deva,50,bpb,bpb,4,-0.2843051430212004,0.9754502064315305,-1.0,
bpb_mkd_Cyrl,1,bpb,bpb,5,-0.41651351412663495,0.9030963780318646,-0.9999999999999999,
bpb_mkd_Cyrl,2,bpb,bpb,5,-0.48517852821595886,0.9608741994221817,-0.9999999999999999,
bpb_mkd_Cyrl,8,bpb,bpb,5,-0.4780101353066969,0.9690383604864188,-0.9999999999999999,
bpb_mkd_Cyrl,15,bpb,bpb,4,-0.45658233329920106,0.957542375907752,-1.0,
bpb_mkd_Cyrl,30,bpb,bpb,5,-0.424209562621448,0.9447413411698447,-0.9999999999999999,
bpb_mkd_Cyrl,50,bpb,bpb,4,-0.4319324594419732,0.9752128731050531,-1.0,
bpb_mlt_Latn,1,bpb,bpb,5,-0.587177953657709,0.9861305391967857,-0.9999999999999999,
bpb_mlt_Latn,2,bpb,bpb,5,-0.6080648183693637,0.949975721017341,-0.9999999999999999,
bpb_mlt_Latn,8,bpb,bpb,5,-0.6016951237859465,0.9628865342598064,-0.9999999999999999,
bpb_mlt_Latn,15,bpb,bpb,4,-0.5353374858979588,0.9793485017219687,-1.0,
bpb_mlt_Latn,30,bpb,bpb,5,-0.5319907060849209,0.9822773281974295,-0.9999999999999999,
bpb_mlt_Latn,50,bpb,bpb,4,-0.5260583998379049,0.9690593998702971,-1.0,
bpb_mya_Mymr,1,bpb,bpb,5,-0.42962780025225045,0.7803723649502794,-0.9999999999999999,
bpb_mya_Mymr,2,bpb,bpb,5,-0.6357961907075724,0.7628269058605724,-0.8999999999999998,
bpb_mya_Mymr,8,bpb,bpb,5,-0.627186611570862,0.7596983891992352,-0.9999999999999999,
bpb_mya_Mymr,15,bpb,bpb,4,-0.7372287384495021,0.8459638742806492,-1.0,
bpb_mya_Mymr,30,bpb,bpb,5,-0.48197313522334423,0.864424961010596,-0.9999999999999999,
bpb_mya_Mymr,50,bpb,bpb,4,-0.6958027748564559,0.8564328832960593,-1.0,
bpb_nld_Latn,1,bpb,bpb,5,-0.7644432476856851,0.967040492183597,-0.9999999999999999,
bpb_nld_Latn,2,bpb,bpb,5,-0.8178178314660833,0.9653056211905165,-0.9999999999999999,
bpb_nld_Latn,8,bpb,bpb,5,-0.8882791118667728,0.9689424368598702,-0.9999999999999999,
bpb_nld_Latn,15,bpb,bpb,4,-0.5129973221625247,0.9553483050328867,-1.0,
bpb_nld_Latn,30,bpb,bpb,5,-0.45141427440480936,0.9492539106778239,-0.9999999999999999,
bpb_nld_Latn,50,bpb,bpb,4,-0.5259445727784107,0.9539058144033141,-1.0,
bpb_nno_Latn,1,bpb,bpb,5,-0.6543395393705822,0.9776947492670228,-0.9999999999999999,
bpb_nno_Latn,2,bpb,bpb,5,-0.6637454615117769,0.9619153591007089,-0.9999999999999999,
bpb_nno_Latn,8,bpb,bpb,5,-0.7028529570539446,0.9759366657544584,-0.9999999999999999,
bpb_nno_Latn,15,bpb,bpb,4,-0.6727356347342859,0.9842092813480614,-1.0,
bpb_nno_Latn,30,bpb,bpb,5,-0.7259135463128609,0.9695942452895239,-0.9999999999999999,
bpb_nno_Latn,50,bpb,bpb,4,-0.8105127864048489,0.970702196609994,-1.0,
bpb_nob_Latn,1,bpb,bpb,5,-0.8011557912215244,0.9843486029282255,-0.9999999999999999,
bpb_nob_Latn,2,bpb,bpb,5,-0.8345035829855393,0.974726959710378,-0.9999999999999999,
bpb_nob_Latn,8,bpb,bpb,5,-0.8771910899493243,0.984660072931227,-0.9999999999999999,
bpb_nob_Latn,15,bpb,bpb,4,-0.8518598936747352,0.9897968331981214,-1.0,
bpb_nob_Latn,30,bpb,bpb,5,-0.5249069073204069,0.9545225963603748,-0.9999999999999999,
bpb_nob_Latn,50,bpb,bpb,4,-0.6069683778893065,0.9573569939912557,-1.0,
bpb_npi_Deva,1,bpb,bpb,5,-0.2615060674395751,0.9439092327762748,-0.9999999999999999,
bpb_npi_Deva,2,bpb,bpb,5,-0.2624119180977579,0.9092003854257482,-0.9999999999999999,
bpb_npi_Deva,8,bpb,bpb,5,-0.27853358679470547,0.9376014096123851,-0.9999999999999999,
bpb_npi_Deva,15,bpb,bpb,4,-0.3085194348025427,0.9557483659941309,-1.0,
bpb_npi_Deva,30,bpb,bpb,5,-0.24429648372756013,0.9942961076175924,-0.9999999999999999,
bpb_npi_Deva,50,bpb,bpb,4,-0.2757574199434301,0.9687313660468644,-1.0,
bpb_nrm_Latn,1,bpb,bpb,5,-0.48758615175392744,0.9538140468465063,-0.9999999999999999,
bpb_nrm_Latn,2,bpb,bpb,5,-0.5402606407880233,0.9468556145192981,-0.9999999999999999,
bpb_nrm_Latn,8,bpb,bpb,5,-0.45806179982480694,0.9583464342145231,-0.9999999999999999,
bpb_nrm_Latn,15,bpb,bpb,4,-0.4535340140680293,0.9735120546826731,-1.0,
bpb_nrm_Latn,30,bpb,bpb,5,-0.4095926783151711,0.9742198601252087,-0.9999999999999999,
bpb_nrm_Latn,50,bpb,bpb,4,-0.45525853386794546,0.9697045138359911,-1.0,
bpb_ory_Orya,1,bpb,bpb,5,-0.4355945323667749,0.911906851592662,-0.9999999999999999,
bpb_ory_Orya,2,bpb,bpb,5,-0.4665127374407699,0.9441687038327644,-0.9999999999999999,
bpb_ory_Orya,8,bpb,bpb,5,-0.410235066379826,0.9029744801780621,-0.9999999999999999,
bpb_ory_Orya,15,bpb,bpb,4,-0.35815520197548845,0.7494828359541729,-0.7999999999999999,
bpb_ory_Orya,30,bpb,bpb,5,-0.3798118410701897,0.9623443345489574,-0.9999999999999999,
bpb_ory_Orya,50,bpb,bpb,4,-0.3965770119403829,0.9561186825112029,-1.0,
bpb_pan_Guru,1,bpb,bpb,5,-0.3280650436288413,0.8509532862941203,-0.9999999999999999,
bpb_pan_Guru,2,bpb,bpb,5,-0.3930693277361596,0.7978391078450191,-0.9999999999999999,
bpb_pan_Guru,8,bpb,bpb,5,-0.37433533260986573,0.7212201925905786,-0.9999999999999999,
bpb_pan_Guru,15,bpb,bpb,4,-0.4224631892332739,0.8689560466705345,-1.0,
bpb_pan_Guru,30,bpb,bpb,5,-0.29948462296821016,0.8900472647130857,-0.9999999999999999,
bpb_pan_Guru,50,bpb,bpb,4,-0.47345012306371065,0.7996004359773031,-1.0,
bpb_pbt_Arab,1,bpb,bpb,5,-0.4774054021432758,0.8184503240019457,-0.8999999999999998,
bpb_pbt_Arab,2,bpb,bpb,5,-0.54718679070078,0.6190605461850569,-0.8999999999999998,
bpb_pbt_Arab,8,bpb,bpb,5,-0.7103229370440898,0.7939723221225101,-0.8999999999999998,
bpb_pbt_Arab,15,bpb,bpb,4,-0.2281647157979574,0.22732054726896767,-0.39999999999999997,
bpb_pbt_Arab,30,bpb,bpb,5,-0.4171468659968506,0.8022154845868821,-0.8999999999999998,
bpb_pbt_Arab,50,bpb,bpb,4,-0.5048903180980172,0.56138932212743,-0.7999999999999999,
bpb_plt_Latn,1,bpb,bpb,5,-0.4464715387881646,0.958578378545906,-0.9999999999999999,
bpb_plt_Latn,2,bpb,bpb,5,-0.45639806116716697,0.9010598522233093,-0.9999999999999999,
bpb_plt_Latn,8,bpb,bpb,5,-0.5548145836386531,0.9590162468580581,-0.9999999999999999,
bpb_plt_Latn,15,bpb,bpb,4,-0.5088645001080632,0.9848308599276694,-1.0,
bpb_plt_Latn,30,bpb,bpb,5,-0.48051659266356844,0.9892394758763828,-0.9999999999999999,
bpb_plt_Latn,50,bpb,bpb,4,-0.5210945819568614,0.9868263497297345,-1.0,
bpb_pol_Latn,1,bpb,bpb,5,-0.8113208612815798,0.956540844079196,-0.9999999999999999,
bpb_pol_Latn,2,bpb,bpb,5,-1.0003879064590675,0.9611529664965477,-0.9999999999999999,
bpb_pol_Latn,8,bpb,bpb,5,-0.9948032776298764,0.9683067190234603,-0.9999999999999999,
bpb_pol_Latn,15,bpb,bpb,4,-0.5661352635895581,0.9473983222146842,-1.0,
bpb_pol_Latn,30,bpb,bpb,5,-0.49067154198091917,0.9405540148711127,-0.9999999999999999,
bpb_pol_Latn,50,bpb,bpb,4,-0.5727434290218276,0.946392249152501,-1.0,
bpb_por_Latn,1,bpb,bpb,5,-0.6705312802010919,0.9424144757513437,-0.9999999999999999,
bpb_por_Latn,2,bpb,bpb,5,-0.7484326342453254,0.9477717798497768,-0.9999999999999999,
bpb_por_Latn,8,bpb,bpb,5,-0.7196040637599747,0.9300311444802667,-0.9999999999999999,
bpb_por_Latn,15,bpb,bpb,4,-0.3827977439941012,0.9541725478878665,-1.0,
bpb_por_Latn,30,bpb,bpb,5,-0.3362750169039756,0.9478095347599045,-0.9999999999999999,
bpb_por_Latn,50,bpb,bpb,4,-0.39104828230988803,0.9525193286584371,-1.0,
bpb_ron_Latn,1,bpb,bpb,5,-0.8058933485457567,0.9840617284856686,-0.9999999999999999,
bpb_ron_Latn,2,bpb,bpb,5,-0.838853826063511,0.9832454246343244,-0.9999999999999999,
bpb_ron_Latn,8,bpb,bpb,5,-0.8957564816406328,0.9893898632817367,-0.9999999999999999,
bpb_ron_Latn,15,bpb,bpb,4,-0.8881332146394211,0.993238300417226,-1.0,
bpb_ron_Latn,30,bpb,bpb,5,-0.4881510122297495,0.9408973827488809,-0.9999999999999999,
bpb_ron_Latn,50,bpb,bpb,4,-0.5739943379821681,0.9490374751142197,-1.0,
bpb_rus_Cyrl,1,bpb,bpb,5,-0.4249588533817327,0.9390340057800352,-0.9999999999999999,
bpb_rus_Cyrl,2,bpb,bpb,5,-0.2060379462440469,0.9289183402803736,-0.9999999999999999,
bpb_rus_Cyrl,8,bpb,bpb,5,-0.2268751027177716,0.9403720010599588,-0.9999999999999999,
bpb_rus_Cyrl,15,bpb,bpb,4,-0.25610637818602067,0.9548933406585908,-1.0,
bpb_rus_Cyrl,30,bpb,bpb,5,-0.22530337712769039,0.946695637246816,-0.9999999999999999,
bpb_rus_Cyrl,50,bpb,bpb,4,-0.26179064184174916,0.9508000912036213,-1.0,
bpb_sin_Sinh,1,bpb,bpb,5,-0.371405957419223,0.9310666552389143,-0.9999999999999999,
bpb_sin_Sinh,2,bpb,bpb,5,-0.37595714455025603,0.8917876941197301,-0.9999999999999999,
bpb_sin_Sinh,8,bpb,bpb,5,-0.3549791807582138,0.8706359542557336,-0.9999999999999999,
bpb_sin_Sinh,15,bpb,bpb,4,-0.39556715971877815,0.9294386791433611,-1.0,
bpb_sin_Sinh,30,bpb,bpb,5,-0.3239111386677597,0.9557152183985245,-0.9999999999999999,
bpb_sin_Sinh,50,bpb,bpb,4,-0.3973230249904356,0.92909005749784,-1.0,
bpb_slk_Latn,1,bpb,bpb,5,-0.7657428250720003,0.9641430683080715,-0.9999999999999999,
bpb_slk_Latn,2,bpb,bpb,5,-0.9626783003563492,0.9599953301289048,-0.9999999999999999,
bpb_slk_Latn,8,bpb,bpb,5,-0.9018004169455567,0.9733636358265159,-0.9999999999999999,
bpb_slk_Latn,15,bpb,bpb,4,-0.9419611962311272,0.9746352603153564,-1.0,
bpb_slk_Latn,30,bpb,bpb,5,-1.0015584106687694,0.9877892727306218,-0.9999999999999999,
bpb_slk_Latn,50,bpb,bpb,4,-0.6644188813513336,0.9502788753389242,-1.0,
bpb_slv_Latn,1,bpb,bpb,5,-0.6804365756101401,0.9808277563721097,-0.9999999999999999,
bpb_slv_Latn,2,bpb,bpb,5,-0.9104565764068264,0.9815689091180819,-0.9999999999999999,
bpb_slv_Latn,8,bpb,bpb,5,-0.8335800112350109,0.981784918515233,-0.9999999999999999,
bpb_slv_Latn,15,bpb,bpb,4,-0.798751134868069,0.9797298348261454,-1.0,
bpb_slv_Latn,30,bpb,bpb,5,-0.819375719621767,0.9925667659569526,-0.9999999999999999,
bpb_slv_Latn,50,bpb,bpb,4,-0.9082817030715115,0.9783199531549851,-1.0,
bpb_snd_Arab,1,bpb,bpb,5,-0.4232568621770348,0.7650981837205086,-0.9999999999999999,
bpb_snd_Arab,2,bpb,bpb,5,-0.5805775070166,0.7363246531177667,-0.8999999999999998,
bpb_snd_Arab,8,bpb,bpb,5,-0.5980838799548567,0.8154699850730054,-0.8999999999999998,
bpb_snd_Arab,15,bpb,bpb,4,-0.41304995382672366,0.8672734801222067,-1.0,
bpb_snd_Arab,30,bpb,bpb,5,-0.31885232433724336,0.936099546093171,-0.8999999999999998,
bpb_snd_Arab,50,bpb,bpb,4,-0.3947563389250785,0.9337391727475308,-1.0,
bpb_som_Latn,1,bpb,bpb,5,-0.6794886367033586,0.9871123918276458,-0.9999999999999999,
bpb_som_Latn,2,bpb,bpb,5,-0.5890610017386413,0.9759348533957201,-0.9999999999999999,
bpb_som_Latn,8,bpb,bpb,5,-0.5764825666632227,0.9654956528716055,-0.9999999999999999,
bpb_som_Latn,15,bpb,bpb,4,-0.5532419703036405,0.9753667012202712,-1.0,
bpb_som_Latn,30,bpb,bpb,5,-0.5377891671487737,0.990960166732705,-0.9999999999999999,
bpb_som_Latn,50,bpb,bpb,4,-0.5357894963912971,0.9723812440936441,-1.0,
bpb_spa_Latn,1,bpb,bpb,5,-0.6012376259641539,0.9373308020469766,-0.9999999999999999,
bpb_spa_Latn,2,bpb,bpb,5,-0.6680428700327365,0.9419918279583214,-0.9999999999999999,
bpb_spa_Latn,8,bpb,bpb,5,-0.3065513680071739,0.9396102061745183,-0.9999999999999999,
bpb_spa_Latn,15,bpb,bpb,4,-0.3457618780087992,0.9542471400266532,-1.0,
bpb_spa_Latn,30,bpb,bpb,5,-0.3030211955999273,0.9471808722272079,-0.9999999999999999,
bpb_spa_Latn,50,bpb,bpb,4,-0.35357943158655175,0.952542900830441,-1.0,
bpb_srp_Cyrl,1,bpb,bpb,5,-0.4332375023697025,0.8799406815542643,-0.9999999999999999,
bpb_srp_Cyrl,2,bpb,bpb,5,-0.5002956109008034,0.9659067688801919,-0.9999999999999999,
bpb_srp_Cyrl,8,bpb,bpb,5,-0.4857585121319945,0.9538581677319247,-0.9999999999999999,
bpb_srp_Cyrl,15,bpb,bpb,4,-0.47634468984456135,0.9775977656895206,-1.0,
bpb_srp_Cyrl,30,bpb,bpb,5,-0.44650144843221906,0.9878749754987817,-0.9999999999999999,
bpb_srp_Cyrl,50,bpb,bpb,4,-0.4799913948717141,0.9633003509764092,-1.0,
bpb_srp_Latn,1,bpb,bpb,5,-0.7312069414683056,0.9808117597414543,-0.9999999999999999,
bpb_srp_Latn,2,bpb,bpb,5,-0.8430692684896168,0.9789385757435753,-0.9999999999999999,
bpb_srp_Latn,8,bpb,bpb,5,-0.8071682294748332,0.9806552068716923,-0.9999999999999999,
bpb_srp_Latn,15,bpb,bpb,4,-0.8157847825940999,0.9846001931505974,-1.0,
bpb_srp_Latn,30,bpb,bpb,5,-0.8480850916254437,0.9933746385430627,-0.9999999999999999,
bpb_srp_Latn,50,bpb,bpb,4,-0.7153872207124073,0.9612681120238644,-1.0,
bpb_swe_Latn,1,bpb,bpb,5,-0.779817092863847,0.9779495976933538,-0.9999999999999999,
bpb_swe_Latn,2,bpb,bpb,5,-0.8296083926603703,0.972207922704525,-0.9999999999999999,
bpb_swe_Latn,8,bpb,bpb,5,-0.880844079805191,0.9849976692647525,-0.9999999999999999,
bpb_swe_Latn,15,bpb,bpb,4,-0.8830156629660512,0.9898862450433991,-1.0,
bpb_swe_Latn,30,bpb,bpb,5,-0.49284714882819014,0.9517727134920849,-0.9999999999999999,
bpb_swe_Latn,50,bpb,bpb,4,-0.5681682296405001,0.9546070911728843,-1.0,
bpb_swh_Latn,1,bpb,bpb,5,-0.6775106991017124,0.9957640961602945,-0.9999999999999999,
bpb_swh_Latn,2,bpb,bpb,5,-0.6235635374600565,0.9860456106600108,-0.9999999999999999,
bpb_swh_Latn,8,bpb,bpb,5,-0.6139729572645458,0.9861888955729373,-0.9999999999999999,
bpb_swh_Latn,15,bpb,bpb,4,-0.5787669964154516,0.9890823916911404,-1.0,
bpb_swh_Latn,30,bpb,bpb,5,-0.5495617187889192,0.9940122766117806,-0.9999999999999999,
bpb_swh_Latn,50,bpb,bpb,4,-0.5346212225051492,0.9919740323626812,-1.0,
bpb_tam_Taml,1,bpb,bpb,5,-0.19407576677731123,0.8971368558667588,-0.9999999999999999,
bpb_tam_Taml,2,bpb,bpb,5,-0.23017567027691324,0.7983551962553794,-0.9999999999999999,
bpb_tam_Taml,8,bpb,bpb,5,-0.26981084497019536,0.8118625366753855,-0.9999999999999999,
bpb_tam_Taml,15,bpb,bpb,4,-0.3289771334514586,0.8567683031420527,-1.0,
bpb_tam_Taml,30,bpb,bpb,5,-0.26214001967938855,0.868261124971698,-0.9999999999999999,
bpb_tam_Taml,50,bpb,bpb,4,-0.20921479326099796,0.9758985454456378,-1.0,
bpb_tat_Cyrl,1,bpb,bpb,5,-0.47718998382317185,0.8294995687400764,-0.9999999999999999,
bpb_tat_Cyrl,2,bpb,bpb,5,-0.48190481928503076,0.9272717076502072,-0.9999999999999999,
bpb_tat_Cyrl,8,bpb,bpb,5,-0.41969789482881076,0.9192873683101018,-0.9999999999999999,
bpb_tat_Cyrl,15,bpb,bpb,4,-0.5467527966175263,0.9153582627829503,-1.0,
bpb_tat_Cyrl,30,bpb,bpb,5,-0.3496803286952411,0.9737365912445598,-0.9999999999999999,
bpb_tat_Cyrl,50,bpb,bpb,4,-0.3808722466955207,0.9860147990261557,-1.0,
bpb_tel_Telu,1,bpb,bpb,5,-0.3017701769502896,0.8511937000525147,-0.9999999999999999,
bpb_tel_Telu,2,bpb,bpb,5,-0.43161340989520225,0.8038075848004982,-0.9999999999999999,
bpb_tel_Telu,8,bpb,bpb,5,-0.46832580966409193,0.7928138253559802,-0.9999999999999999,
bpb_tel_Telu,15,bpb,bpb,4,-0.52525329209747,0.8532547865337476,-1.0,
bpb_tel_Telu,30,bpb,bpb,5,-0.46818940338825704,0.8232367896385496,-0.9999999999999999,
bpb_tel_Telu,50,bpb,bpb,4,-0.6388937713315967,0.8218629765883259,-1.0,
bpb_tgk_Cyrl,1,bpb,bpb,5,-0.41715046799363464,0.8722982649387887,-0.9999999999999999,
bpb_tgk_Cyrl,2,bpb,bpb,5,-0.43859632564117285,0.9602027240882747,-0.9999999999999999,
bpb_tgk_Cyrl,8,bpb,bpb,5,-0.3500608884594261,0.9790091540501255,-0.9999999999999999,
bpb_tgk_Cyrl,15,bpb,bpb,4,-0.3365644706165284,0.962685139305639,-1.0,
bpb_tgk_Cyrl,30,bpb,bpb,5,-0.29481786387608466,0.9802336951525968,-0.9999999999999999,
bpb_tgk_Cyrl,50,bpb,bpb,4,-0.279144455135693,0.9667401572425424,-1.0,
bpb_tha_Thai,1,bpb,bpb,5,-0.29301622970671687,0.9265934055917282,-0.9999999999999999,
bpb_tha_Thai,2,bpb,bpb,5,-0.34706694321864806,0.8361836299702007,-0.9999999999999999,
bpb_tha_Thai,8,bpb,bpb,5,-0.34765881021981243,0.8912144296207543,-0.9999999999999999,
bpb_tha_Thai,15,bpb,bpb,4,-0.3743267191869047,0.9291105394936694,-1.0,
bpb_tha_Thai,30,bpb,bpb,5,-0.22267161491846157,0.9538859131236963,-0.9999999999999999,
bpb_tha_Thai,50,bpb,bpb,4,-0.2567893497298046,0.9565020068296856,-1.0,
bpb_tur_Latn,1,bpb,bpb,5,-0.6598209750521641,0.946809333876137,-0.9999999999999999,
bpb_tur_Latn,2,bpb,bpb,5,-0.7053644578330065,0.9355510300450411,-0.9999999999999999,
bpb_tur_Latn,8,bpb,bpb,5,-0.7723915865736647,0.9412746689478427,-0.9999999999999999,
bpb_tur_Latn,15,bpb,bpb,4,-0.82781061494211,0.9575528106204504,-1.0,
bpb_tur_Latn,30,bpb,bpb,5,-0.47893140896929476,0.9611212197403213,-0.9999999999999999,
bpb_tur_Latn,50,bpb,bpb,4,-0.5468801344346391,0.9613825415011655,-1.0,
bpb_uig_Arab,1,bpb,bpb,5,-0.5390342942268178,0.9159956885026915,-0.9999999999999999,
bpb_uig_Arab,2,bpb,bpb,5,-0.7497437040176534,0.9269571044110406,-0.9999999999999999,
bpb_uig_Arab,8,bpb,bpb,5,-0.6203268807434963,0.7932566026053629,-0.8999999999999998,
bpb_uig_Arab,15,bpb,bpb,4,-0.27716376123940994,0.907111209795736,-1.0,
bpb_uig_Arab,30,bpb,bpb,5,-0.35617928486934575,0.9767748974631314,-0.9999999999999999,
bpb_uig_Arab,50,bpb,bpb,4,-0.29291987438838396,0.7850602996852755,-1.0,
bpb_ukr_Cyrl,1,bpb,bpb,5,-0.49265445179853584,0.8869552756982271,-0.9999999999999999,
bpb_ukr_Cyrl,2,bpb,bpb,5,-0.5885376075949361,0.9367361190182362,-0.9999999999999999,
bpb_ukr_Cyrl,8,bpb,bpb,5,-0.5944240843384602,0.9740849883401027,-0.9999999999999999,
bpb_ukr_Cyrl,15,bpb,bpb,4,-0.6268881113554496,0.9840179354256106,-1.0,
bpb_ukr_Cyrl,30,bpb,bpb,5,-0.298969168879495,0.9342336390023057,-0.9999999999999999,
bpb_ukr_Cyrl,50,bpb,bpb,4,-0.3544668653965259,0.9435388624567173,-1.0,
bpb_urd_Arab,1,bpb,bpb,5,-0.4068564742755855,0.9163559079457091,-0.9999999999999999,
bpb_urd_Arab,2,bpb,bpb,5,-0.4818663128754201,0.8628963879873799,-0.9999999999999999,
bpb_urd_Arab,8,bpb,bpb,5,-0.5101109227769517,0.8751158248861852,-0.9999999999999999,
bpb_urd_Arab,15,bpb,bpb,4,-0.40179926274026573,0.9564395648536359,-1.0,
bpb_urd_Arab,30,bpb,bpb,5,-0.41577882017251766,0.9707757873731249,-0.9999999999999999,
bpb_urd_Arab,50,bpb,bpb,4,-0.42982126055047915,0.9714939398065003,-1.0,
bpb_uzn_Cyrl,1,bpb,bpb,5,-0.3839768869611611,0.9112841363188128,-0.9999999999999999,
bpb_uzn_Cyrl,2,bpb,bpb,5,-0.44300582850250725,0.9788833731504821,-0.9999999999999999,
bpb_uzn_Cyrl,8,bpb,bpb,5,-0.36258568409577896,0.9350857553742632,-0.9999999999999999,
bpb_uzn_Cyrl,15,bpb,bpb,4,-0.3228825838152369,0.934850775699333,-1.0,
bpb_uzn_Cyrl,30,bpb,bpb,5,-0.3112735993580561,0.9931082282973749,-0.9999999999999999,
bpb_uzn_Cyrl,50,bpb,bpb,4,-0.2726513360761805,0.9674781826680483,-1.0,
bpb_uzn_Latn,1,bpb,bpb,5,-0.5228347116298635,0.9422034098885579,-0.9999999999999999,
bpb_uzn_Latn,2,bpb,bpb,5,-0.7263078233174686,0.9599156324008618,-0.9999999999999999,
bpb_uzn_Latn,8,bpb,bpb,5,-0.6390187710637498,0.9261804682304713,-0.9999999999999999,
bpb_uzn_Latn,15,bpb,bpb,4,-0.612996122071362,0.9664388528023363,-1.0,
bpb_uzn_Latn,30,bpb,bpb,5,-0.5593769378666403,0.9794123270386214,-0.9999999999999999,
bpb_uzn_Latn,50,bpb,bpb,4,-0.634642994901383,0.9617414888858148,-1.0,
bpb_vie_Latn,1,bpb,bpb,5,-0.4429084298694224,0.9555069830856523,-0.9999999999999999,
bpb_vie_Latn,2,bpb,bpb,5,-0.5328964789188017,0.9021758626926552,-0.9999999999999999,
bpb_vie_Latn,8,bpb,bpb,5,-0.5712382168332268,0.9265694346201699,-0.9999999999999999,
bpb_vie_Latn,15,bpb,bpb,4,-0.39170848607421216,0.9605985748343183,-1.0,
bpb_vie_Latn,30,bpb,bpb,5,-0.34748098439780556,0.9555936055652581,-0.9999999999999999,
bpb_vie_Latn,50,bpb,bpb,4,-0.39655649302795287,0.959549949148831,-1.0,
bpb_zsm_Latn,1,bpb,bpb,5,-0.6662475306650134,0.9512897178932951,-0.9999999999999999,
bpb_zsm_Latn,2,bpb,bpb,5,-0.707717179033309,0.9503208257314508,-0.9999999999999999,
bpb_zsm_Latn,8,bpb,bpb,5,-0.740453091022416,0.9609184227739741,-0.9999999999999999,
bpb_zsm_Latn,15,bpb,bpb,4,-0.4593457364484205,0.9744683340141547,-1.0,
bpb_zsm_Latn,30,bpb,bpb,5,-0.43202796480432226,0.9787823321830195,-0.9999999999999999,
bpb_zsm_Latn,50,bpb,bpb,4,-0.5171608923297932,0.9585385952635225,-1.0,
global_mmlu_full_am,1,global_mmlu_full,benchmark,3,0.016623649694138664,0.34857650038408894,0.5,4.0
global_mmlu_full_am,2,global_mmlu_full,benchmark,4,0.013643841079073654,0.143632188518245,0.19999999999999998,4.0
global_mmlu_full_am,8,global_mmlu_full,benchmark,4,0.005740706704160719,0.5295047218665907,0.39999999999999997,4.0
global_mmlu_full_am,15,global_mmlu_full,benchmark,4,0.02043165719938746,0.4159827280398264,0.39999999999999997,4.0
global_mmlu_full_am,30,global_mmlu_full,benchmark,5,-0.008571861627830434,0.19082798497554088,-0.3,4.0
global_mmlu_full_am,50,global_mmlu_full,benchmark,4,-0.013430420504871752,0.19099993206358024,-0.6000000000000001,4.0
global_mmlu_full_ar,1,global_mmlu_full,benchmark,3,0.036572235460978965,0.8009137773379916,1.0,4.0
global_mmlu_full_ar,2,global_mmlu_full,benchmark,4,0.008019232525262245,0.23407472920085737,0.39999999999999997,4.0
global_mmlu_full_ar,8,global_mmlu_full,benchmark,4,0.016300913376908664,0.5086421187098813,0.7999999999999999,4.0
global_mmlu_full_ar,15,global_mmlu_full,benchmark,4,0.006588255724492697,0.165431364956788,0.6000000000000001,4.0
global_mmlu_full_ar,30,global_mmlu_full,benchmark,5,-0.006247739010511205,0.1071745968962744,-0.39999999999999997,4.0
global_mmlu_full_ar,50,global_mmlu_full,benchmark,4,-0.0032023081645761987,0.01270180701547896,-0.39999999999999997,4.0
global_mmlu_full_bn,1,global_mmlu_full,benchmark,3,0.02958952768907005,0.3322734667565874,0.5,4.0
global_mmlu_full_bn,2,global_mmlu_full,benchmark,4,0.007468348123101319,0.1942795008395184,0.39999999999999997,4.0
global_mmlu_full_bn,8,global_mmlu_full,benchmark,4,0.013389403643413742,0.4410514258759678,0.19999999999999998,4.0
global_mmlu_full_bn,15,global_mmlu_full,benchmark,4,0.008793696033409843,0.5455973912685791,0.7999999999999999,4.0
global_mmlu_full_bn,30,global_mmlu_full,benchmark,5,0.00018760781321504723,0.00017301160771920898,-0.19999999999999998,4.0
global_mmlu_full_bn,50,global_mmlu_full,benchmark,4,0.0009573523269914463,0.0007202428213879397,0.19999999999999998,4.0
global_mmlu_full_cs,1,global_mmlu_full,benchmark,3,0.005948658555232391,0.10242909933419131,0.5,4.0
global_mmlu_full_cs,2,global_mmlu_full,benchmark,4,-0.015804373578411423,0.1587000177980158,-0.39999999999999997,4.0
global_mmlu_full_cs,8,global_mmlu_full,benchmark,4,-0.0036823945966743873,0.9376365930574557,-1.0,4.0
global_mmlu_full_cs,15,global_mmlu_full,benchmark,4,-0.010907910197455859,0.10865587445398628,-0.39999999999999997,4.0
global_mmlu_full_cs,30,global_mmlu_full,benchmark,5,-0.00521089808925572,0.292094645397699,-0.3,4.0
global_mmlu_full_cs,50,global_mmlu_full,benchmark,4,-0.0069975321222904225,0.0772824687107646,-0.39999999999999997,4.0
global_mmlu_full_de,1,global_mmlu_full,benchmark,3,0.016374101157168728,0.5745117098449655,0.5,4.0
global_mmlu_full_de,2,global_mmlu_full,benchmark,4,-0.00825241990371545,0.05354390150507948,-0.10540925533894598,4.0
global_mmlu_full_de,8,global_mmlu_full,benchmark,4,-0.007445834460982408,0.09610120300472047,-0.19999999999999998,4.0
global_mmlu_full_de,15,global_mmlu_full,benchmark,4,-0.007514618342877629,0.1552493460731046,-0.39999999999999997,4.0
global_mmlu_full_de,30,global_mmlu_full,benchmark,5,-0.002048096629053359,0.028263321949739795,-0.09999999999999999,4.0
global_mmlu_full_de,50,global_mmlu_full,benchmark,4,-0.01584678258185418,0.48389188230362223,-0.6000000000000001,4.0
global_mmlu_full_el,1,global_mmlu_full,benchmark,3,0.01717469065331183,0.6259115762273799,0.5,4.0
global_mmlu_full_el,2,global_mmlu_full,benchmark,4,-0.018770294765060674,0.48117494687445406,-0.7999999999999999,4.0
global_mmlu_full_el,8,global_mmlu_full,benchmark,4,-0.010389622158353472,0.7321632375929659,-1.0,4.0
global_mmlu_full_el,15,global_mmlu_full,benchmark,4,0.0162944736386128,0.14255188019750953,0.39999999999999997,4.0
global_mmlu_full_el,30,global_mmlu_full,benchmark,5,-0.014217098225194149,0.4617848858594834,-0.49999999999999994,4.0
global_mmlu_full_el,50,global_mmlu_full,benchmark,4,-0.00229925094917887,0.01192185920959965,-0.39999999999999997,4.0
global_mmlu_full_en,1,global_mmlu_full,benchmark,5,0.05624941816157477,0.6176804703308851,0.8999999999999998,4.0
global_mmlu_full_en,2,global_mmlu_full,benchmark,5,0.020080954670503713,0.7611775625170921,0.7999999999999999,4.0
global_mmlu_full_en,8,global_mmlu_full,benchmark,4,0.01868945708002969,0.8574658707422079,1.0,4.0
global_mmlu_full_en,15,global_mmlu_full,benchmark,4,0.010256092214194244,0.2606986649287738,0.39999999999999997,4.0
global_mmlu_full_en,30,global_mmlu_full,benchmark,5,0.004835327524610383,0.0689030431896882,0.3,4.0
global_mmlu_full_en,50,global_mmlu_full,benchmark,4,0.006117355762890513,0.044813063720989366,0.19999999999999998,4.0
global_mmlu_full_es,1,global_mmlu_full,benchmark,3,0.03825231187832678,0.8880656735724699,1.0,4.0
global_mmlu_full_es,2,global_mmlu_full,benchmark,4,-0.0028357182939242674,0.020321513948110437,-0.39999999999999997,4.0
global_mmlu_full_es,8,global_mmlu_full,benchmark,4,-0.005942699934974366,0.05318278998000836,-0.19999999999999998,4.0
global_mmlu_full_es,15,global_mmlu_full,benchmark,4,-0.012922002623718606,0.22517707262080677,-0.39999999999999997,4.0
global_mmlu_full_es,30,global_mmlu_full,benchmark,5,0.006015267193578917,0.09800854810622117,0.3,4.0
global_mmlu_full_es,50,global_mmlu_full,benchmark,4,-0.0025472271544349587,0.011575058676036809,-0.39999999999999997,4.0
global_mmlu_full_fa,1,global_mmlu_full,benchmark,3,0.04494163313214037,0.4554627642741519,0.5,4.0
global_mmlu_full_fa,2,global_mmlu_full,benchmark,4,0.008799492312369667,0.0423005832697082,0.39999999999999997,4.0
global_mmlu_full_fa,8,global_mmlu_full,benchmark,4,0.004169223005512118,0.16668523084957176,0.0,4.0
global_mmlu_full_fa,15,global_mmlu_full,benchmark,4,0.013700389634685808,0.31278984556739786,0.6000000000000001,4.0
global_mmlu_full_fa,30,global_mmlu_full,benchmark,5,-0.0030548142592366147,0.050736228235299774,-0.09999999999999999,4.0
global_mmlu_full_fa,50,global_mmlu_full,benchmark,4,-0.005286705013860881,0.09243134539834863,-0.7999999999999999,4.0
global_mmlu_full_fr,1,global_mmlu_full,benchmark,3,0.04129451469671887,0.9911156844881504,1.0,4.0
global_mmlu_full_fr,2,global_mmlu_full,benchmark,4,-0.0009013074656151918,0.004674510969022494,-0.19999999999999998,4.0
global_mmlu_full_fr,8,global_mmlu_full,benchmark,4,0.00900741822226289,0.10891375246485524,0.39999999999999997,4.0
global_mmlu_full_fr,15,global_mmlu_full,benchmark,4,-0.01776566550308431,0.47181208557824394,-0.7999999999999999,4.0
global_mmlu_full_fr,30,global_mmlu_full,benchmark,5,-0.002537188636929612,0.022150536059987846,-0.09999999999999999,4.0
global_mmlu_full_fr,50,global_mmlu_full,benchmark,4,-0.01633230602299146,0.48526864006306103,-0.7999999999999999,4.0
global_mmlu_full_ha,1,global_mmlu_full,benchmark,3,0.004686588777701071,0.06498741696229093,0.5,4.0
global_mmlu_full_ha,2,global_mmlu_full,benchmark,4,-0.008818325371044579,0.10939184313079209,-0.39999999999999997,4.0
global_mmlu_full_ha,8,global_mmlu_full,benchmark,4,0.01606377664937799,0.9154533872468206,1.0,4.0
global_mmlu_full_ha,15,global_mmlu_full,benchmark,4,-0.010079019566697246,0.15221234609445855,-0.19999999999999998,4.0
global_mmlu_full_ha,30,global_mmlu_full,benchmark,5,-0.012872349094884728,0.39203870520296225,-0.3,4.0
global_mmlu_full_ha,50,global_mmlu_full,benchmark,4,-0.014011304647061042,0.12021107532243813,-0.6000000000000001,4.0
global_mmlu_full_he,1,global_mmlu_full,benchmark,3,0.021898075430281744,0.6691879375114049,0.5,4.0
global_mmlu_full_he,2,global_mmlu_full,benchmark,4,-0.0077953209598263335,0.027557366565410524,0.0,4.0
global_mmlu_full_he,8,global_mmlu_full,benchmark,4,0.0073764974078682445,0.31163836750426266,0.7999999999999999,4.0
global_mmlu_full_he,15,global_mmlu_full,benchmark,4,-0.007346675682344228,0.16293518045019761,-0.39999999999999997,4.0
global_mmlu_full_he,30,global_mmlu_full,benchmark,5,-0.01374150552221899,0.2801018687378216,-0.6,4.0
global_mmlu_full_he,50,global_mmlu_full,benchmark,4,-0.00364417220128065,0.019295374524336717,-0.19999999999999998,4.0
global_mmlu_full_hi,1,global_mmlu_full,benchmark,3,0.01232816007351394,0.8947175524664518,1.0,4.0
global_mmlu_full_hi,2,global_mmlu_full,benchmark,4,-0.00950634243625031,0.13096561812775276,-0.19999999999999998,4.0
global_mmlu_full_hi,8,global_mmlu_full,benchmark,4,0.02067782553910653,0.7549827372161972,0.7999999999999999,4.0
global_mmlu_full_hi,15,global_mmlu_full,benchmark,4,0.005476441061815161,0.04185038257205709,0.0,4.0
global_mmlu_full_hi,30,global_mmlu_full,benchmark,5,0.007672739633016881,0.454964873294153,0.6,4.0
global_mmlu_full_hi,50,global_mmlu_full,benchmark,4,0.007039984317793672,0.15988271473486415,0.19999999999999998,4.0
global_mmlu_full_id,1,global_mmlu_full,benchmark,3,0.02159241396106513,0.9926926858960233,1.0,4.0
global_mmlu_full_id,2,global_mmlu_full,benchmark,4,-0.009616738252114784,0.06507904872995773,-0.19999999999999998,4.0
global_mmlu_full_id,8,global_mmlu_full,benchmark,4,-0.014957757949740916,0.7960875345822767,-0.7999999999999999,4.0
global_mmlu_full_id,15,global_mmlu_full,benchmark,4,-0.002124382572592077,0.055739536725896155,-0.39999999999999997,4.0
global_mmlu_full_id,30,global_mmlu_full,benchmark,5,-0.0008998276069034969,0.001740510309763077,0.0,4.0
global_mmlu_full_id,50,global_mmlu_full,benchmark,4,-0.027417546377870635,0.3193267720616503,-0.7999999999999999,4.0
global_mmlu_full_it,1,global_mmlu_full,benchmark,3,0.02812161441429929,0.36207657376072566,0.5,4.0
global_mmlu_full_it,2,global_mmlu_full,benchmark,4,-0.001191171357717756,0.0030536713829165674,0.19999999999999998,4.0
global_mmlu_full_it,8,global_mmlu_full,benchmark,4,-0.002286271713448316,0.00552146845407131,-0.19999999999999998,4.0
global_mmlu_full_it,15,global_mmlu_full,benchmark,4,-0.010139021390022148,0.10035328113057518,-0.19999999999999998,4.0
global_mmlu_full_it,30,global_mmlu_full,benchmark,5,-0.001716291759467832,0.02332343537636683,-0.09999999999999999,4.0
global_mmlu_full_it,50,global_mmlu_full,benchmark,4,-0.018114104620812373,0.33060413384672516,-0.7999999999999999,4.0
global_mmlu_full_ja,1,global_mmlu_full,benchmark,3,0.008137310166407315,0.043054051810715865,0.5,4.0
global_mmlu_full_ja,2,global_mmlu_full,benchmark,4,-0.0028466216263426034,0.02600506100775324,0.39999999999999997,4.0
global_mmlu_full_ja,8,global_mmlu_full,benchmark,4,0.01180713564757487,0.39071413602064886,0.39999999999999997,4.0
global_mmlu_full_ja,15,global_mmlu_full,benchmark,4,0.015243359208570553,0.18747910551442482,0.6000000000000001,4.0
global_mmlu_full_ja,30,global_mmlu_full,benchmark,5,0.004334078829699098,0.06767588610285347,0.3,4.0
global_mmlu_full_ja,50,global_mmlu_full,benchmark,4,-0.01594059161479476,0.11409133400302574,-0.7999999999999999,4.0
global_mmlu_full_ko,1,global_mmlu_full,benchmark,3,0.045170036066624016,0.736069028243415,0.5,4.0
global_mmlu_full_ko,2,global_mmlu_full,benchmark,4,-0.001933949630245304,0.00499549178269354,-0.39999999999999997,4.0
global_mmlu_full_ko,8,global_mmlu_full,benchmark,4,-0.0019647983421280366,0.03928878008580905,-0.7999999999999999,4.0
global_mmlu_full_ko,15,global_mmlu_full,benchmark,4,-0.0010563254911119336,0.0006422498472902216,-0.19999999999999998,4.0
global_mmlu_full_ko,30,global_mmlu_full,benchmark,5,-0.0031862845279826482,0.05027159803715653,-0.3,4.0
global_mmlu_full_ko,50,global_mmlu_full,benchmark,4,-0.007648925140176926,0.052429102724837806,-0.39999999999999997,4.0
global_mmlu_full_ky,1,global_mmlu_full,benchmark,3,0.01944145686889346,0.23060508135521995,0.5,4.0
global_mmlu_full_ky,2,global_mmlu_full,benchmark,4,-0.011561187483077141,0.22878002155277255,-0.39999999999999997,4.0
global_mmlu_full_ky,8,global_mmlu_full,benchmark,4,0.005431615505324448,0.44786103774844077,0.39999999999999997,4.0
global_mmlu_full_ky,15,global_mmlu_full,benchmark,4,-0.016715064537322716,0.9027952724097096,-1.0,4.0
global_mmlu_full_ky,30,global_mmlu_full,benchmark,5,0.007884130707822993,0.3786570139606614,0.19999999999999998,4.0
global_mmlu_full_ky,50,global_mmlu_full,benchmark,4,-0.010910675803630542,0.06849006925132817,-0.39999999999999997,4.0
global_mmlu_full_lt,1,global_mmlu_full,benchmark,3,-0.015257487979235429,0.23701182898150475,-0.5,4.0
global_mmlu_full_lt,2,global_mmlu_full,benchmark,4,-0.031811050535972475,0.5064132326410757,-0.7999999999999999,4.0
global_mmlu_full_lt,8,global_mmlu_full,benchmark,4,-0.020793140033523644,0.9068146700400679,-1.0,4.0
global_mmlu_full_lt,15,global_mmlu_full,benchmark,4,-0.02574969484657543,0.43913917313228623,-0.39999999999999997,4.0
global_mmlu_full_lt,30,global_mmlu_full,benchmark,5,-0.0026629329487177127,0.0537599870927411,-0.3,4.0
global_mmlu_full_lt,50,global_mmlu_full,benchmark,4,-0.011992314598231702,0.05459520735027834,-0.39999999999999997,4.0
global_mmlu_full_mg,1,global_mmlu_full,benchmark,3,-0.007373558288511124,0.07344196513653789,-0.5,4.0
global_mmlu_full_mg,2,global_mmlu_full,benchmark,4,-0.015921956450443503,0.5270649354778876,-0.39999999999999997,4.0
global_mmlu_full_mg,8,global_mmlu_full,benchmark,4,0.014669918087276275,0.9959533599048197,1.0,4.0
global_mmlu_full_mg,15,global_mmlu_full,benchmark,4,-0.01600675419793908,0.433367154582769,-0.39999999999999997,4.0
global_mmlu_full_mg,30,global_mmlu_full,benchmark,5,-0.005379008478338476,0.09217849207881201,-0.49999999999999994,4.0
global_mmlu_full_mg,50,global_mmlu_full,benchmark,4,-0.017175592381668284,0.24431914179306347,-0.7999999999999999,4.0
global_mmlu_full_ms,1,global_mmlu_full,benchmark,3,0.017668706564539113,0.7069436255002097,0.5,4.0
global_mmlu_full_ms,2,global_mmlu_full,benchmark,4,-0.012908007955923513,0.08874449125395123,-0.39999999999999997,4.0
global_mmlu_full_ms,8,global_mmlu_full,benchmark,4,-0.007737330480691991,0.1282240900732463,0.0,4.0
global_mmlu_full_ms,15,global_mmlu_full,benchmark,4,-0.013088286743926784,0.32307032005029435,-0.7999999999999999,4.0
global_mmlu_full_ms,30,global_mmlu_full,benchmark,5,-0.006879885393809402,0.12674294266552188,-0.3,4.0
global_mmlu_full_ms,50,global_mmlu_full,benchmark,4,-0.02957769062287347,0.3066749352540281,-0.7999999999999999,4.0
global_mmlu_full_ne,1,global_mmlu_full,benchmark,3,0.03964869686857746,0.9956672439236526,1.0,4.0
global_mmlu_full_ne,2,global_mmlu_full,benchmark,4,-0.0006301785611121451,0.00033907579520198183,-0.19999999999999998,4.0
global_mmlu_full_ne,8,global_mmlu_full,benchmark,4,0.025092718987044876,0.9109085130899924,0.7999999999999999,4.0
global_mmlu_full_ne,15,global_mmlu_full,benchmark,4,0.01419587151828663,0.11681326512022328,0.39999999999999997,4.0
global_mmlu_full_ne,30,global_mmlu_full,benchmark,5,0.006874860221340763,0.359325812376463,0.7,4.0
global_mmlu_full_ne,50,global_mmlu_full,benchmark,4,0.0012651389219366692,0.0032277909522007153,0.19999999999999998,4.0
global_mmlu_full_nl,1,global_mmlu_full,benchmark,3,0.01987421538575774,0.9741931382129663,1.0,4.0
global_mmlu_full_nl,2,global_mmlu_full,benchmark,4,0.004768906926824818,0.023401647836587935,0.19999999999999998,4.0
global_mmlu_full_nl,8,global_mmlu_full,benchmark,4,-0.024028783935876354,0.5299946279513761,-0.7999999999999999,4.0
global_mmlu_full_nl,15,global_mmlu_full,benchmark,4,0.0027424826986750936,0.03177299423659208,-0.39999999999999997,4.0
global_mmlu_full_nl,30,global_mmlu_full,benchmark,5,0.00022505131176878647,0.00032724585354793057,-0.09999999999999999,4.0
global_mmlu_full_nl,50,global_mmlu_full,benchmark,4,-0.0059499163619573334,0.0651941184380912,-0.19999999999999998,4.0
global_mmlu_full_pl,1,global_mmlu_full,benchmark,3,-0.012478125683015656,0.9235407734341103,-1.0,4.0
global_mmlu_full_pl,2,global_mmlu_full,benchmark,4,-0.024953291332884094,0.42175440951803433,-0.7999999999999999,4.0
global_mmlu_full_pl,8,global_mmlu_full,benchmark,4,-0.022361472503930446,0.8616350515065421,-1.0,4.0
global_mmlu_full_pl,15,global_mmlu_full,benchmark,4,-0.010384142686570064,0.5094540829866676,-0.7999999999999999,4.0
global_mmlu_full_pl,30,global_mmlu_full,benchmark,5,-0.018258073124940072,0.6443289755633848,-0.8999999999999998,4.0
global_mmlu_full_pl,50,global_mmlu_full,benchmark,4,-0.019360151674303487,0.5126734042257015,-0.7999999999999999,4.0
global_mmlu_full_pt,1,global_mmlu_full,benchmark,3,0.021629532680909117,0.28770115187049083,0.5,4.0
global_mmlu_full_pt,2,global_mmlu_full,benchmark,4,-0.007956891433603343,0.07877150845619707,-0.39999999999999997,4.0
global_mmlu_full_pt,8,global_mmlu_full,benchmark,4,-0.015256468803985204,0.3600733643127818,-0.39999999999999997,4.0
global_mmlu_full_pt,15,global_mmlu_full,benchmark,4,-0.014202858458750862,0.21768756279120494,-0.19999999999999998,4.0
global_mmlu_full_pt,30,global_mmlu_full,benchmark,5,0.003238172667203794,0.03325576105919559,0.3,4.0
global_mmlu_full_pt,50,global_mmlu_full,benchmark,4,-0.001179950643252943,0.0009333234754441699,-0.39999999999999997,4.0
global_mmlu_full_ro,1,global_mmlu_full,benchmark,3,0.006268040440368222,0.8518360317625829,1.0,4.0
global_mmlu_full_ro,2,global_mmlu_full,benchmark,4,-0.014858324473583805,0.28742442271012236,-0.39999999999999997,4.0
global_mmlu_full_ro,8,global_mmlu_full,benchmark,4,-0.018529796496356454,0.8922480280301404,-1.0,4.0
global_mmlu_full_ro,15,global_mmlu_full,benchmark,4,-0.014515155223022116,0.1781887009064006,-0.19999999999999998,4.0
global_mmlu_full_ro,30,global_mmlu_full,benchmark,5,-0.006222316342527565,0.13714891542971896,-0.39999999999999997,4.0
global_mmlu_full_ro,50,global_mmlu_full,benchmark,4,-0.00865369604882955,0.10669844347181268,-0.6000000000000001,4.0
global_mmlu_full_ru,1,global_mmlu_full,benchmark,3,0.04037370917037666,0.5733377801326529,0.5,4.0
global_mmlu_full_ru,2,global_mmlu_full,benchmark,5,0.02288761440446099,0.4078601884389558,0.6,4.0
global_mmlu_full_ru,8,global_mmlu_full,benchmark,4,0.011276814493762553,0.1266601614215085,0.39999999999999997,4.0
global_mmlu_full_ru,15,global_mmlu_full,benchmark,4,0.009387268188549156,0.05843183210194747,-0.39999999999999997,4.0
global_mmlu_full_ru,30,global_mmlu_full,benchmark,5,0.002594228861619888,0.015708516515149595,0.3,4.0
global_mmlu_full_ru,50,global_mmlu_full,benchmark,4,-0.01558099002901069,0.19394012701689956,-0.7999999999999999,4.0
global_mmlu_full_si,1,global_mmlu_full,benchmark,3,0.04247107270628922,0.8475644518583313,1.0,4.0
global_mmlu_full_si,2,global_mmlu_full,benchmark,4,-0.010035919511621045,0.4650761722282821,-0.6000000000000001,4.0
global_mmlu_full_si,8,global_mmlu_full,benchmark,4,0.015746671435377477,0.5293942719508431,0.7999999999999999,4.0
global_mmlu_full_si,15,global_mmlu_full,benchmark,4,0.008813204979742218,0.03571099165957037,0.39999999999999997,4.0
global_mmlu_full_si,30,global_mmlu_full,benchmark,5,-0.0025670605831025154,0.028440504274621525,0.09999999999999999,4.0
global_mmlu_full_si,50,global_mmlu_full,benchmark,4,-0.007691601329211513,0.24035576835116057,-0.39999999999999997,4.0
global_mmlu_full_so,1,global_mmlu_full,benchmark,3,-0.022122176376357362,0.9039341754355807,-1.0,4.0
global_mmlu_full_so,2,global_mmlu_full,benchmark,4,-0.006549709470638218,0.12489613259217935,-0.39999999999999997,4.0
global_mmlu_full_so,8,global_mmlu_full,benchmark,4,0.007622799208005186,0.5818652330877843,0.6000000000000001,4.0
global_mmlu_full_so,15,global_mmlu_full,benchmark,4,-0.01682145656252457,0.6417743674677066,-0.7999999999999999,4.0
global_mmlu_full_so,30,global_mmlu_full,benchmark,5,-0.014682177153804522,0.2121765648680547,-0.7,4.0
global_mmlu_full_so,50,global_mmlu_full,benchmark,4,-0.024752923251548042,0.4460760922093894,-0.6000000000000001,4.0
global_mmlu_full_sr,1,global_mmlu_full,benchmark,3,-0.007427165440735717,0.03234472129933674,-0.5,4.0
global_mmlu_full_sr,2,global_mmlu_full,benchmark,4,-0.02545354314707138,0.40962727229878504,-0.39999999999999997,4.0
global_mmlu_full_sr,8,global_mmlu_full,benchmark,4,0.006954197007619344,0.17904108183226808,0.19999999999999998,4.0
global_mmlu_full_sr,15,global_mmlu_full,benchmark,4,-0.00025587774353000775,3.4530746164329607e-05,-0.19999999999999998,4.0
global_mmlu_full_sr,30,global_mmlu_full,benchmark,5,-0.007669161295723237,0.2187527863614207,-0.49999999999999994,4.0
global_mmlu_full_sr,50,global_mmlu_full,benchmark,4,-0.010455732189077053,0.08039865290489268,-0.39999999999999997,4.0
global_mmlu_full_sv,1,global_mmlu_full,benchmark,3,0.030984512440528716,0.9908585971696896,1.0,4.0
global_mmlu_full_sv,2,global_mmlu_full,benchmark,4,0.0010447132184504984,0.001149813128109467,0.19999999999999998,4.0
global_mmlu_full_sv,8,global_mmlu_full,benchmark,4,-0.0198540841478563,0.6478538661062719,-0.7999999999999999,4.0
global_mmlu_full_sv,15,global_mmlu_full,benchmark,4,-0.005413335949935383,0.04373310822635379,-0.39999999999999997,4.0
global_mmlu_full_sv,30,global_mmlu_full,benchmark,5,-0.01063527919722942,0.5183910837068766,-0.7,4.0
global_mmlu_full_sv,50,global_mmlu_full,benchmark,4,-0.023371444554658453,0.3075055341475661,-0.7999999999999999,4.0
global_mmlu_full_sw,1,global_mmlu_full,benchmark,3,-0.015109217306088014,0.11235954409952997,-0.5,4.0
global_mmlu_full_sw,2,global_mmlu_full,benchmark,4,-0.008665968858079008,0.7348222830616769,-0.7999999999999999,4.0
global_mmlu_full_sw,8,global_mmlu_full,benchmark,4,0.027319547810747656,0.8395604098609952,1.0,4.0
global_mmlu_full_sw,15,global_mmlu_full,benchmark,4,-0.01569822450228737,0.3253167137062848,-0.19999999999999998,4.0
global_mmlu_full_sw,30,global_mmlu_full,benchmark,5,0.007243365272363293,0.15359899290880386,0.19999999999999998,4.0
global_mmlu_full_sw,50,global_mmlu_full,benchmark,4,-0.01776373135172189,0.2493246043575882,-0.7999999999999999,4.0
global_mmlu_full_te,1,global_mmlu_full,benchmark,3,0.02456398701467173,0.7403310648447883,0.5,4.0
global_mmlu_full_te,2,global_mmlu_full,benchmark,4,0.009916750142488166,0.08333638509192987,0.19999999999999998,4.0
global_mmlu_full_te,8,global_mmlu_full,benchmark,4,0.022629204402511476,0.9449476425458779,0.9486832980505139,4.0
global_mmlu_full_te,15,global_mmlu_full,benchmark,4,0.027563769029762316,0.3919273427940434,0.7999999999999999,4.0
global_mmlu_full_te,30,global_mmlu_full,benchmark,5,-0.0020427562360018515,0.023504928287979454,0.09999999999999999,4.0
global_mmlu_full_te,50,global_mmlu_full,benchmark,4,0.010359633246599031,0.4233118094229569,0.19999999999999998,4.0
global_mmlu_full_tr,1,global_mmlu_full,benchmark,3,-0.0003105248297357966,0.00011535252162497844,-0.5,4.0
global_mmlu_full_tr,2,global_mmlu_full,benchmark,4,-0.023793557872401658,0.37477565457014284,-0.39999999999999997,4.0
global_mmlu_full_tr,8,global_mmlu_full,benchmark,4,-0.004170754068468375,0.10612153347161968,-0.39999999999999997,4.0
global_mmlu_full_tr,15,global_mmlu_full,benchmark,4,-0.013097389733630206,0.139820130261885,-0.19999999999999998,4.0
global_mmlu_full_tr,30,global_mmlu_full,benchmark,5,0.00755212079704311,0.19156073212054192,0.6,4.0
global_mmlu_full_tr,50,global_mmlu_full,benchmark,4,-0.008441618911952815,0.06404180552486749,0.0,4.0
global_mmlu_full_uk,1,global_mmlu_full,benchmark,3,0.03643970286068031,0.5206996587544506,0.5,4.0
global_mmlu_full_uk,2,global_mmlu_full,benchmark,4,-0.019660414091338483,0.33200585981462294,-0.7999999999999999,4.0
global_mmlu_full_uk,8,global_mmlu_full,benchmark,4,-0.0005661256940661898,0.004746337928787536,-0.39999999999999997,4.0
global_mmlu_full_uk,15,global_mmlu_full,benchmark,4,-0.016407726978566173,0.21654821280103376,-0.39999999999999997,4.0
global_mmlu_full_uk,30,global_mmlu_full,benchmark,5,-0.004726165095409023,0.1019025382840889,-0.39999999999999997,4.0
global_mmlu_full_uk,50,global_mmlu_full,benchmark,4,-0.010821389888009294,0.27135035914597594,-0.6000000000000001,4.0
global_mmlu_full_vi,1,global_mmlu_full,benchmark,3,-0.009014231654536436,0.8724209505009085,-1.0,4.0
global_mmlu_full_vi,2,global_mmlu_full,benchmark,4,-0.0044137896850024285,0.34597197849729444,-0.39999999999999997,4.0
global_mmlu_full_vi,8,global_mmlu_full,benchmark,4,0.007500818012489123,0.24447635968569004,0.19999999999999998,4.0
global_mmlu_full_vi,15,global_mmlu_full,benchmark,4,0.00038037657043267563,0.000534243790494271,-0.19999999999999998,4.0
global_mmlu_full_vi,30,global_mmlu_full,benchmark,5,-0.004134629690885116,0.21158687077505456,-0.09999999999999999,4.0
global_mmlu_full_vi,50,global_mmlu_full,benchmark,4,-0.006126426464876642,0.19491140662910433,-0.632455532033676,4.0
global_mmlu_full_zh,1,global_mmlu_full,benchmark,3,0.05451810678578187,0.7401056527579533,0.5,4.0
global_mmlu_full_zh,2,global_mmlu_full,benchmark,4,0.014384876335599876,0.2480166868124567,0.7999999999999999,4.0
global_mmlu_full_zh,8,global_mmlu_full,benchmark,4,0.018033520439145218,0.8186211679010589,1.0,4.0
global_mmlu_full_zh,15,global_mmlu_full,benchmark,4,0.013683734227234094,0.6357263844924328,0.7999999999999999,4.0
global_mmlu_full_zh,30,global_mmlu_full,benchmark,5,0.003296160384540322,0.06880020142796772,0.3,4.0
global_mmlu_full_zh,50,global_mmlu_full,benchmark,4,-0.006632777936436495,0.04941191337053086,-0.39999999999999997,4.0
global_piqa_nonparallel_cloze_asm_beng,1,global_piqa_nonparallel_cloze,benchmark,3,-0.04393310824337489,0.7404336917146555,-0.8660254037844387,2.0
global_piqa_nonparallel_cloze_asm_beng,2,global_piqa_nonparallel_cloze,benchmark,4,-0.013486588347149614,0.05408230422758764,-0.39999999999999997,2.0
global_piqa_nonparallel_cloze_asm_beng,8,global_piqa_nonparallel_cloze,benchmark,4,0.02758539078958946,0.3107126893821338,0.316227766016838,2.0
global_piqa_nonparallel_cloze_asm_beng,15,global_piqa_nonparallel_cloze,benchmark,4,-0.15294261238126947,0.7472484339643721,-0.7999999999999999,2.0
global_piqa_nonparallel_cloze_asm_beng,30,global_piqa_nonparallel_cloze,benchmark,5,0.0488671159374166,0.6809508287929413,0.8207826816681233,2.0
global_piqa_nonparallel_cloze_asm_beng,50,global_piqa_nonparallel_cloze,benchmark,4,0.03787569361343887,0.6704440278356405,0.7745966692414834,2.0
global_piqa_nonparallel_cloze_bos_latn,1,global_piqa_nonparallel_cloze,benchmark,3,-0.13264001511735402,0.999879498637854,-1.0,2.0
global_piqa_nonparallel_cloze_bos_latn,2,global_piqa_nonparallel_cloze,benchmark,4,-0.05673168867730846,0.567699403844065,-0.7999999999999999,2.0
global_piqa_nonparallel_cloze_bos_latn,8,global_piqa_nonparallel_cloze,benchmark,4,-0.029452033336438463,0.10563439295571697,-0.39999999999999997,2.0
global_piqa_nonparallel_cloze_bos_latn,15,global_piqa_nonparallel_cloze,benchmark,4,-0.07217118469194513,0.42403438167119956,-0.39999999999999997,2.0
global_piqa_nonparallel_cloze_bos_latn,30,global_piqa_nonparallel_cloze,benchmark,5,-0.017116056490902913,0.04993141221443287,0.05270462766947298,2.0
global_piqa_nonparallel_cloze_bos_latn,50,global_piqa_nonparallel_cloze,benchmark,4,0.18840158855217715,0.9931107430481378,1.0,2.0
global_piqa_nonparallel_cloze_ckb_arab,1,global_piqa_nonparallel_cloze,benchmark,3,0.021406093863535265,0.1004474956386372,0.5,2.0
global_piqa_nonparallel_cloze_ckb_arab,2,global_piqa_nonparallel_cloze,benchmark,4,0.03502996321780358,0.15202643251652903,0.19999999999999998,2.0
global_piqa_nonparallel_cloze_ckb_arab,8,global_piqa_nonparallel_cloze,benchmark,4,-0.00564432864854813,0.018428626587137953,-0.316227766016838,2.0
global_piqa_nonparallel_cloze_ckb_arab,15,global_piqa_nonparallel_cloze,benchmark,4,-0.02659877531326316,0.09017646121121514,-0.316227766016838,2.0
global_piqa_nonparallel_cloze_ckb_arab,30,global_piqa_nonparallel_cloze,benchmark,5,0.015580182199386885,0.10284014956556209,0.30779350562554625,2.0
global_piqa_nonparallel_cloze_ckb_arab,50,global_piqa_nonparallel_cloze,benchmark,4,-0.011758049453001901,0.09181678148801964,-0.316227766016838,2.0
global_piqa_nonparallel_cloze_kaz_cyrl,1,global_piqa_nonparallel_cloze,benchmark,3,-0.06674035275229107,0.7594458069231992,-0.8660254037844387,2.0
global_piqa_nonparallel_cloze_kaz_cyrl,2,global_piqa_nonparallel_cloze,benchmark,4,0.048255837377474756,0.29197162570374435,0.19999999999999998,2.0
global_piqa_nonparallel_cloze_kaz_cyrl,8,global_piqa_nonparallel_cloze,benchmark,4,0.02329597076892738,0.3139279681702052,0.316227766016838,2.0
global_piqa_nonparallel_cloze_kaz_cyrl,15,global_piqa_nonparallel_cloze,benchmark,4,0.0638836400103366,0.41867718661059117,0.316227766016838,2.0
global_piqa_nonparallel_cloze_kaz_cyrl,30,global_piqa_nonparallel_cloze,benchmark,5,0.041877063497498104,0.3377127019225652,0.6668859288553501,2.0
global_piqa_nonparallel_cloze_kaz_cyrl,50,global_piqa_nonparallel_cloze,benchmark,4,0.14676086459190332,0.8286130725298679,0.9486832980505139,2.0
global_piqa_parallel_cloze_als_latn,1,global_piqa_parallel_cloze,benchmark,3,0.0002720754323200931,0.00012050136214281082,0.0,2.0
global_piqa_parallel_cloze_als_latn,2,global_piqa_parallel_cloze,benchmark,4,-0.008278466592101064,0.09458550162339274,-0.316227766016838,2.0
global_piqa_parallel_cloze_als_latn,8,global_piqa_parallel_cloze,benchmark,4,0.051106156228934635,0.9779867855866821,1.0,2.0
global_piqa_parallel_cloze_als_latn,15,global_piqa_parallel_cloze,benchmark,4,0.017687660641720542,0.2094125393831664,0.39999999999999997,2.0
global_piqa_parallel_cloze_als_latn,30,global_piqa_parallel_cloze,benchmark,5,-0.003772276428128007,0.04476861849844349,-0.22360679774997894,2.0
global_piqa_parallel_cloze_als_latn,50,global_piqa_parallel_cloze,benchmark,4,0.04247161803730603,0.2515430371665668,0.7378647873726218,2.0
global_piqa_parallel_cloze_amh_ethi,1,global_piqa_parallel_cloze,benchmark,3,-0.08666746207016111,0.5822712330523774,-0.5,2.0
global_piqa_parallel_cloze_amh_ethi,2,global_piqa_parallel_cloze,benchmark,4,-0.003580745460405385,0.0023993003992057726,0.316227766016838,2.0
global_piqa_parallel_cloze_amh_ethi,8,global_piqa_parallel_cloze,benchmark,4,0.07115904647252005,0.6991727691711626,0.7999999999999999,2.0
global_piqa_parallel_cloze_amh_ethi,15,global_piqa_parallel_cloze,benchmark,4,0.021987712647006833,0.049404761940539776,0.0,2.0
global_piqa_parallel_cloze_amh_ethi,30,global_piqa_parallel_cloze,benchmark,5,-0.03131138493462798,0.22032590259507556,-0.35909242322980395,2.0
global_piqa_parallel_cloze_amh_ethi,50,global_piqa_parallel_cloze,benchmark,4,-0.021416323371441726,0.06747179034363182,-0.39999999999999997,2.0
global_piqa_parallel_cloze_apc_arab_jord,1,global_piqa_parallel_cloze,benchmark,3,-0.23622643596888204,0.9982814235038655,-1.0,2.0
global_piqa_parallel_cloze_apc_arab_jord,2,global_piqa_parallel_cloze,benchmark,4,-0.019800379734182066,0.012192945143898237,0.19999999999999998,2.0
global_piqa_parallel_cloze_apc_arab_jord,8,global_piqa_parallel_cloze,benchmark,4,-0.07483807070968669,0.6345313478941141,-0.7999999999999999,2.0
global_piqa_parallel_cloze_apc_arab_jord,15,global_piqa_parallel_cloze,benchmark,4,0.017025288702798402,0.20421680073102955,0.632455532033676,2.0
global_piqa_parallel_cloze_apc_arab_jord,30,global_piqa_parallel_cloze,benchmark,5,0.06209313604165542,0.6739282531563067,0.8207826816681233,2.0
global_piqa_parallel_cloze_apc_arab_jord,50,global_piqa_parallel_cloze,benchmark,4,0.0373283657884924,0.7772355075801334,0.9486832980505139,2.0
global_piqa_parallel_cloze_apc_arab_leba,1,global_piqa_parallel_cloze,benchmark,3,-0.08612331120552098,0.928828370414218,-1.0,2.0
global_piqa_parallel_cloze_apc_arab_leba,2,global_piqa_parallel_cloze,benchmark,4,-0.055196985007972585,0.5701228383406769,-0.632455532033676,2.0
global_piqa_parallel_cloze_apc_arab_leba,8,global_piqa_parallel_cloze,benchmark,4,-0.032395647516738936,0.3929704372725148,-0.39999999999999997,2.0
global_piqa_parallel_cloze_apc_arab_leba,15,global_piqa_parallel_cloze,benchmark,4,-0.055858406961375257,0.7458720516571229,-0.7999999999999999,2.0
global_piqa_parallel_cloze_apc_arab_leba,30,global_piqa_parallel_cloze,benchmark,5,0.03989932930376656,0.7826057807071156,0.8720815992723809,2.0
global_piqa_parallel_cloze_apc_arab_leba,50,global_piqa_parallel_cloze,benchmark,4,-0.010573201415116551,0.019954298967069573,0.0,2.0
global_piqa_parallel_cloze_apc_arab_pale,1,global_piqa_parallel_cloze,benchmark,3,0.021597178150641425,0.759445806923197,0.8660254037844387,2.0
global_piqa_parallel_cloze_apc_arab_pale,2,global_piqa_parallel_cloze,benchmark,4,-0.007298006994811784,0.0034188765406347743,0.21081851067789195,2.0
global_piqa_parallel_cloze_apc_arab_pale,8,global_piqa_parallel_cloze,benchmark,4,-0.07365535065991137,0.9363841731212029,-0.9486832980505139,2.0
global_piqa_parallel_cloze_apc_arab_pale,15,global_piqa_parallel_cloze,benchmark,4,-0.005053714875206229,0.031083187693118908,-0.21081851067789195,2.0
global_piqa_parallel_cloze_apc_arab_pale,30,global_piqa_parallel_cloze,benchmark,5,0.011772997998715434,0.013056378733060314,0.10259783520851541,2.0
global_piqa_parallel_cloze_apc_arab_pale,50,global_piqa_parallel_cloze,benchmark,4,0.05286500266891467,0.5583868366154557,0.632455532033676,2.0
global_piqa_parallel_cloze_apc_arab_syri,1,global_piqa_parallel_cloze,benchmark,3,-0.01860665714258478,0.005077529088841848,-0.5,2.0
global_piqa_parallel_cloze_apc_arab_syri,2,global_piqa_parallel_cloze,benchmark,4,-0.011656213885111405,0.007692563244103723,0.19999999999999998,2.0
global_piqa_parallel_cloze_apc_arab_syri,8,global_piqa_parallel_cloze,benchmark,4,0.005909802030208538,0.016074922086891985,0.2581988897471611,2.0
global_piqa_parallel_cloze_apc_arab_syri,15,global_piqa_parallel_cloze,benchmark,4,0.013189937647827936,0.06469250879189925,0.316227766016838,2.0
global_piqa_parallel_cloze_apc_arab_syri,30,global_piqa_parallel_cloze,benchmark,5,0.09765834584670059,0.8428698770896805,0.8999999999999998,2.0
global_piqa_parallel_cloze_apc_arab_syri,50,global_piqa_parallel_cloze,benchmark,4,0.13855981937796108,0.8801917170145054,0.9486832980505139,2.0
global_piqa_parallel_cloze_arb_arab,1,global_piqa_parallel_cloze,benchmark,3,-0.04238257936117286,0.41772457721828093,-0.5,2.0
global_piqa_parallel_cloze_arb_arab,2,global_piqa_parallel_cloze,benchmark,4,0.026137665115574492,0.14505565682521337,0.39999999999999997,2.0
global_piqa_parallel_cloze_arb_arab,8,global_piqa_parallel_cloze,benchmark,4,-0.0054802308620874735,0.018430704697626088,-0.316227766016838,2.0
global_piqa_parallel_cloze_arb_arab,15,global_piqa_parallel_cloze,benchmark,4,0.10001422679134171,0.7970573142803491,0.7999999999999999,2.0
global_piqa_parallel_cloze_arb_arab,30,global_piqa_parallel_cloze,benchmark,5,0.03252579669939414,0.47549951731513795,0.7378647873726218,2.0
global_piqa_parallel_cloze_arb_arab,50,global_piqa_parallel_cloze,benchmark,4,0.007849014410408027,0.004823031103764808,0.316227766016838,2.0
global_piqa_parallel_cloze_ars_arab,1,global_piqa_parallel_cloze,benchmark,3,-0.06425186096714727,0.9601047835951289,-1.0,2.0
global_piqa_parallel_cloze_ars_arab,2,global_piqa_parallel_cloze,benchmark,4,0.02971841756039282,0.8864808673541326,0.9486832980505139,2.0
global_piqa_parallel_cloze_ars_arab,8,global_piqa_parallel_cloze,benchmark,4,-0.05501298202880502,0.5103931804104882,-0.7999999999999999,2.0
global_piqa_parallel_cloze_ars_arab,15,global_piqa_parallel_cloze,benchmark,4,0.040697445102385835,0.37580245068234475,0.6000000000000001,2.0
global_piqa_parallel_cloze_ars_arab,30,global_piqa_parallel_cloze,benchmark,5,0.07253599306609831,0.9405578812221234,0.9746794344808964,2.0
global_piqa_parallel_cloze_ars_arab,50,global_piqa_parallel_cloze,benchmark,4,-0.04360277772144314,0.0558140963793331,0.0,2.0
global_piqa_parallel_cloze_ary_arab,1,global_piqa_parallel_cloze,benchmark,3,0.0869395094794681,0.4394590335135078,0.5,2.0
global_piqa_parallel_cloze_ary_arab,2,global_piqa_parallel_cloze,benchmark,4,0.021828694718948268,0.10315254382582628,0.21081851067789195,2.0
global_piqa_parallel_cloze_ary_arab,8,global_piqa_parallel_cloze,benchmark,4,0.006957719413942685,0.05629049444044154,0.316227766016838,2.0
global_piqa_parallel_cloze_ary_arab,15,global_piqa_parallel_cloze,benchmark,4,-0.057632579896295416,0.8718491346657897,-0.9486832980505139,2.0
global_piqa_parallel_cloze_ary_arab,30,global_piqa_parallel_cloze,benchmark,5,0.001349665327352071,0.0005510823277826704,0.15389675281277312,2.0
global_piqa_parallel_cloze_ary_arab,50,global_piqa_parallel_cloze,benchmark,4,0.048187830352445976,0.597789312159656,0.7999999999999999,2.0
global_piqa_parallel_cloze_arz_arab,1,global_piqa_parallel_cloze,benchmark,3,-0.06452390837645453,0.9682523134273403,-1.0,2.0
global_piqa_parallel_cloze_arz_arab,2,global_piqa_parallel_cloze,benchmark,4,-0.08988568596395674,0.6068013600620887,-0.7745966692414834,2.0
global_piqa_parallel_cloze_arz_arab,8,global_piqa_parallel_cloze,benchmark,4,0.007186541941147363,0.047539057763940074,0.10540925533894598,2.0
global_piqa_parallel_cloze_arz_arab,15,global_piqa_parallel_cloze,benchmark,4,0.0543532207226385,0.5273052584212412,0.7999999999999999,2.0
global_piqa_parallel_cloze_arz_arab,30,global_piqa_parallel_cloze,benchmark,5,-0.027508834581357052,0.7002543590490851,-0.8207826816681233,2.0
global_piqa_parallel_cloze_arz_arab,50,global_piqa_parallel_cloze,benchmark,4,0.058008688686380476,0.8832763002695748,0.9486832980505139,2.0
global_piqa_parallel_cloze_azj_latn,1,global_piqa_parallel_cloze,benchmark,3,0.08639538663784088,0.7594458069231996,0.8660254037844387,2.0
global_piqa_parallel_cloze_azj_latn,2,global_piqa_parallel_cloze,benchmark,4,0.05943815072378873,0.886478607202978,0.9486832980505139,2.0
global_piqa_parallel_cloze_azj_latn,8,global_piqa_parallel_cloze,benchmark,4,0.0056140125636277224,0.08703193828851319,0.316227766016838,2.0
global_piqa_parallel_cloze_azj_latn,15,global_piqa_parallel_cloze,benchmark,4,-0.031056161592039038,0.253172518780732,-0.632455532033676,2.0
global_piqa_parallel_cloze_azj_latn,30,global_piqa_parallel_cloze,benchmark,5,-0.05981254749594517,0.5801937710608708,-0.8999999999999998,2.0
global_piqa_parallel_cloze_azj_latn,50,global_piqa_parallel_cloze,benchmark,4,-0.0766285755005114,0.47931019519148643,-0.6000000000000001,2.0
global_piqa_parallel_cloze_bel_cyrl,1,global_piqa_parallel_cloze,benchmark,3,0.0002720754323199472,0.000120501362148695,0.0,2.0
global_piqa_parallel_cloze_bel_cyrl,2,global_piqa_parallel_cloze,benchmark,4,0.03380717026132191,0.05841940244251542,0.19999999999999998,2.0
global_piqa_parallel_cloze_bel_cyrl,8,global_piqa_parallel_cloze,benchmark,4,-0.08645692612918736,0.9829498317101991,-1.0,2.0
global_piqa_parallel_cloze_bel_cyrl,15,global_piqa_parallel_cloze,benchmark,4,0.024891782742943565,0.23040423247467323,0.632455532033676,2.0
global_piqa_parallel_cloze_bel_cyrl,30,global_piqa_parallel_cloze,benchmark,5,-0.015489398348803871,0.47175421402494566,-0.7826237921249264,2.0
global_piqa_parallel_cloze_bel_cyrl,50,global_piqa_parallel_cloze,benchmark,4,-0.062400031622664553,0.6280060016260961,-0.7999999999999999,2.0
global_piqa_parallel_cloze_ben_beng,1,global_piqa_parallel_cloze,benchmark,3,-0.08530711293157377,0.7404336917146551,-0.8660254037844387,2.0
global_piqa_parallel_cloze_ben_beng,2,global_piqa_parallel_cloze,benchmark,4,-0.05512918032716239,0.404283728555783,-0.39999999999999997,2.0
global_piqa_parallel_cloze_ben_beng,8,global_piqa_parallel_cloze,benchmark,4,-0.029803578996197715,0.9811955399019759,-1.0,2.0
global_piqa_parallel_cloze_ben_beng,15,global_piqa_parallel_cloze,benchmark,4,0.034621658413521224,0.20057635693428288,0.39999999999999997,2.0
global_piqa_parallel_cloze_ben_beng,30,global_piqa_parallel_cloze,benchmark,5,-0.0534184483984832,0.4725188667803024,-0.7181848464596079,2.0
global_piqa_parallel_cloze_ben_beng,50,global_piqa_parallel_cloze,benchmark,4,0.015609128392944538,0.014058909717372892,0.19999999999999998,2.0
global_piqa_parallel_cloze_ben_latn,1,global_piqa_parallel_cloze,benchmark,3,-0.10745063860226743,0.9892283076659408,-1.0,2.0
global_piqa_parallel_cloze_ben_latn,2,global_piqa_parallel_cloze,benchmark,4,0.008735458836255063,0.10530560359270147,0.316227766016838,2.0
global_piqa_parallel_cloze_ben_latn,8,global_piqa_parallel_cloze,benchmark,4,-0.04956170073770326,0.7235539415173482,-0.7745966692414834,2.0
global_piqa_parallel_cloze_ben_latn,15,global_piqa_parallel_cloze,benchmark,4,-0.004211459845055696,0.07914075199759152,-0.2581988897471611,2.0
global_piqa_parallel_cloze_ben_latn,30,global_piqa_parallel_cloze,benchmark,5,0.008640827799785524,0.033557694343067546,0.05270462766947298,2.0
global_piqa_parallel_cloze_ben_latn,50,global_piqa_parallel_cloze,benchmark,4,0.010107121482771575,0.031079836571776043,0.21081851067789195,2.0
global_piqa_parallel_cloze_bul_cyrl,1,global_piqa_parallel_cloze,benchmark,3,-0.021055279987439335,0.24057961157782026,-0.5,2.0
global_piqa_parallel_cloze_bul_cyrl,2,global_piqa_parallel_cloze,benchmark,4,0.004493400376884479,0.020266388979731653,0.21081851067789195,2.0
global_piqa_parallel_cloze_bul_cyrl,8,global_piqa_parallel_cloze,benchmark,4,-0.06547864519719804,0.466607910829281,-0.7999999999999999,2.0
global_piqa_parallel_cloze_bul_cyrl,15,global_piqa_parallel_cloze,benchmark,4,-0.005985941047616549,0.03997051313536737,-0.2581988897471611,2.0
global_piqa_parallel_cloze_bul_cyrl,30,global_piqa_parallel_cloze,benchmark,5,0.0699416420488372,0.5199548716778553,0.7,2.0
global_piqa_parallel_cloze_bul_cyrl,50,global_piqa_parallel_cloze,benchmark,4,0.11891923973220073,0.8764620244594462,0.9486832980505139,2.0
global_piqa_parallel_cloze_cat_latn,1,global_piqa_parallel_cloze,benchmark,3,-0.001632396547894516,0.00012050136214591944,0.0,2.0
global_piqa_parallel_cloze_cat_latn,2,global_piqa_parallel_cloze,benchmark,4,0.004494293120439089,0.02027216481444083,0.21081851067789195,2.0
global_piqa_parallel_cloze_cat_latn,8,global_piqa_parallel_cloze,benchmark,4,-0.04391975956759075,0.7222864887033098,-0.9486832980505139,2.0
global_piqa_parallel_cloze_cat_latn,15,global_piqa_parallel_cloze,benchmark,4,-0.037885620192926454,0.25618891682700207,-0.39999999999999997,2.0
global_piqa_parallel_cloze_cat_latn,30,global_piqa_parallel_cloze,benchmark,5,-0.026690925585489845,0.1648096595214198,-0.35909242322980395,2.0
global_piqa_parallel_cloze_cat_latn,50,global_piqa_parallel_cloze,benchmark,4,0.035930301643657465,0.4937733807828657,0.7999999999999999,2.0
global_piqa_parallel_cloze_ces_latn,1,global_piqa_parallel_cloze,benchmark,3,-0.15064944426040042,0.9473217850959559,-1.0,2.0
global_piqa_parallel_cloze_ces_latn,2,global_piqa_parallel_cloze,benchmark,4,0.008464219159775233,0.019774735033594282,0.19999999999999998,2.0
global_piqa_parallel_cloze_ces_latn,8,global_piqa_parallel_cloze,benchmark,4,0.013887358044188471,0.050722046990311465,0.39999999999999997,2.0
global_piqa_parallel_cloze_ces_latn,15,global_piqa_parallel_cloze,benchmark,4,0.0953381914969818,0.9288244656854203,1.0,2.0
global_piqa_parallel_cloze_ces_latn,30,global_piqa_parallel_cloze,benchmark,5,0.0340684291159311,0.42461092532683453,0.5270462766947299,2.0
global_piqa_parallel_cloze_ces_latn,50,global_piqa_parallel_cloze,benchmark,4,0.043977507529499256,0.7397196752325879,0.7999999999999999,2.0
global_piqa_parallel_cloze_cmn_hans,1,global_piqa_parallel_cloze,benchmark,3,0.1503751721726683,0.9949224709111582,1.0,2.0
global_piqa_parallel_cloze_cmn_hans,2,global_piqa_parallel_cloze,benchmark,4,-0.06372769324555509,0.3422796493613369,-0.316227766016838,2.0
global_piqa_parallel_cloze_cmn_hans,8,global_piqa_parallel_cloze,benchmark,4,0.028326090444342623,0.932984689081955,0.9486832980505139,2.0
global_piqa_parallel_cloze_cmn_hans,15,global_piqa_parallel_cloze,benchmark,4,0.044354050088236764,0.3172931817793848,0.7999999999999999,2.0
global_piqa_parallel_cloze_cmn_hans,30,global_piqa_parallel_cloze,benchmark,5,0.07710099737164704,0.9351499868681775,0.9999999999999999,2.0
global_piqa_parallel_cloze_cmn_hans,50,global_piqa_parallel_cloze,benchmark,4,0.09094601980622974,0.7532339627727862,0.7999999999999999,2.0
global_piqa_parallel_cloze_cmn_hant,1,global_piqa_parallel_cloze,benchmark,3,0.1930276303107489,0.994380248512591,1.0,2.0
global_piqa_parallel_cloze_cmn_hant,2,global_piqa_parallel_cloze,benchmark,4,-0.02926142531623878,0.21984334767888158,-0.7378647873726218,2.0
global_piqa_parallel_cloze_cmn_hant,8,global_piqa_parallel_cloze,benchmark,4,0.05999841433511054,0.36315056642271026,0.7378647873726218,2.0
global_piqa_parallel_cloze_cmn_hant,15,global_piqa_parallel_cloze,benchmark,4,-0.007204430368863872,0.0868491172308058,-0.316227766016838,2.0
global_piqa_parallel_cloze_cmn_hant,30,global_piqa_parallel_cloze,benchmark,5,0.04378528649137921,0.23199334312053765,0.3,2.0
global_piqa_parallel_cloze_cmn_hant,50,global_piqa_parallel_cloze,benchmark,4,-0.017131668760407098,0.04733656563365185,-0.316227766016838,2.0
global_piqa_parallel_cloze_deu_latn,1,global_piqa_parallel_cloze,benchmark,3,0.17170249956941475,0.9998794986378541,1.0,2.0
global_piqa_parallel_cloze_deu_latn,2,global_piqa_parallel_cloze,benchmark,4,0.02985492664998084,0.517931093599369,0.632455532033676,2.0
global_piqa_parallel_cloze_deu_latn,8,global_piqa_parallel_cloze,benchmark,4,0.06827205727268695,0.7860525677378326,0.7999999999999999,2.0
global_piqa_parallel_cloze_deu_latn,15,global_piqa_parallel_cloze,benchmark,4,0.0687438597943358,0.11736909330198753,0.316227766016838,2.0
global_piqa_parallel_cloze_deu_latn,30,global_piqa_parallel_cloze,benchmark,5,0.06673794983982519,0.32140071291190064,0.6708203932499368,2.0
global_piqa_parallel_cloze_deu_latn,50,global_piqa_parallel_cloze,benchmark,4,0.06109012586940793,0.3046331787182892,0.39999999999999997,2.0
global_piqa_parallel_cloze_ekk_latn,1,global_piqa_parallel_cloze,benchmark,3,0.04319658097970791,0.7594458069231993,0.8660254037844387,2.0
global_piqa_parallel_cloze_ekk_latn,2,global_piqa_parallel_cloze,benchmark,4,0.029650605895169716,0.5108772103963202,0.632455532033676,2.0
global_piqa_parallel_cloze_ekk_latn,8,global_piqa_parallel_cloze,benchmark,4,0.03964813543276148,0.7235539415173478,0.7745966692414834,2.0
global_piqa_parallel_cloze_ekk_latn,15,global_piqa_parallel_cloze,benchmark,4,0.032938159874317315,0.45386548021217143,0.632455532033676,2.0
global_piqa_parallel_cloze_ekk_latn,30,global_piqa_parallel_cloze,benchmark,5,-0.039477239331604214,0.9080183535814125,-0.9746794344808964,2.0
global_piqa_parallel_cloze_ekk_latn,50,global_piqa_parallel_cloze,benchmark,4,-0.01646929682148489,0.4538540607605679,-0.632455532033676,2.0
global_piqa_parallel_cloze_ell_grek,1,global_piqa_parallel_cloze,benchmark,3,0.0005441508646400207,0.00012050136214714069,0.0,2.0
global_piqa_parallel_cloze_ell_grek,2,global_piqa_parallel_cloze,benchmark,4,-0.021830017306364094,0.10316296057769336,-0.21081851067789195,2.0
global_piqa_parallel_cloze_ell_grek,8,global_piqa_parallel_cloze,benchmark,4,-0.027077576596904115,0.462797832762631,-0.7999999999999999,2.0
global_piqa_parallel_cloze_ell_grek,15,global_piqa_parallel_cloze,benchmark,4,-0.01917600419645603,0.0559378699569586,-0.316227766016838,2.0
global_piqa_parallel_cloze_ell_grek,30,global_piqa_parallel_cloze,benchmark,5,0.06346584900994477,0.7727305933647134,0.8999999999999998,2.0
global_piqa_parallel_cloze_ell_grek,50,global_piqa_parallel_cloze,benchmark,4,0.004391034668643223,0.00645292590975155,0.19999999999999998,2.0
global_piqa_parallel_cloze_eng_latn,1,global_piqa_parallel_cloze,benchmark,3,0.12905004143133397,0.9682500791362271,1.0,2.0
global_piqa_parallel_cloze_eng_latn,2,global_piqa_parallel_cloze,benchmark,4,0.23496571176105435,0.8338481396661666,1.0,2.0
global_piqa_parallel_cloze_eng_latn,8,global_piqa_parallel_cloze,benchmark,4,0.09239435930886519,0.714386553040337,0.7999999999999999,2.0
global_piqa_parallel_cloze_eng_latn,15,global_piqa_parallel_cloze,benchmark,4,0.10282648546945332,0.9312217295521259,1.0,2.0
global_piqa_parallel_cloze_eng_latn,30,global_piqa_parallel_cloze,benchmark,5,0.10855610633077487,0.6620736936988398,0.7999999999999999,2.0
global_piqa_parallel_cloze_eng_latn,50,global_piqa_parallel_cloze,benchmark,4,0.15839945803645966,0.9907986895580343,1.0,2.0
global_piqa_parallel_cloze_fao_latn,1,global_piqa_parallel_cloze,benchmark,3,0.10745063860226743,0.9892283076659408,1.0,2.0
global_piqa_parallel_cloze_fao_latn,2,global_piqa_parallel_cloze,benchmark,4,0.05070226902808536,0.545828089787047,0.7999999999999999,2.0
global_piqa_parallel_cloze_fao_latn,8,global_piqa_parallel_cloze,benchmark,4,-0.001382593005994198,0.0006210445158641997,-0.19999999999999998,2.0
global_piqa_parallel_cloze_fao_latn,15,global_piqa_parallel_cloze,benchmark,4,-0.09721791573504261,0.7029057249484332,-0.7999999999999999,2.0
global_piqa_parallel_cloze_fao_latn,30,global_piqa_parallel_cloze,benchmark,5,0.0024762141960245434,0.009646234771757078,0.15811388300841897,2.0
global_piqa_parallel_cloze_fao_latn,50,global_piqa_parallel_cloze,benchmark,4,0.04116328307481051,0.5275098101678637,0.632455532033676,2.0
global_piqa_parallel_cloze_fin_latn,1,global_piqa_parallel_cloze,benchmark,3,0.086939537502481,0.4394463843597648,0.5,2.0
global_piqa_parallel_cloze_fin_latn,2,global_piqa_parallel_cloze,benchmark,4,-0.016353935016806962,0.043423424208361316,-0.10540925533894598,2.0
global_piqa_parallel_cloze_fin_latn,8,global_piqa_parallel_cloze,benchmark,4,0.046740657512745316,0.9463692861403658,0.9486832980505139,2.0
global_piqa_parallel_cloze_fin_latn,15,global_piqa_parallel_cloze,benchmark,4,0.018422090324512894,0.06309810663003945,0.316227766016838,2.0
global_piqa_parallel_cloze_fin_latn,30,global_piqa_parallel_cloze,benchmark,5,0.055307033711139826,0.44555041163916176,0.8720815992723809,2.0
global_piqa_parallel_cloze_fin_latn,50,global_piqa_parallel_cloze,benchmark,4,0.038546855109739764,0.9945596713605803,1.0,2.0
global_piqa_parallel_cloze_fra_latn_cana,1,global_piqa_parallel_cloze,benchmark,3,-0.04483120220602752,0.06292088368357796,-0.5,2.0
global_piqa_parallel_cloze_fra_latn_cana,2,global_piqa_parallel_cloze,benchmark,4,0.09711498854999095,0.5817160044262695,0.6000000000000001,2.0
global_piqa_parallel_cloze_fra_latn_cana,8,global_piqa_parallel_cloze,benchmark,4,0.10230690364930606,0.734079951221513,0.7999999999999999,2.0
global_piqa_parallel_cloze_fra_latn_cana,15,global_piqa_parallel_cloze,benchmark,4,0.09702125626753343,0.736906878551416,0.7999999999999999,2.0
global_piqa_parallel_cloze_fra_latn_cana,30,global_piqa_parallel_cloze,benchmark,5,0.09232979820871531,0.9061204596378386,0.8999999999999998,2.0
global_piqa_parallel_cloze_fra_latn_cana,50,global_piqa_parallel_cloze,benchmark,4,-0.004211026076403291,0.07914075199758908,-0.2581988897471611,2.0
global_piqa_parallel_cloze_fra_latn_fran,1,global_piqa_parallel_cloze,benchmark,3,0.0008161982739472518,0.00012050136214492024,0.0,2.0
global_piqa_parallel_cloze_fra_latn_fran,2,global_piqa_parallel_cloze,benchmark,4,0.04641271952190575,0.3549658835317979,0.7378647873726218,2.0
global_piqa_parallel_cloze_fra_latn_fran,8,global_piqa_parallel_cloze,benchmark,4,0.07375111499306133,0.7752644600183874,0.7999999999999999,2.0
global_piqa_parallel_cloze_fra_latn_fran,15,global_piqa_parallel_cloze,benchmark,4,0.029085329189609585,0.066225735462216,0.19999999999999998,2.0
global_piqa_parallel_cloze_fra_latn_fran,30,global_piqa_parallel_cloze,benchmark,5,0.061918486397434816,0.5743932690551834,0.5642880936468347,2.0
global_piqa_parallel_cloze_fra_latn_fran,50,global_piqa_parallel_cloze,benchmark,4,-0.026952527094341636,0.22101757225313468,-0.316227766016838,2.0
global_piqa_parallel_cloze_glg_latn,1,global_piqa_parallel_cloze,benchmark,3,0.19248570412453395,0.9002369244842505,1.0,2.0
global_piqa_parallel_cloze_glg_latn,2,global_piqa_parallel_cloze,benchmark,4,-0.04705370491804349,0.6984052944234622,-0.7999999999999999,2.0
global_piqa_parallel_cloze_glg_latn,8,global_piqa_parallel_cloze,benchmark,4,-0.04267124572015232,0.7887477564603945,-0.9486832980505139,2.0
global_piqa_parallel_cloze_glg_latn,15,global_piqa_parallel_cloze,benchmark,4,0.057346316747458215,0.4402427443593201,0.7999999999999999,2.0
global_piqa_parallel_cloze_glg_latn,30,global_piqa_parallel_cloze,benchmark,5,0.034068098555824176,0.4246169246981586,0.5270462766947299,2.0
global_piqa_parallel_cloze_glg_latn,50,global_piqa_parallel_cloze,benchmark,4,0.039766481453095984,0.8820215368596221,0.9486832980505139,2.0
global_piqa_parallel_cloze_guj_gujr,1,global_piqa_parallel_cloze,benchmark,3,-0.001088245683254328,0.00012050136214614149,0.0,2.0
global_piqa_parallel_cloze_guj_gujr,2,global_piqa_parallel_cloze,benchmark,4,0.0346018842753498,0.1943934653499424,0.39999999999999997,2.0
global_piqa_parallel_cloze_guj_gujr,8,global_piqa_parallel_cloze,benchmark,4,0.030756600834070957,0.1412081651629643,0.0,2.0
global_piqa_parallel_cloze_guj_gujr,15,global_piqa_parallel_cloze,benchmark,4,-0.04331387306745673,0.4829781009917615,-0.7999999999999999,2.0
global_piqa_parallel_cloze_guj_gujr,30,global_piqa_parallel_cloze,benchmark,5,0.05544778003788054,0.7112534353785387,0.8720815992723809,2.0
global_piqa_parallel_cloze_guj_gujr,50,global_piqa_parallel_cloze,benchmark,4,0.029011700654978427,0.1126754531674764,0.19999999999999998,2.0
global_piqa_parallel_cloze_hau_latn,1,global_piqa_parallel_cloze,benchmark,3,0.04292673022581294,0.9998794986378541,1.0,2.0
global_piqa_parallel_cloze_hau_latn,2,global_piqa_parallel_cloze,benchmark,4,-0.029398364249688218,0.27262854089919486,-0.6000000000000001,2.0
global_piqa_parallel_cloze_hau_latn,8,global_piqa_parallel_cloze,benchmark,4,-0.026916589796364576,0.8423805940120541,-0.9486832980505139,2.0
global_piqa_parallel_cloze_hau_latn,15,global_piqa_parallel_cloze,benchmark,4,0.037704474578577556,0.47578279472851037,0.6000000000000001,2.0
global_piqa_parallel_cloze_hau_latn,30,global_piqa_parallel_cloze,benchmark,5,-0.009576441608814401,0.03355021260910551,0.05270462766947298,2.0
global_piqa_parallel_cloze_hau_latn,50,global_piqa_parallel_cloze,benchmark,4,0.03395885270594671,0.2616536427209417,0.39999999999999997,2.0
global_piqa_parallel_cloze_haw_latn,1,global_piqa_parallel_cloze,benchmark,3,-0.021053055309014305,0.24052877549331186,-0.5,2.0
global_piqa_parallel_cloze_haw_latn,2,global_piqa_parallel_cloze,benchmark,4,-0.012519632307916976,0.06409427377509147,-0.2581988897471611,2.0
global_piqa_parallel_cloze_haw_latn,8,global_piqa_parallel_cloze,benchmark,4,0.019729469627535367,0.1686233105234044,0.316227766016838,2.0
global_piqa_parallel_cloze_haw_latn,15,global_piqa_parallel_cloze,benchmark,4,-0.020680322897888185,0.30133535483642215,-0.632455532033676,2.0
global_piqa_parallel_cloze_haw_latn,30,global_piqa_parallel_cloze,benchmark,5,0.02602052435415716,0.16386246933449833,0.41039134083406165,2.0
global_piqa_parallel_cloze_haw_latn,50,global_piqa_parallel_cloze,benchmark,4,-0.030501615000475026,0.7783622885334666,-0.8944271909999159,2.0
global_piqa_parallel_cloze_heb_hebr,1,global_piqa_parallel_cloze,benchmark,3,-0.021869253582961493,0.2595402379029551,-0.5,2.0
global_piqa_parallel_cloze_heb_hebr,2,global_piqa_parallel_cloze,benchmark,4,-0.013043113629878053,0.036828004933995184,-0.316227766016838,2.0
global_piqa_parallel_cloze_heb_hebr,8,global_piqa_parallel_cloze,benchmark,4,0.004499280417729499,0.006576843556271195,0.10540925533894598,2.0
global_piqa_parallel_cloze_heb_hebr,15,global_piqa_parallel_cloze,benchmark,4,0.024336099129270768,0.0871233034388661,0.39999999999999997,2.0
global_piqa_parallel_cloze_heb_hebr,30,global_piqa_parallel_cloze,benchmark,5,-0.007122868968910449,0.024185232650928312,-0.20519567041703082,2.0
global_piqa_parallel_cloze_heb_hebr,50,global_piqa_parallel_cloze,benchmark,4,0.009175137270281427,0.006552027009374406,-0.21081851067789195,2.0
global_piqa_parallel_cloze_hin_deva,1,global_piqa_parallel_cloze,benchmark,3,-0.12877576934360171,0.9998794986378541,-1.0,2.0
global_piqa_parallel_cloze_hin_deva,2,global_piqa_parallel_cloze,benchmark,4,-0.0465967196583025,0.6849174487557277,-0.7999999999999999,2.0
global_piqa_parallel_cloze_hin_deva,8,global_piqa_parallel_cloze,benchmark,4,-0.03823863478478338,0.8973233923143338,-0.9486832980505139,2.0
global_piqa_parallel_cloze_hin_deva,15,global_piqa_parallel_cloze,benchmark,4,0.06960289120076714,0.6061142194979312,0.7999999999999999,2.0
global_piqa_parallel_cloze_hin_deva,30,global_piqa_parallel_cloze,benchmark,5,0.06115771328745181,0.228943771204015,0.7,2.0
global_piqa_parallel_cloze_hin_deva,50,global_piqa_parallel_cloze,benchmark,4,0.12424250057325424,0.850390055927975,1.0,2.0
global_piqa_parallel_cloze_hrv_latn,1,global_piqa_parallel_cloze,benchmark,3,0.04319880565813313,0.7594458069232,0.8660254037844387,2.0
global_piqa_parallel_cloze_hrv_latn,2,global_piqa_parallel_cloze,benchmark,4,-0.008278473576513935,0.09458566122407996,-0.316227766016838,2.0
global_piqa_parallel_cloze_hrv_latn,8,global_piqa_parallel_cloze,benchmark,4,-0.011160334680393826,0.10191677910944141,-0.21081851067789195,2.0
global_piqa_parallel_cloze_hrv_latn,15,global_piqa_parallel_cloze,benchmark,4,0.0009333631945192131,0.0002712125557006173,-0.21081851067789195,2.0
global_piqa_parallel_cloze_hrv_latn,30,global_piqa_parallel_cloze,benchmark,5,0.0457813726352325,0.2943916107639821,0.6,2.0
global_piqa_parallel_cloze_hrv_latn,50,global_piqa_parallel_cloze,benchmark,4,0.06483657649650687,0.9538178949973476,1.0,2.0
global_piqa_parallel_cloze_hun_latn,1,global_piqa_parallel_cloze,benchmark,3,0.06479598380877447,0.7594458069231981,0.8660254037844387,2.0
global_piqa_parallel_cloze_hun_latn,2,global_piqa_parallel_cloze,benchmark,4,0.02561287517502326,0.9054019724731122,0.9486832980505139,2.0
global_piqa_parallel_cloze_hun_latn,8,global_piqa_parallel_cloze,benchmark,4,0.018575256411926783,0.21175261306742754,0.632455532033676,2.0
global_piqa_parallel_cloze_hun_latn,15,global_piqa_parallel_cloze,benchmark,4,0.03387038604672755,0.20476878682662236,0.6000000000000001,2.0
global_piqa_parallel_cloze_hun_latn,30,global_piqa_parallel_cloze,benchmark,5,0.09407274299744618,0.8093936107457089,0.8999999999999998,2.0
global_piqa_parallel_cloze_hun_latn,50,global_piqa_parallel_cloze,benchmark,4,0.08132283246090155,0.17462091063411578,0.39999999999999997,2.0
global_piqa_parallel_cloze_hye_armn,1,global_piqa_parallel_cloze,benchmark,3,0.1935739778308011,0.9682463552802393,1.0,2.0
global_piqa_parallel_cloze_hye_armn,2,global_piqa_parallel_cloze,benchmark,4,0.06001132445470347,0.23667286510031627,0.39999999999999997,2.0
global_piqa_parallel_cloze_hye_armn,8,global_piqa_parallel_cloze,benchmark,4,0.07788691549734844,0.8172153247414787,0.9486832980505139,2.0
global_piqa_parallel_cloze_hye_armn,15,global_piqa_parallel_cloze,benchmark,4,0.029568251805955778,0.33439895499486905,0.39999999999999997,2.0
global_piqa_parallel_cloze_hye_armn,30,global_piqa_parallel_cloze,benchmark,5,0.1139024224046871,0.652053560454587,0.7,2.0
global_piqa_parallel_cloze_hye_armn,50,global_piqa_parallel_cloze,benchmark,4,0.046504331813242074,0.16084191620087063,0.6000000000000001,2.0
global_piqa_parallel_cloze_ibo_latn,1,global_piqa_parallel_cloze,benchmark,3,0.021871450238373703,0.2595923795180276,0.5,2.0
global_piqa_parallel_cloze_ibo_latn,2,global_piqa_parallel_cloze,benchmark,4,-0.00025181180161991775,1.944619317484353e-05,-0.316227766016838,2.0
global_piqa_parallel_cloze_ibo_latn,8,global_piqa_parallel_cloze,benchmark,4,0.008663733035986903,0.06141833833002541,0.2581988897471611,2.0
global_piqa_parallel_cloze_ibo_latn,15,global_piqa_parallel_cloze,benchmark,4,-0.01487343618703185,0.14807594664730994,-0.39999999999999997,2.0
global_piqa_parallel_cloze_ibo_latn,30,global_piqa_parallel_cloze,benchmark,5,0.02342533524400435,0.3452988544076816,0.6,2.0
global_piqa_parallel_cloze_ibo_latn,50,global_piqa_parallel_cloze,benchmark,4,0.01525080750023749,0.7783622885334666,0.8944271909999159,2.0
global_piqa_parallel_cloze_ind_latn,1,global_piqa_parallel_cloze,benchmark,3,-0.04238038270576081,0.41771200788093454,-0.5,2.0
global_piqa_parallel_cloze_ind_latn,2,global_piqa_parallel_cloze,benchmark,4,0.00038875073506946,8.34223608963125e-05,0.0,2.0
global_piqa_parallel_cloze_ind_latn,8,global_piqa_parallel_cloze,benchmark,4,-0.006890752474566488,0.01873209387199337,-0.19999999999999998,2.0
global_piqa_parallel_cloze_ind_latn,15,global_piqa_parallel_cloze,benchmark,4,-0.041646080190145165,0.16703776178621543,-0.316227766016838,2.0
global_piqa_parallel_cloze_ind_latn,30,global_piqa_parallel_cloze,benchmark,5,0.054936594415392705,0.4997610858267846,0.6708203932499368,2.0
global_piqa_parallel_cloze_ind_latn,50,global_piqa_parallel_cloze,benchmark,4,-0.0603548674321474,0.29026938926677914,-0.39999999999999997,2.0
global_piqa_parallel_cloze_isl_latn,1,global_piqa_parallel_cloze,benchmark,3,-0.10772271403458747,0.899555057984358,-1.0,2.0
global_piqa_parallel_cloze_isl_latn,2,global_piqa_parallel_cloze,benchmark,4,-0.008530708237582464,0.040173257293541154,-0.19999999999999998,2.0
global_piqa_parallel_cloze_isl_latn,8,global_piqa_parallel_cloze,benchmark,4,-0.011295137346435072,0.047772077887214714,-0.19999999999999998,2.0
global_piqa_parallel_cloze_isl_latn,15,global_piqa_parallel_cloze,benchmark,4,-0.06175249780833018,0.28518955598891216,-0.39999999999999997,2.0
global_piqa_parallel_cloze_isl_latn,30,global_piqa_parallel_cloze,benchmark,5,-0.010225909520426518,0.06092446372627458,-0.20519567041703082,2.0
global_piqa_parallel_cloze_isl_latn,50,global_piqa_parallel_cloze,benchmark,4,-0.006827887810126368,0.07800795000501326,-0.316227766016838,2.0
global_piqa_parallel_cloze_ita_latn,1,global_piqa_parallel_cloze,benchmark,3,-0.08476076541152142,0.41771200788093443,-0.5,2.0
global_piqa_parallel_cloze_ita_latn,2,global_piqa_parallel_cloze,benchmark,4,0.09763846288753918,0.8034629700274563,0.7999999999999999,2.0
global_piqa_parallel_cloze_ita_latn,8,global_piqa_parallel_cloze,benchmark,4,0.10096349425600672,0.8159476403456594,0.7999999999999999,2.0
global_piqa_parallel_cloze_ita_latn,15,global_piqa_parallel_cloze,benchmark,4,0.12180552193075964,0.6642690198520674,0.7999999999999999,2.0
global_piqa_parallel_cloze_ita_latn,30,global_piqa_parallel_cloze,benchmark,5,0.024410293565686143,0.34717523600630595,0.5773502691896257,2.0
global_piqa_parallel_cloze_ita_latn,50,global_piqa_parallel_cloze,benchmark,4,0.02768739054578626,0.18325847857954958,0.19999999999999998,2.0
global_piqa_parallel_cloze_jav_latn,1,global_piqa_parallel_cloze,benchmark,3,0.06479598380877452,0.7594458069232,0.8660254037844387,2.0
global_piqa_parallel_cloze_jav_latn,2,global_piqa_parallel_cloze,benchmark,4,-0.0722787221015519,0.9775977057661367,-1.0,2.0
global_piqa_parallel_cloze_jav_latn,8,global_piqa_parallel_cloze,benchmark,4,-0.0493320025258011,0.4480484358605834,-0.39999999999999997,2.0
global_piqa_parallel_cloze_jav_latn,15,global_piqa_parallel_cloze,benchmark,4,0.0827026749397063,0.7893387889853691,1.0,2.0
global_piqa_parallel_cloze_jav_latn,30,global_piqa_parallel_cloze,benchmark,5,0.014074311601120408,0.09442637713621904,0.20519567041703082,2.0
global_piqa_parallel_cloze_jav_latn,50,global_piqa_parallel_cloze,benchmark,4,-0.039766481453096074,0.8820215368596213,-0.9486832980505139,2.0
global_piqa_parallel_cloze_jpn_jpan,1,global_piqa_parallel_cloze,benchmark,3,0.10663224367290797,0.7404336917146541,0.8660254037844387,2.0
global_piqa_parallel_cloze_jpn_jpan,2,global_piqa_parallel_cloze,benchmark,4,-0.04666496116738715,0.8904535569516722,-0.9486832980505139,2.0
global_piqa_parallel_cloze_jpn_jpan,8,global_piqa_parallel_cloze,benchmark,4,0.08780033552248681,0.8071476338773116,0.9486832980505139,2.0
global_piqa_parallel_cloze_jpn_jpan,15,global_piqa_parallel_cloze,benchmark,4,-0.03227452541227476,0.39841285719479,-0.7999999999999999,2.0
global_piqa_parallel_cloze_jpn_jpan,30,global_piqa_parallel_cloze,benchmark,5,0.09982297452277701,0.938654707647955,0.9746794344808964,2.0
global_piqa_parallel_cloze_jpn_jpan,50,global_piqa_parallel_cloze,benchmark,4,-0.00010625455659713176,9.94342240767665e-07,0.10540925533894598,2.0
global_piqa_parallel_cloze_kan_knda,1,global_piqa_parallel_cloze,benchmark,3,-0.042108335296453726,0.2405541930768028,-0.5,2.0
global_piqa_parallel_cloze_kan_knda,2,global_piqa_parallel_cloze,benchmark,4,-0.03343567211038625,0.2204114061644279,-0.6000000000000001,2.0
global_piqa_parallel_cloze_kan_knda,8,global_piqa_parallel_cloze,benchmark,4,-0.030033277208099837,0.3377473883890456,-0.6000000000000001,2.0
global_piqa_parallel_cloze_kan_knda,15,global_piqa_parallel_cloze,benchmark,4,0.01085977283159425,0.035881393642472004,0.10540925533894598,2.0
global_piqa_parallel_cloze_kan_knda,30,global_piqa_parallel_cloze,benchmark,5,0.0361619814720445,0.13533914407835657,0.35909242322980395,2.0
global_piqa_parallel_cloze_kan_knda,50,global_piqa_parallel_cloze,benchmark,4,-0.039658656105737766,0.15482011446001187,-0.39999999999999997,2.0
global_piqa_parallel_cloze_kat_geor,1,global_piqa_parallel_cloze,benchmark,3,-0.10744844194685532,0.9892253997277549,-1.0,2.0
global_piqa_parallel_cloze_kat_geor,2,global_piqa_parallel_cloze,benchmark,4,-0.004814769290592078,0.0038201660386485425,-0.21081851067789195,2.0
global_piqa_parallel_cloze_kat_geor,8,global_piqa_parallel_cloze,benchmark,4,0.0014773363746431213,0.016074922086892096,0.2581988897471611,2.0
global_piqa_parallel_cloze_kat_geor,15,global_piqa_parallel_cloze,benchmark,4,0.022454929601460574,0.33750198993808234,0.6000000000000001,2.0
global_piqa_parallel_cloze_kat_geor,30,global_piqa_parallel_cloze,benchmark,5,-0.00960353922668687,0.08534576206552913,-0.20519567041703082,2.0
global_piqa_parallel_cloze_kat_geor,50,global_piqa_parallel_cloze,benchmark,4,-0.10721834889256478,0.9160229362137036,-1.0,2.0
global_piqa_parallel_cloze_kin_latn,1,global_piqa_parallel_cloze,benchmark,3,0.021871450238373703,0.2595923795180276,0.5,2.0
global_piqa_parallel_cloze_kin_latn,2,global_piqa_parallel_cloze,benchmark,4,-0.017130973587252553,0.06231106615899129,-0.19999999999999998,2.0
global_piqa_parallel_cloze_kin_latn,8,global_piqa_parallel_cloze,benchmark,4,-0.004203490951148709,0.019516957679906022,-0.19999999999999998,2.0
global_piqa_parallel_cloze_kin_latn,15,global_piqa_parallel_cloze,benchmark,4,0.015250807500237445,0.7783622885334633,0.8944271909999159,2.0
global_piqa_parallel_cloze_kin_latn,30,global_piqa_parallel_cloze,benchmark,5,-0.06647458210563609,0.47288266800897016,-0.7,2.0
global_piqa_parallel_cloze_kin_latn,50,global_piqa_parallel_cloze,benchmark,4,0.017024980435157672,0.2042249043477623,0.632455532033676,2.0
global_piqa_parallel_cloze_kir_cyrl,1,global_piqa_parallel_cloze,benchmark,3,0.1268734940187993,0.34479357603273597,0.5,2.0
global_piqa_parallel_cloze_kir_cyrl,2,global_piqa_parallel_cloze,benchmark,4,-0.08074336412077565,0.5851839603902911,-0.632455532033676,2.0
global_piqa_parallel_cloze_kir_cyrl,8,global_piqa_parallel_cloze,benchmark,4,0.0013157782438302725,0.001092803922239316,0.19999999999999998,2.0
global_piqa_parallel_cloze_kir_cyrl,15,global_piqa_parallel_cloze,benchmark,4,0.02573416327410575,0.369372842404456,0.316227766016838,2.0
global_piqa_parallel_cloze_kir_cyrl,30,global_piqa_parallel_cloze,benchmark,5,0.02965714726224085,0.2943817556665571,0.5270462766947299,2.0
global_piqa_parallel_cloze_kir_cyrl,50,global_piqa_parallel_cloze,benchmark,4,0.06306240356158675,0.9506666995823128,1.0,2.0
global_piqa_parallel_cloze_kor_hang,1,global_piqa_parallel_cloze,benchmark,3,0.10744844194685531,0.9892253997277546,1.0,2.0
global_piqa_parallel_cloze_kor_hang,2,global_piqa_parallel_cloze,benchmark,4,-0.004291294953043834,0.0034461379173118534,-0.19999999999999998,2.0
global_piqa_parallel_cloze_kor_hang,8,global_piqa_parallel_cloze,benchmark,4,0.06508753413428647,0.8068369000024364,0.7999999999999999,2.0
global_piqa_parallel_cloze_kor_hang,15,global_piqa_parallel_cloze,benchmark,4,0.014317444305718347,0.07840515546546789,0.39999999999999997,2.0
global_piqa_parallel_cloze_kor_hang,30,global_piqa_parallel_cloze,benchmark,5,0.10122486061257331,0.7567562558681737,0.8207826816681233,2.0
global_piqa_parallel_cloze_kor_hang,50,global_piqa_parallel_cloze,benchmark,4,0.0758750953972206,0.9174890169312838,1.0,2.0
global_piqa_parallel_cloze_lit_latn,1,global_piqa_parallel_cloze,benchmark,3,-0.08666743404714815,0.5822879921190665,-0.5,2.0
global_piqa_parallel_cloze_lit_latn,2,global_piqa_parallel_cloze,benchmark,4,-0.030495449146425446,0.12370886015791649,-0.21081851067789195,2.0
global_piqa_parallel_cloze_lit_latn,8,global_piqa_parallel_cloze,benchmark,4,0.01989205562025791,0.794673127048835,0.9486832980505139,2.0
global_piqa_parallel_cloze_lit_latn,15,global_piqa_parallel_cloze,benchmark,4,-0.013852435087761789,0.05973966416832732,-0.10540925533894598,2.0
global_piqa_parallel_cloze_lit_latn,30,global_piqa_parallel_cloze,benchmark,5,0.03641196136231237,0.21501934307923798,0.6,2.0
global_piqa_parallel_cloze_lit_latn,50,global_piqa_parallel_cloze,benchmark,4,-0.0035486541374810873,0.003831343605879778,-0.10540925533894598,2.0
global_piqa_parallel_cloze_mal_mlym,1,global_piqa_parallel_cloze,benchmark,3,0.020783204555119235,0.10045515679335304,0.5,2.0
global_piqa_parallel_cloze_mal_mlym,2,global_piqa_parallel_cloze,benchmark,4,-0.07234653376677505,0.9794329243238722,-1.0,2.0
global_piqa_parallel_cloze_mal_mlym,8,global_piqa_parallel_cloze,benchmark,4,-0.03128121282785633,0.8006606381999934,-0.9486832980505139,2.0
global_piqa_parallel_cloze_mal_mlym,15,global_piqa_parallel_cloze,benchmark,4,-0.0621290403670676,0.4493396864829383,-0.39999999999999997,2.0
global_piqa_parallel_cloze_mal_mlym,30,global_piqa_parallel_cloze,benchmark,5,-0.0007584505257403918,0.00021045394179297627,0.0,2.0
global_piqa_parallel_cloze_mal_mlym,50,global_piqa_parallel_cloze,benchmark,4,0.09861628814751822,0.9366108801368149,1.0,2.0
global_piqa_parallel_cloze_mar_deva,1,global_piqa_parallel_cloze,benchmark,3,0.12877576934360163,0.9998794986378541,1.0,2.0
global_piqa_parallel_cloze_mar_deva,2,global_piqa_parallel_cloze,benchmark,4,0.016675303930514595,0.04514708137428447,0.39999999999999997,2.0
global_piqa_parallel_cloze_mar_deva,8,global_piqa_parallel_cloze,benchmark,4,0.004365201259173742,0.052624159286965955,0.316227766016838,2.0
global_piqa_parallel_cloze_mar_deva,15,global_piqa_parallel_cloze,benchmark,4,-0.0038340885318500066,0.017891077053035498,-0.21081851067789195,2.0
global_piqa_parallel_cloze_mar_deva,30,global_piqa_parallel_cloze,benchmark,5,0.005298273712842356,0.025976475080149886,0.10259783520851541,2.0
global_piqa_parallel_cloze_mar_deva,50,global_piqa_parallel_cloze,benchmark,4,0.026110272064190972,0.16297088984126928,0.39999999999999997,2.0
global_piqa_parallel_cloze_mkd_cyrl,1,global_piqa_parallel_cloze,benchmark,3,0.0005441228416271622,0.00012050136214614149,0.0,2.0
global_piqa_parallel_cloze_mkd_cyrl,2,global_piqa_parallel_cloze,benchmark,4,0.02926274790365493,0.21986427491029537,0.7378647873726218,2.0
global_piqa_parallel_cloze_mkd_cyrl,8,global_piqa_parallel_cloze,benchmark,4,0.008435055788585765,0.19647523369487663,0.316227766016838,2.0
global_piqa_parallel_cloze_mkd_cyrl,15,global_piqa_parallel_cloze,benchmark,4,0.010196967124019664,0.0732601964365176,0.316227766016838,2.0
global_piqa_parallel_cloze_mkd_cyrl,30,global_piqa_parallel_cloze,benchmark,5,0.019853759722051705,0.4133907576893411,0.7905694150420948,2.0
global_piqa_parallel_cloze_mkd_cyrl,50,global_piqa_parallel_cloze,benchmark,4,-0.014588435561315258,0.048288393667950125,-0.39999999999999997,2.0
global_piqa_parallel_cloze_nld_latn,1,global_piqa_parallel_cloze,benchmark,3,0.10717636651453513,0.9842220108056146,1.0,2.0
global_piqa_parallel_cloze_nld_latn,2,global_piqa_parallel_cloze,benchmark,4,0.10206495132716796,0.9914972730420304,1.0,2.0
global_piqa_parallel_cloze_nld_latn,8,global_piqa_parallel_cloze,benchmark,4,0.014076851678894643,0.042095340002457626,0.19999999999999998,2.0
global_piqa_parallel_cloze_nld_latn,15,global_piqa_parallel_cloze,benchmark,4,0.09214742448355563,0.45286423854467006,0.39999999999999997,2.0
global_piqa_parallel_cloze_nld_latn,30,global_piqa_parallel_cloze,benchmark,5,0.07485536947295904,0.3970554664228022,0.6155870112510925,2.0
global_piqa_parallel_cloze_nld_latn,50,global_piqa_parallel_cloze,benchmark,4,-0.011594202514386582,0.04498790442710332,-0.39999999999999997,2.0
global_piqa_parallel_cloze_nno_latn,1,global_piqa_parallel_cloze,benchmark,3,0.0653401066504017,0.36580925770160655,0.5,2.0
global_piqa_parallel_cloze_nno_latn,2,global_piqa_parallel_cloze,benchmark,4,0.03792907248727078,0.4538078326699704,0.7999999999999999,2.0
global_piqa_parallel_cloze_nno_latn,8,global_piqa_parallel_cloze,benchmark,4,0.035483828094307626,0.4714875494190166,0.632455532033676,2.0
global_piqa_parallel_cloze_nno_latn,15,global_piqa_parallel_cloze,benchmark,4,0.030500044209713827,0.7783622885334658,0.8944271909999159,2.0
global_piqa_parallel_cloze_nno_latn,30,global_piqa_parallel_cloze,benchmark,5,-0.0030682236164346257,0.006438818697434678,0.051298917604257706,2.0
global_piqa_parallel_cloze_nno_latn,50,global_piqa_parallel_cloze,benchmark,4,0.07148532325169785,0.8143769896591514,0.7999999999999999,2.0
global_piqa_parallel_cloze_nob_latn,1,global_piqa_parallel_cloze,benchmark,3,0.10717859119296032,0.9842255208656048,1.0,2.0
global_piqa_parallel_cloze_nob_latn,2,global_piqa_parallel_cloze,benchmark,4,-0.07266658009306669,0.7773325139808092,-0.7999999999999999,2.0
global_piqa_parallel_cloze_nob_latn,8,global_piqa_parallel_cloze,benchmark,4,0.02291384748613229,0.15262328832225114,0.632455532033676,2.0
global_piqa_parallel_cloze_nob_latn,15,global_piqa_parallel_cloze,benchmark,4,-0.07325823366349753,0.8656097733474968,-0.9486832980505139,2.0
global_piqa_parallel_cloze_nob_latn,30,global_piqa_parallel_cloze,benchmark,5,-0.006477900593143567,0.030005499042254136,-0.10259783520851541,2.0
global_piqa_parallel_cloze_nob_latn,50,global_piqa_parallel_cloze,benchmark,4,-0.005985941047616468,0.039970513135367036,-0.2581988897471611,2.0
global_piqa_parallel_cloze_npi_deva,1,global_piqa_parallel_cloze,benchmark,3,-0.042110531951865704,0.24056690188536567,-0.5,2.0
global_piqa_parallel_cloze_npi_deva,2,global_piqa_parallel_cloze,benchmark,4,0.05077007370889542,0.7114632325032961,0.7999999999999999,2.0
global_piqa_parallel_cloze_npi_deva,8,global_piqa_parallel_cloze,benchmark,4,-0.04680674876742393,0.8643363109519727,-1.0,2.0
global_piqa_parallel_cloze_npi_deva,15,global_piqa_parallel_cloze,benchmark,4,-0.09954838881891702,0.896366928191456,-1.0,2.0
global_piqa_parallel_cloze_npi_deva,30,global_piqa_parallel_cloze,benchmark,5,-0.10962086317145317,0.8916950778898619,-0.9746794344808964,2.0
global_piqa_parallel_cloze_npi_deva,50,global_piqa_parallel_cloze,benchmark,4,-0.020860205989116518,0.2427068549335537,-0.316227766016838,2.0
global_piqa_parallel_cloze_pan_guru,1,global_piqa_parallel_cloze,benchmark,3,0.06534233132882666,0.3658183026164703,0.5,2.0
global_piqa_parallel_cloze_pan_guru,2,global_piqa_parallel_cloze,benchmark,4,-0.017080844350024584,0.16105920059227075,-0.39999999999999997,2.0
global_piqa_parallel_cloze_pan_guru,8,global_piqa_parallel_cloze,benchmark,4,-0.04096478246388052,0.628359023538968,-0.7999999999999999,2.0
global_piqa_parallel_cloze_pan_guru,15,global_piqa_parallel_cloze,benchmark,4,0.007007462633713978,0.006143402248768859,0.19999999999999998,2.0
global_piqa_parallel_cloze_pan_guru,30,global_piqa_parallel_cloze,benchmark,5,-0.021089942899430253,0.4664725016700485,-0.5270462766947299,2.0
global_piqa_parallel_cloze_pan_guru,50,global_piqa_parallel_cloze,benchmark,4,-0.01103934765518198,0.5437780403647328,-0.7745966692414834,2.0
global_piqa_parallel_cloze_pes_arab,1,global_piqa_parallel_cloze,benchmark,3,0.021327327396746414,0.7404336917146553,0.8660254037844387,2.0
global_piqa_parallel_cloze_pes_arab,2,global_piqa_parallel_cloze,benchmark,4,0.017149548758802476,0.08117706057474983,0.39999999999999997,2.0
global_piqa_parallel_cloze_pes_arab,8,global_piqa_parallel_cloze,benchmark,4,0.04976157369392222,0.6512725298041773,0.7999999999999999,2.0
global_piqa_parallel_cloze_pes_arab,15,global_piqa_parallel_cloze,benchmark,4,-0.060069433037778557,0.8187114521832775,-0.9486832980505139,2.0
global_piqa_parallel_cloze_pes_arab,30,global_piqa_parallel_cloze,benchmark,5,0.045930828949809384,0.510570800874371,0.5642880936468347,2.0
global_piqa_parallel_cloze_pes_arab,50,global_piqa_parallel_cloze,benchmark,4,0.0295678180373035,0.3343871756785346,0.39999999999999997,2.0
global_piqa_parallel_cloze_pol_latn,1,global_piqa_parallel_cloze,benchmark,3,-0.0013603491385874042,0.00012050136214536433,0.0,2.0
global_piqa_parallel_cloze_pol_latn,2,global_piqa_parallel_cloze,benchmark,4,-0.016692986358509757,0.0640942737750908,-0.2581988897471611,2.0
global_piqa_parallel_cloze_pol_latn,8,global_piqa_parallel_cloze,benchmark,4,0.025533121105672973,0.24411494064274264,0.39999999999999997,2.0
global_piqa_parallel_cloze_pol_latn,15,global_piqa_parallel_cloze,benchmark,4,0.0597831698889415,0.7036004594109202,0.7999999999999999,2.0
global_piqa_parallel_cloze_pol_latn,30,global_piqa_parallel_cloze,benchmark,5,0.06310281142309246,0.9349462964128925,0.9999999999999999,2.0
global_piqa_parallel_cloze_pol_latn,50,global_piqa_parallel_cloze,benchmark,4,0.07521241519065772,0.4428624715238857,0.632455532033676,2.0
global_piqa_parallel_cloze_por_latn_braz,1,global_piqa_parallel_cloze,benchmark,3,0.08530711293157373,0.7404336917146537,0.8660254037844387,2.0
global_piqa_parallel_cloze_por_latn_braz,2,global_piqa_parallel_cloze,benchmark,4,0.05996294764875291,0.7088708480677233,0.7999999999999999,2.0
global_piqa_parallel_cloze_por_latn_braz,8,global_piqa_parallel_cloze,benchmark,4,0.059474245078144194,0.7235539415173475,0.7745966692414834,2.0
global_piqa_parallel_cloze_por_latn_braz,15,global_piqa_parallel_cloze,benchmark,4,0.013100092006579802,0.08508719768775452,0.21081851067789195,2.0
global_piqa_parallel_cloze_por_latn_braz,30,global_piqa_parallel_cloze,benchmark,5,0.08374919912258545,0.5964209246015681,0.8720815992723809,2.0
global_piqa_parallel_cloze_por_latn_braz,50,global_piqa_parallel_cloze,benchmark,4,0.10703877406897719,0.8969427794081432,0.9486832980505139,2.0
global_piqa_parallel_cloze_por_latn_port,1,global_piqa_parallel_cloze,benchmark,3,0.02241340444760159,0.06290755533606451,0.5,2.0
global_piqa_parallel_cloze_por_latn_port,2,global_piqa_parallel_cloze,benchmark,4,0.05898116546404781,0.45723872011903965,0.7999999999999999,2.0
global_piqa_parallel_cloze_por_latn_port,8,global_piqa_parallel_cloze,benchmark,4,0.037875878378826514,0.18534037313272178,0.39999999999999997,2.0
global_piqa_parallel_cloze_por_latn_port,15,global_piqa_parallel_cloze,benchmark,4,0.009640975242706195,0.0518461621414924,0.10540925533894598,2.0
global_piqa_parallel_cloze_por_latn_port,30,global_piqa_parallel_cloze,benchmark,5,0.10742719332446533,0.7791662654022652,0.8999999999999998,2.0
global_piqa_parallel_cloze_por_latn_port,50,global_piqa_parallel_cloze,benchmark,4,0.012256574453308754,0.6704440278356425,0.7745966692414834,2.0
global_piqa_parallel_cloze_ron_latn,1,global_piqa_parallel_cloze,benchmark,3,-0.04374073184434814,0.2595532733235113,-0.5,2.0
global_piqa_parallel_cloze_ron_latn,2,global_piqa_parallel_cloze,benchmark,4,-0.016489551362840353,0.08338733892248296,-0.316227766016838,2.0
global_piqa_parallel_cloze_ron_latn,8,global_piqa_parallel_cloze,benchmark,4,-0.015687543704608124,0.2861552522029406,-0.632455532033676,2.0
global_piqa_parallel_cloze_ron_latn,15,global_piqa_parallel_cloze,benchmark,4,-0.014964236083759705,0.0399705131353677,-0.2581988897471611,2.0
global_piqa_parallel_cloze_ron_latn,30,global_piqa_parallel_cloze,benchmark,5,0.04517115664346224,0.1383550524238415,0.49999999999999994,2.0
global_piqa_parallel_cloze_ron_latn,50,global_piqa_parallel_cloze,benchmark,4,-0.037812299925935926,0.11962698121318638,-0.39999999999999997,2.0
global_piqa_parallel_cloze_rus_cyrl,1,global_piqa_parallel_cloze,benchmark,3,-0.021327327396746483,0.7404336917146539,-0.8660254037844387,2.0
global_piqa_parallel_cloze_rus_cyrl,2,global_piqa_parallel_cloze,benchmark,4,0.07287133069173934,0.5921934421339092,0.632455532033676,2.0
global_piqa_parallel_cloze_rus_cyrl,8,global_piqa_parallel_cloze,benchmark,4,-0.01857627737642769,0.21176862023407905,-0.632455532033676,2.0
global_piqa_parallel_cloze_rus_cyrl,15,global_piqa_parallel_cloze,benchmark,4,0.04302887244174005,0.1325428884698654,0.632455532033676,2.0
global_piqa_parallel_cloze_rus_cyrl,30,global_piqa_parallel_cloze,benchmark,5,0.0026246684164973073,0.0016174795781476181,-0.09999999999999999,2.0
global_piqa_parallel_cloze_rus_cyrl,50,global_piqa_parallel_cloze,benchmark,4,0.018619886814130897,0.09100375072744493,0.316227766016838,2.0
global_piqa_parallel_cloze_sin_sinh,1,global_piqa_parallel_cloze,benchmark,3,-0.0013603211155744888,0.00012050136214514229,0.0,2.0
global_piqa_parallel_cloze_sin_sinh,2,global_piqa_parallel_cloze,benchmark,4,0.02933055956887808,0.2713724047769325,0.6000000000000001,2.0
global_piqa_parallel_cloze_sin_sinh,8,global_piqa_parallel_cloze,benchmark,4,-0.01011241729665974,0.026895407133960214,-0.39999999999999997,2.0
global_piqa_parallel_cloze_sin_sinh,15,global_piqa_parallel_cloze,benchmark,4,0.008046377131373688,0.2166690482287098,0.4472135954999579,2.0
global_piqa_parallel_cloze_sin_sinh,30,global_piqa_parallel_cloze,benchmark,5,0.05284670350223286,0.3206888882556249,0.49999999999999994,2.0
global_piqa_parallel_cloze_sin_sinh,50,global_piqa_parallel_cloze,benchmark,4,-0.009263603929500567,0.14360540966718727,-0.316227766016838,2.0
global_piqa_parallel_cloze_slk_latn,1,global_piqa_parallel_cloze,benchmark,3,-0.08503503749925367,0.5605430747435545,-0.5,2.0
global_piqa_parallel_cloze_slk_latn,2,global_piqa_parallel_cloze,benchmark,4,-0.029651921498172626,0.5108837724098827,-0.632455532033676,2.0
global_piqa_parallel_cloze_slk_latn,8,global_piqa_parallel_cloze,benchmark,4,0.015297879656667405,0.07180699897766041,0.21081851067789195,2.0
global_piqa_parallel_cloze_slk_latn,15,global_piqa_parallel_cloze,benchmark,4,0.011701719594104125,0.04582709422697384,0.19999999999999998,2.0
global_piqa_parallel_cloze_slk_latn,30,global_piqa_parallel_cloze,benchmark,5,0.07605658057983826,0.9891138130360596,0.9999999999999999,2.0
global_piqa_parallel_cloze_slk_latn,50,global_piqa_parallel_cloze,benchmark,4,0.03508761284485448,0.1985714969340575,0.6000000000000001,2.0
global_piqa_parallel_cloze_slk_latn_sari,1,global_piqa_parallel_cloze,benchmark,3,0.04292673022581297,0.9998794986378541,1.0,2.0
global_piqa_parallel_cloze_slk_latn_sari,2,global_piqa_parallel_cloze,benchmark,4,-0.021439943983878922,0.4613955821501604,-0.632455532033676,2.0
global_piqa_parallel_cloze_slk_latn_sari,8,global_piqa_parallel_cloze,benchmark,4,-0.02389479793049014,0.24257300456197928,-0.39999999999999997,2.0
global_piqa_parallel_cloze_slk_latn_sari,15,global_piqa_parallel_cloze,benchmark,4,0.002992970523808319,0.03997051313536415,0.2581988897471611,2.0
global_piqa_parallel_cloze_slk_latn_sari,30,global_piqa_parallel_cloze,benchmark,5,-0.05197905067586156,0.6538787326047231,-0.7999999999999999,2.0
global_piqa_parallel_cloze_slk_latn_sari,50,global_piqa_parallel_cloze,benchmark,4,-0.06306240356158672,0.9506666995823125,-1.0,2.0
global_piqa_parallel_cloze_slv_latn,1,global_piqa_parallel_cloze,benchmark,3,0.06425405762255934,0.9600997954761762,1.0,2.0
global_piqa_parallel_cloze_slv_latn,2,global_piqa_parallel_cloze,benchmark,4,-0.11066389408942197,0.9657969686016314,-1.0,2.0
global_piqa_parallel_cloze_slv_latn,8,global_piqa_parallel_cloze,benchmark,4,0.02980372427600124,0.9812051057492661,1.0,2.0
global_piqa_parallel_cloze_slv_latn,15,global_piqa_parallel_cloze,benchmark,4,0.0007534801032907569,7.916956605058534e-05,-0.21081851067789195,2.0
global_piqa_parallel_cloze_slv_latn,30,global_piqa_parallel_cloze,benchmark,5,0.011738487248471331,0.06568537604814084,0.20519567041703082,2.0
global_piqa_parallel_cloze_slv_latn,50,global_piqa_parallel_cloze,benchmark,4,0.04032090254364834,0.6218334857305777,0.7999999999999999,2.0
global_piqa_parallel_cloze_slv_latn_cerk,1,global_piqa_parallel_cloze,benchmark,3,0.043196580979707994,0.7594458069231977,0.8660254037844387,2.0
global_piqa_parallel_cloze_slv_latn_cerk,2,global_piqa_parallel_cloze,benchmark,4,0.012771873953398497,0.6004094034241098,0.7745966692414834,2.0
global_piqa_parallel_cloze_slv_latn_cerk,8,global_piqa_parallel_cloze,benchmark,4,-0.009749958347718345,0.06000677085185868,-0.39999999999999997,2.0
global_piqa_parallel_cloze_slv_latn_cerk,15,global_piqa_parallel_cloze,benchmark,4,0.03621613102384215,0.20903204515028495,0.19999999999999998,2.0
global_piqa_parallel_cloze_slv_latn_cerk,30,global_piqa_parallel_cloze,benchmark,5,-0.011597708871114262,0.16277045620996677,-0.35909242322980395,2.0
global_piqa_parallel_cloze_slv_latn_cerk,50,global_piqa_parallel_cloze,benchmark,4,0.028063191068230645,0.32947689101072064,0.632455532033676,2.0
global_piqa_parallel_cloze_snd_arab,1,global_piqa_parallel_cloze,benchmark,3,-0.01996478160274697,0.020931806303669087,-0.5,2.0
global_piqa_parallel_cloze_snd_arab,2,global_piqa_parallel_cloze,benchmark,4,-0.10311322258968024,0.48110158216855814,-0.39999999999999997,2.0
global_piqa_parallel_cloze_snd_arab,8,global_piqa_parallel_cloze,benchmark,4,-0.04394768817407558,0.5140815607715624,-0.39999999999999997,2.0
global_piqa_parallel_cloze_snd_arab,15,global_piqa_parallel_cloze,benchmark,4,0.010196967124019664,0.0732601964365176,0.316227766016838,2.0
global_piqa_parallel_cloze_snd_arab,30,global_piqa_parallel_cloze,benchmark,5,0.013575257883500337,0.13177361874628002,0.35909242322980395,2.0
global_piqa_parallel_cloze_snd_arab,50,global_piqa_parallel_cloze,benchmark,4,-0.05585683617061405,0.7458520521759818,-0.7999999999999999,2.0
global_piqa_parallel_cloze_snd_deva,1,global_piqa_parallel_cloze,benchmark,3,0.08557918836389376,0.9171288621300884,1.0,2.0
global_piqa_parallel_cloze_snd_deva,2,global_piqa_parallel_cloze,benchmark,4,0.051227065953049385,0.9054018499228,0.9486832980505139,2.0
global_piqa_parallel_cloze_snd_deva,8,global_piqa_parallel_cloze,benchmark,4,0.021005912081458633,0.1652244010385321,0.39999999999999997,2.0
global_piqa_parallel_cloze_snd_deva,15,global_piqa_parallel_cloze,benchmark,4,0.0066480047188979445,0.021912814734619257,0.10540925533894598,2.0
global_piqa_parallel_cloze_snd_deva,30,global_piqa_parallel_cloze,benchmark,5,0.009855634225891701,0.07640085198174573,0.22360679774997894,2.0
global_piqa_parallel_cloze_snd_deva,50,global_piqa_parallel_cloze,benchmark,4,-0.01141545644526704,0.09181677217884354,-0.316227766016838,2.0
global_piqa_parallel_cloze_spa_latn_mexi,1,global_piqa_parallel_cloze,benchmark,3,0.10717859119296025,0.9842255208656044,1.0,2.0
global_piqa_parallel_cloze_spa_latn_mexi,2,global_piqa_parallel_cloze,benchmark,4,-0.04673276584819728,0.8930431137344997,-0.9486832980505139,2.0
global_piqa_parallel_cloze_spa_latn_mexi,8,global_piqa_parallel_cloze,benchmark,4,0.08209142741299821,0.8861911036621598,0.7999999999999999,2.0
global_piqa_parallel_cloze_spa_latn_mexi,15,global_piqa_parallel_cloze,benchmark,4,0.028995483548361522,0.03349661826365924,0.39999999999999997,2.0
global_piqa_parallel_cloze_spa_latn_mexi,30,global_piqa_parallel_cloze,benchmark,5,0.03871392665929513,0.26197114902115815,0.35909242322980395,2.0
global_piqa_parallel_cloze_spa_latn_mexi,50,global_piqa_parallel_cloze,benchmark,4,-0.00982085833393458,0.11737140587128103,-0.316227766016838,2.0
global_piqa_parallel_cloze_spa_latn_peru,1,global_piqa_parallel_cloze,benchmark,3,0.022143553693706606,0.11402757793045137,0.5,2.0
global_piqa_parallel_cloze_spa_latn_peru,2,global_piqa_parallel_cloze,benchmark,4,0.04588749973749314,0.1774683794901103,0.6000000000000001,2.0
global_piqa_parallel_cloze_spa_latn_peru,8,global_piqa_parallel_cloze,benchmark,4,0.046606875811205144,0.448499021154504,0.316227766016838,2.0
global_piqa_parallel_cloze_spa_latn_peru,15,global_piqa_parallel_cloze,benchmark,4,0.027686956777133863,0.1832473437465938,0.19999999999999998,2.0
global_piqa_parallel_cloze_spa_latn_peru,30,global_piqa_parallel_cloze,benchmark,5,0.029538166220754263,0.5083503977245971,0.5270462766947299,2.0
global_piqa_parallel_cloze_spa_latn_peru,50,global_piqa_parallel_cloze,benchmark,4,-0.03172010432172236,0.6734344313742759,-0.7999999999999999,2.0
global_piqa_parallel_cloze_spa_latn_spai,1,global_piqa_parallel_cloze,benchmark,3,0.02241340444760159,0.06290755533606451,0.5,2.0
global_piqa_parallel_cloze_spa_latn_spai,2,global_piqa_parallel_cloze,benchmark,4,0.04217155380608979,0.49087072553567346,0.6000000000000001,2.0
global_piqa_parallel_cloze_spa_latn_spai,8,global_piqa_parallel_cloze,benchmark,4,0.09643526426729142,0.9877745322483011,1.0,2.0
global_piqa_parallel_cloze_spa_latn_spai,15,global_piqa_parallel_cloze,benchmark,4,0.016271500331866928,0.035801515087408364,0.316227766016838,2.0
global_piqa_parallel_cloze_spa_latn_spai,30,global_piqa_parallel_cloze,benchmark,5,0.06853426319488598,0.690541393146889,0.7,2.0
global_piqa_parallel_cloze_spa_latn_spai,50,global_piqa_parallel_cloze,benchmark,4,-0.01525080750023749,0.778362288533465,-0.8944271909999159,2.0
global_piqa_parallel_cloze_srp_cyrl,1,global_piqa_parallel_cloze,benchmark,3,-0.021327327396746542,0.7404336917146539,-0.8660254037844387,2.0
global_piqa_parallel_cloze_srp_cyrl,2,global_piqa_parallel_cloze,benchmark,4,-0.04698590023723332,0.5668387876950273,-0.632455532033676,2.0
global_piqa_parallel_cloze_srp_cyrl,8,global_piqa_parallel_cloze,benchmark,4,0.007119429721967592,0.02195668035800269,0.10540925533894598,2.0
global_piqa_parallel_cloze_srp_cyrl,15,global_piqa_parallel_cloze,benchmark,4,0.049586202764921684,0.9404436174335113,1.0,2.0
global_piqa_parallel_cloze_srp_cyrl,30,global_piqa_parallel_cloze,benchmark,5,-0.008559090384261697,0.11524885906096627,-0.31622776601683794,2.0
global_piqa_parallel_cloze_srp_cyrl,50,global_piqa_parallel_cloze,benchmark,4,0.005053714875206155,0.031083187693120462,0.21081851067789195,2.0
global_piqa_parallel_cloze_srp_latn,1,global_piqa_parallel_cloze,benchmark,3,0.12904784477592163,0.9682456104573944,1.0,2.0
global_piqa_parallel_cloze_srp_latn,2,global_piqa_parallel_cloze,benchmark,4,0.05115925428782618,0.8026769407098963,0.9486832980505139,2.0
global_piqa_parallel_cloze_srp_latn,8,global_piqa_parallel_cloze,benchmark,4,-0.04526229327619263,0.8082373486033387,-0.7999999999999999,2.0
global_piqa_parallel_cloze_srp_latn,15,global_piqa_parallel_cloze,benchmark,4,-0.12406292574966668,0.9539220621375162,-1.0,2.0
global_piqa_parallel_cloze_srp_latn,30,global_piqa_parallel_cloze,benchmark,5,-0.03481016898513912,0.3344241468923419,-0.5642880936468347,2.0
global_piqa_parallel_cloze_srp_latn,50,global_piqa_parallel_cloze,benchmark,4,0.03958533583874712,0.1960488954833246,0.39999999999999997,2.0
global_piqa_parallel_cloze_swe_latn,1,global_piqa_parallel_cloze,benchmark,3,-0.06479598380877456,0.7594458069231981,-0.8660254037844387,2.0
global_piqa_parallel_cloze_swe_latn,2,global_piqa_parallel_cloze,benchmark,4,0.08089624003535598,0.44326984082410603,0.632455532033676,2.0
global_piqa_parallel_cloze_swe_latn,8,global_piqa_parallel_cloze,benchmark,4,0.046969182582934435,0.7167590425148,0.7999999999999999,2.0
global_piqa_parallel_cloze_swe_latn,15,global_piqa_parallel_cloze,benchmark,4,-0.006092195604213637,0.004968663237825521,0.0,2.0
global_piqa_parallel_cloze_swe_latn,30,global_piqa_parallel_cloze,benchmark,5,0.08393587270145898,0.5459657355308725,0.8207826816681233,2.0
global_piqa_parallel_cloze_swe_latn,50,global_piqa_parallel_cloze,benchmark,4,0.10282762249156227,0.9312271790669401,1.0,2.0
global_piqa_parallel_cloze_swh_latn,1,global_piqa_parallel_cloze,benchmark,3,-0.10772051737917528,0.8995448432066456,-1.0,2.0
global_piqa_parallel_cloze_swh_latn,2,global_piqa_parallel_cloze,benchmark,4,0.038318253066201666,0.6004094034241079,0.7745966692414834,2.0
global_piqa_parallel_cloze_swh_latn,8,global_piqa_parallel_cloze,benchmark,4,0.015593523843444769,0.223820147708105,0.316227766016838,2.0
global_piqa_parallel_cloze_swh_latn,15,global_piqa_parallel_cloze,benchmark,4,0.024515673952858464,0.6704440278356416,0.7745966692414834,2.0
global_piqa_parallel_cloze_swh_latn,30,global_piqa_parallel_cloze,benchmark,5,-0.0355078268385529,0.17551903965481253,-0.39999999999999997,2.0
global_piqa_parallel_cloze_swh_latn,50,global_piqa_parallel_cloze,benchmark,4,-0.05426361704131065,0.13545758804356478,-0.6000000000000001,2.0
global_piqa_parallel_cloze_tam_taml,1,global_piqa_parallel_cloze,benchmark,3,0.1074506386022674,0.9892283076659408,1.0,2.0
global_piqa_parallel_cloze_tam_taml,2,global_piqa_parallel_cloze,benchmark,4,0.058777730468378205,0.22704165334117243,0.39999999999999997,2.0
global_piqa_parallel_cloze_tam_taml,8,global_piqa_parallel_cloze,benchmark,4,0.008435055788585765,0.19647523369487663,0.316227766016838,2.0
global_piqa_parallel_cloze_tam_taml,15,global_piqa_parallel_cloze,benchmark,4,0.06352697901089108,0.3650343722528915,0.7999999999999999,2.0
global_piqa_parallel_cloze_tam_taml,30,global_piqa_parallel_cloze,benchmark,5,-0.00985734711880295,0.021836403141667127,-0.10259783520851541,2.0
global_piqa_parallel_cloze_tam_taml,50,global_piqa_parallel_cloze,benchmark,4,0.02311760980802345,0.1212582159512855,0.39999999999999997,2.0
global_piqa_parallel_cloze_tel_telu,1,global_piqa_parallel_cloze,benchmark,3,0.043740731844348006,0.25955327332351097,0.5,2.0
global_piqa_parallel_cloze_tel_telu,2,global_piqa_parallel_cloze,benchmark,4,-0.08158778451258315,0.3620303509378945,-0.39999999999999997,2.0
global_piqa_parallel_cloze_tel_telu,8,global_piqa_parallel_cloze,benchmark,4,0.011551743200321044,0.0614183383300283,0.2581988897471611,2.0
global_piqa_parallel_cloze_tel_telu,15,global_piqa_parallel_cloze,benchmark,4,-0.010105984460662744,0.03107313513640242,-0.21081851067789195,2.0
global_piqa_parallel_cloze_tel_telu,30,global_piqa_parallel_cloze,benchmark,5,-0.04561478736810926,0.48135124332845314,-0.6708203932499368,2.0
global_piqa_parallel_cloze_tel_telu,50,global_piqa_parallel_cloze,benchmark,4,0.04453236238870403,0.6637039705581045,0.7999999999999999,2.0
global_piqa_parallel_cloze_tgl_latn,1,global_piqa_parallel_cloze,benchmark,3,0.08693953750248118,0.4394463843597636,0.5,2.0
global_piqa_parallel_cloze_tgl_latn,2,global_piqa_parallel_cloze,benchmark,4,0.024768031923767374,0.08911942817263563,0.316227766016838,2.0
global_piqa_parallel_cloze_tgl_latn,8,global_piqa_parallel_cloze,benchmark,4,0.015687543704608155,0.28615525220294113,0.632455532033676,2.0
global_piqa_parallel_cloze_tgl_latn,15,global_piqa_parallel_cloze,benchmark,4,0.006828321578778555,0.07802589798875492,0.316227766016838,2.0
global_piqa_parallel_cloze_tgl_latn,30,global_piqa_parallel_cloze,benchmark,5,0.009552087159782719,0.04349516460606295,0.10259783520851541,2.0
global_piqa_parallel_cloze_tgl_latn,50,global_piqa_parallel_cloze,benchmark,4,0.02544525862011935,0.023811817220949938,0.0,2.0
global_piqa_parallel_cloze_tha_thai,1,global_piqa_parallel_cloze,benchmark,3,-0.06452393639946734,0.9682389068524463,-1.0,2.0
global_piqa_parallel_cloze_tha_thai,2,global_piqa_parallel_cloze,benchmark,4,-0.03820074200761186,0.3159069891810018,-0.632455532033676,2.0
global_piqa_parallel_cloze_tha_thai,8,global_piqa_parallel_cloze,benchmark,4,0.003022089322889992,0.00469233299980043,0.10540925533894598,2.0
global_piqa_parallel_cloze_tha_thai,15,global_piqa_parallel_cloze,benchmark,4,-0.08635845117108912,0.9599675116875132,-1.0,2.0
global_piqa_parallel_cloze_tha_thai,30,global_piqa_parallel_cloze,benchmark,5,0.10696658962537364,0.728722978309001,0.8999999999999998,2.0
global_piqa_parallel_cloze_tha_thai,50,global_piqa_parallel_cloze,benchmark,4,0.005609398488878956,0.021060015653396102,0.19999999999999998,2.0
global_piqa_parallel_cloze_tur_latn,1,global_piqa_parallel_cloze,benchmark,3,-0.021599402829066524,0.7594458069231986,-0.8660254037844387,2.0
global_piqa_parallel_cloze_tur_latn,2,global_piqa_parallel_cloze,benchmark,4,-0.004628593863469347,0.012449104651529819,-0.316227766016838,2.0
global_piqa_parallel_cloze_tur_latn,8,global_piqa_parallel_cloze,benchmark,4,-0.061017824884677926,0.9792229910392929,-1.0,2.0
global_piqa_parallel_cloze_tur_latn,15,global_piqa_parallel_cloze,benchmark,4,0.02152144090592981,0.3263458904213057,0.316227766016838,2.0
global_piqa_parallel_cloze_tur_latn,30,global_piqa_parallel_cloze,benchmark,5,0.03939551333955713,0.3937917863717282,0.8720815992723809,2.0
global_piqa_parallel_cloze_tur_latn,50,global_piqa_parallel_cloze,benchmark,4,0.03189854212320111,0.316791123907154,0.316227766016838,2.0
global_piqa_parallel_cloze_uig_arab,1,global_piqa_parallel_cloze,benchmark,3,0.06479598380877438,0.7594458069232,0.8660254037844387,2.0
global_piqa_parallel_cloze_uig_arab,2,global_piqa_parallel_cloze,benchmark,4,0.03407708735038565,0.22894233310781154,0.19999999999999998,2.0
global_piqa_parallel_cloze_uig_arab,8,global_piqa_parallel_cloze,benchmark,4,0.011160334680393878,0.10191677910944075,0.21081851067789195,2.0
global_piqa_parallel_cloze_uig_arab,15,global_piqa_parallel_cloze,benchmark,4,-0.026665955677863874,0.27198393851554814,-0.6000000000000001,2.0
global_piqa_parallel_cloze_uig_arab,30,global_piqa_parallel_cloze,benchmark,5,0.0410840924648574,0.7586613865519938,0.8207826816681233,2.0
global_piqa_parallel_cloze_uig_arab,50,global_piqa_parallel_cloze,benchmark,4,0.030500044209713743,0.7783622885334665,0.8944271909999159,2.0
global_piqa_parallel_cloze_ukr_cyrl,1,global_piqa_parallel_cloze,benchmark,3,-0.04183625986413348,0.14996873149277978,-0.5,2.0
global_piqa_parallel_cloze_ukr_cyrl,2,global_piqa_parallel_cloze,benchmark,4,0.05898116546404771,0.45723872011904176,0.7999999999999999,2.0
global_piqa_parallel_cloze_ukr_cyrl,8,global_piqa_parallel_cloze,benchmark,4,0.08084189260105874,0.9499086556582921,1.0,2.0
global_piqa_parallel_cloze_ukr_cyrl,15,global_piqa_parallel_cloze,benchmark,4,0.018152361592036446,0.06126462101799535,0.21081851067789195,2.0
global_piqa_parallel_cloze_ukr_cyrl,30,global_piqa_parallel_cloze,benchmark,5,0.02613612161306771,0.238803803585814,0.35909242322980395,2.0
global_piqa_parallel_cloze_ukr_cyrl,50,global_piqa_parallel_cloze,benchmark,4,0.08879499604493135,0.7761003093015738,0.9486832980505139,2.0
global_piqa_parallel_cloze_urd_arab,1,global_piqa_parallel_cloze,benchmark,3,-0.0002720474093072293,0.00012050136214358798,0.0,2.0
global_piqa_parallel_cloze_urd_arab,2,global_piqa_parallel_cloze,benchmark,4,-0.03382395994576248,0.6315616802455173,-0.7999999999999999,2.0
global_piqa_parallel_cloze_urd_arab,8,global_piqa_parallel_cloze,benchmark,4,-0.031213948431464626,0.8968873089660029,-0.9486832980505139,2.0
global_piqa_parallel_cloze_urd_arab,15,global_piqa_parallel_cloze,benchmark,4,-0.015535808125954127,0.06335613923200356,-0.316227766016838,2.0
global_piqa_parallel_cloze_urd_arab,30,global_piqa_parallel_cloze,benchmark,5,0.04894829521815884,0.3140878052351298,0.6668859288553501,2.0
global_piqa_parallel_cloze_urd_arab,50,global_piqa_parallel_cloze,benchmark,4,0.03359970305877144,0.1153668275433829,0.39999999999999997,2.0
global_piqa_parallel_cloze_urd_latn,1,global_piqa_parallel_cloze,benchmark,3,0.19329970574306896,0.9971837289408241,1.0,2.0
global_piqa_parallel_cloze_urd_latn,2,global_piqa_parallel_cloze,benchmark,4,0.004105542385369714,0.06202829607204352,0.2581988897471611,2.0
global_piqa_parallel_cloze_urd_latn,8,global_piqa_parallel_cloze,benchmark,4,-0.0028880101643341083,0.06141833833002608,-0.2581988897471611,2.0
global_piqa_parallel_cloze_urd_latn,15,global_piqa_parallel_cloze,benchmark,4,-0.019282258753053064,0.051847819927836825,-0.10540925533894598,2.0
global_piqa_parallel_cloze_urd_latn,30,global_piqa_parallel_cloze,benchmark,5,-0.009181492728617804,0.16575753501835344,-0.22360679774997894,2.0
global_piqa_parallel_cloze_urd_latn,50,global_piqa_parallel_cloze,benchmark,4,0.007007896402366195,0.00614434027373445,0.19999999999999998,2.0
global_piqa_parallel_cloze_uzn_latn,1,global_piqa_parallel_cloze,benchmark,3,0.06479820848719947,0.7594458069232024,0.8660254037844387,2.0
global_piqa_parallel_cloze_uzn_latn,2,global_piqa_parallel_cloze,benchmark,4,-0.05911678181008107,0.5674188132433525,-0.6000000000000001,2.0
global_piqa_parallel_cloze_uzn_latn,8,global_piqa_parallel_cloze,benchmark,4,-0.02130155626823587,0.9113653859590516,-0.9486832980505139,2.0
global_piqa_parallel_cloze_uzn_latn,15,global_piqa_parallel_cloze,benchmark,4,0.018906149962967862,0.1196269812131866,0.39999999999999997,2.0
global_piqa_parallel_cloze_uzn_latn,30,global_piqa_parallel_cloze,benchmark,5,0.01447088989472928,0.07008844566826833,0.35909242322980395,2.0
global_piqa_parallel_cloze_uzn_latn,50,global_piqa_parallel_cloze,benchmark,4,0.04220176380381789,0.4257564423790302,0.39999999999999997,2.0
global_piqa_parallel_cloze_vie_latn,1,global_piqa_parallel_cloze,benchmark,3,-0.04183845651954567,0.14997878898604278,-0.5,2.0
global_piqa_parallel_cloze_vie_latn,2,global_piqa_parallel_cloze,benchmark,4,0.042373666214343346,0.26084154717140917,0.632455532033676,2.0
global_piqa_parallel_cloze_vie_latn,8,global_piqa_parallel_cloze,benchmark,4,0.010141221587842073,0.06311386507423511,0.316227766016838,2.0
global_piqa_parallel_cloze_vie_latn,15,global_piqa_parallel_cloze,benchmark,4,-0.04874382223375963,0.6236625182791966,-0.7378647873726218,2.0
global_piqa_parallel_cloze_vie_latn,30,global_piqa_parallel_cloze,benchmark,5,-0.036497284696080094,0.3953785882069982,-0.7,2.0
global_piqa_parallel_cloze_vie_latn,50,global_piqa_parallel_cloze,benchmark,4,0.010197092625031276,0.07326358848007497,0.316227766016838,2.0
global_piqa_parallel_cloze_yor_latn,1,global_piqa_parallel_cloze,benchmark,3,-0.0005441228416273545,0.00012050136214591944,0.0,2.0
global_piqa_parallel_cloze_yor_latn,2,global_piqa_parallel_cloze,benchmark,4,0.024971459935023865,0.07823473576268802,0.316227766016838,2.0
global_piqa_parallel_cloze_yor_latn,8,global_piqa_parallel_cloze,benchmark,4,-0.0310523903006517,0.4841541706915957,-0.632455532033676,2.0
global_piqa_parallel_cloze_yor_latn,15,global_piqa_parallel_cloze,benchmark,4,0.01347632629767661,0.22100721380202426,0.316227766016838,2.0
global_piqa_parallel_cloze_yor_latn,30,global_piqa_parallel_cloze,benchmark,5,0.0019431816362146456,0.0018000115316215703,0.10259783520851541,2.0
global_piqa_parallel_cloze_yor_latn,50,global_piqa_parallel_cloze,benchmark,4,0.0020596073292891218,0.0023661568792647802,0.21081851067789195,2.0
global_piqa_parallel_cloze_yue_hant,1,global_piqa_parallel_cloze,benchmark,3,0.08693731282405609,0.439440059611519,0.5,2.0
global_piqa_parallel_cloze_yue_hant,2,global_piqa_parallel_cloze,benchmark,4,-0.02933055956887791,0.27137240477693425,-0.6000000000000001,2.0
global_piqa_parallel_cloze_yue_hant,8,global_piqa_parallel_cloze,benchmark,4,0.04089796770171651,0.5132308124362638,0.632455532033676,2.0
global_piqa_parallel_cloze_yue_hant,15,global_piqa_parallel_cloze,benchmark,4,-0.0248917827429437,0.23040423247467423,-0.632455532033676,2.0
global_piqa_parallel_cloze_yue_hant,30,global_piqa_parallel_cloze,benchmark,5,0.04151544751773237,0.3306495313942811,0.6,2.0
global_piqa_parallel_cloze_yue_hant,50,global_piqa_parallel_cloze,benchmark,4,-0.0013972353903668822,0.0007467377503894701,-0.19999999999999998,2.0
global_piqa_parallel_cloze_zsm_latn,1,global_piqa_parallel_cloze,benchmark,3,0.0002720754323201056,0.00012050136214558638,0.0,2.0
global_piqa_parallel_cloze_zsm_latn,2,global_piqa_parallel_cloze,benchmark,4,-0.008666754427477306,0.20735403131182129,-0.4472135954999579,2.0
global_piqa_parallel_cloze_zsm_latn,8,global_piqa_parallel_cloze,benchmark,4,-0.0030217918658743694,0.004691431811917113,-0.10540925533894598,2.0
global_piqa_parallel_cloze_zsm_latn,15,global_piqa_parallel_cloze,benchmark,4,-0.02834976248470851,0.39849632350383857,-0.632455532033676,2.0
global_piqa_parallel_cloze_zsm_latn,30,global_piqa_parallel_cloze,benchmark,5,-0.030154968225629335,0.3326655417154376,-0.49999999999999994,2.0
global_piqa_parallel_cloze_zsm_latn,50,global_piqa_parallel_cloze,benchmark,4,0.045465851084234586,0.21124255167151107,0.7378647873726218,2.0
global_piqa_parallel_cloze_zul_latn,1,global_piqa_parallel_cloze,benchmark,3,-0.04183625986413342,0.14996873149278067,-0.5,2.0
global_piqa_parallel_cloze_zul_latn,2,global_piqa_parallel_cloze,benchmark,4,0.008278896435962448,0.09458558154915864,0.316227766016838,2.0
global_piqa_parallel_cloze_zul_latn,8,global_piqa_parallel_cloze,benchmark,4,0.06242922218185447,0.8968945971019859,0.9486832980505139,2.0
global_piqa_parallel_cloze_zul_latn,15,global_piqa_parallel_cloze,benchmark,4,-0.01084155116556409,0.009365885312700661,-0.19999999999999998,2.0
global_piqa_parallel_cloze_zul_latn,30,global_piqa_parallel_cloze,benchmark,5,-0.005455298688040491,0.006884817954186273,-0.051298917604257706,2.0
global_piqa_parallel_cloze_zul_latn,50,global_piqa_parallel_cloze,benchmark,4,-0.013656209388904966,0.07801692353361167,-0.316227766016838,2.0
hellaswag,1,hellaswag,benchmark,5,0.21981997643732665,0.9894950984469352,0.9999999999999999,4.0
hellaswag,2,hellaswag,benchmark,5,0.21431044803311755,0.998295146941472,0.9999999999999999,4.0
hellaswag,8,hellaswag,benchmark,4,0.21328942682470445,0.9982283606966522,1.0,4.0
hellaswag,15,hellaswag,benchmark,4,0.2016719245033496,0.9963744275582737,1.0,4.0
hellaswag,30,hellaswag,benchmark,5,0.20339619430753242,0.9962875106021176,0.9999999999999999,4.0
hellaswag,50,hellaswag,benchmark,4,0.19858158961209252,0.9884916457145762,1.0,4.0
hellaswag_ar,1,hellaswag,benchmark,3,0.010127400023262711,0.9949024399066168,1.0,4.0
hellaswag_ar,2,hellaswag,benchmark,4,0.019913248571134162,0.9511973773131304,1.0,4.0
hellaswag_ar,8,hellaswag,benchmark,4,0.02146114271767004,0.9083357613209575,0.7999999999999999,4.0
hellaswag_ar,15,hellaswag,benchmark,4,0.06873127935842695,0.9659603667194937,1.0,4.0
hellaswag_ar,30,hellaswag,benchmark,5,0.07861262691102959,0.9654126825995747,0.9999999999999999,4.0
hellaswag_ar,50,hellaswag,benchmark,4,0.05782948876339281,0.900352547624891,1.0,4.0
hellaswag_bn,1,hellaswag,benchmark,3,2.7294414572060698e-05,0.00012050136219055041,0.0,4.0
hellaswag_bn,2,hellaswag,benchmark,4,0.005674154892989659,0.8122543144417306,0.7999999999999999,4.0
hellaswag_bn,8,hellaswag,benchmark,4,0.010553467950495244,0.6768419051667429,1.0,4.0
hellaswag_bn,15,hellaswag,benchmark,4,0.005872697153824734,0.5043175249521519,0.316227766016838,4.0
hellaswag_bn,30,hellaswag,benchmark,5,0.020020317473316784,0.8132828652301476,0.9999999999999999,4.0
hellaswag_bn,50,hellaswag,benchmark,4,0.013249625973468968,0.7786777863927864,1.0,4.0
hellaswag_ca,1,hellaswag,benchmark,3,0.0319691930356334,0.9849956998136136,1.0,4.0
hellaswag_ca,2,hellaswag,benchmark,4,0.018562619383238294,0.8583781622416378,0.7999999999999999,4.0
hellaswag_ca,8,hellaswag,benchmark,4,0.03738008986678579,0.8851737375036404,1.0,4.0
hellaswag_ca,15,hellaswag,benchmark,4,0.02350388147407896,0.9304578522026709,1.0,4.0
hellaswag_ca,30,hellaswag,benchmark,5,0.037455479551698846,0.8082642294711242,0.9999999999999999,4.0
hellaswag_ca,50,hellaswag,benchmark,4,0.08394604859884079,0.9576404376624683,1.0,4.0
hellaswag_da,1,hellaswag,benchmark,3,0.0212820475982366,0.7511628783516134,0.5,4.0
hellaswag_da,2,hellaswag,benchmark,4,0.023274362167145193,0.7823288836139233,1.0,4.0
hellaswag_da,8,hellaswag,benchmark,4,0.023010037767343908,0.8921491541471556,1.0,4.0
hellaswag_da,15,hellaswag,benchmark,4,0.01939588678712042,0.8244163518127335,1.0,4.0
hellaswag_da,30,hellaswag,benchmark,5,0.1324389656210205,0.9476655072760367,0.9999999999999999,4.0
hellaswag_da,50,hellaswag,benchmark,4,0.10629881178315144,0.9575071016979324,1.0,4.0
hellaswag_de,1,hellaswag,benchmark,3,0.044223546398939016,0.9675599189439356,1.0,4.0
hellaswag_de,2,hellaswag,benchmark,4,0.049950689703103394,0.927639337519946,1.0,4.0
hellaswag_de,8,hellaswag,benchmark,4,0.1377259030543341,0.9823905048512971,1.0,4.0
hellaswag_de,15,hellaswag,benchmark,4,0.1144994660468082,0.9743650126940284,1.0,4.0
hellaswag_de,30,hellaswag,benchmark,5,0.13221586141648592,0.9714217892083317,0.9999999999999999,4.0
hellaswag_de,50,hellaswag,benchmark,4,0.11069856240197279,0.9694743725251521,1.0,4.0
hellaswag_es,1,hellaswag,benchmark,3,0.10036324046116334,0.9875031374285171,1.0,4.0
hellaswag_es,2,hellaswag,benchmark,4,0.09023884070440787,0.9599999204755314,1.0,4.0
hellaswag_es,8,hellaswag,benchmark,4,0.1667352808876796,0.9941154830504779,1.0,4.0
hellaswag_es,15,hellaswag,benchmark,4,0.15535897959565326,0.9932587281006094,1.0,4.0
hellaswag_es,30,hellaswag,benchmark,5,0.16235189739600592,0.9884968080590917,0.9999999999999999,4.0
hellaswag_es,50,hellaswag,benchmark,4,0.14736598327485304,0.9879908242795156,1.0,4.0
hellaswag_eu,1,hellaswag,benchmark,3,0.00698122164037139,0.6834624081342464,0.5,4.0
hellaswag_eu,2,hellaswag,benchmark,4,0.0048955752563565325,0.4764949438768583,0.7999999999999999,4.0
hellaswag_eu,8,hellaswag,benchmark,4,0.0038194465955688323,0.45740511909945636,0.39999999999999997,4.0
hellaswag_eu,15,hellaswag,benchmark,4,0.0019370049829164208,0.2530226976500246,0.6000000000000001,4.0
hellaswag_eu,30,hellaswag,benchmark,5,0.0021737922909387804,0.4437471686483587,0.6,4.0
hellaswag_eu,50,hellaswag,benchmark,4,0.0007439634835104821,0.11626623247882262,0.39999999999999997,4.0
hellaswag_fr,1,hellaswag,benchmark,3,0.08605680494610177,0.9863363353951076,1.0,4.0
hellaswag_fr,2,hellaswag,benchmark,4,0.07691894703526893,0.972681260376963,1.0,4.0
hellaswag_fr,8,hellaswag,benchmark,4,0.15906251007409755,0.9940052122945939,1.0,4.0
hellaswag_fr,15,hellaswag,benchmark,4,0.1430938566726086,0.9933961241939607,1.0,4.0
hellaswag_fr,30,hellaswag,benchmark,5,0.15248463630103753,0.9836560330425786,0.9999999999999999,4.0
hellaswag_fr,50,hellaswag,benchmark,4,0.13168253876296437,0.9804900709035168,1.0,4.0
hellaswag_gu,1,hellaswag,benchmark,3,0.0067117590861877855,0.14261332388404147,0.5,4.0
hellaswag_gu,2,hellaswag,benchmark,4,-1.455745878876288e-05,1.197567174027192e-05,0.0,4.0
hellaswag_gu,8,hellaswag,benchmark,4,0.003957845335192287,0.6569106906135032,0.7999999999999999,4.0
hellaswag_gu,15,hellaswag,benchmark,4,0.008688512927736302,0.5918178162343335,0.7999999999999999,4.0
hellaswag_gu,30,hellaswag,benchmark,5,0.007739214863153649,0.590143977299204,0.7,4.0
hellaswag_gu,50,hellaswag,benchmark,4,0.007871321700997067,0.8751163042055561,1.0,4.0
hellaswag_hi,1,hellaswag,benchmark,3,0.014626461652112416,0.8415383076328103,1.0,4.0
hellaswag_hi,2,hellaswag,benchmark,4,0.000491493775288314,0.03012900462093393,0.0,4.0
hellaswag_hi,8,hellaswag,benchmark,4,0.007251155415753131,0.8411725850853017,0.7999999999999999,4.0
hellaswag_hi,15,hellaswag,benchmark,4,0.003753378609150194,0.6469146440607163,0.7999999999999999,4.0
hellaswag_hi,30,hellaswag,benchmark,5,0.04573613295633066,0.8770737642328962,0.9999999999999999,4.0
hellaswag_hi,50,hellaswag,benchmark,4,0.033437968910308286,0.9245501810546862,1.0,4.0
hellaswag_hr,1,hellaswag,benchmark,3,0.002633152959682815,0.15989523910499315,0.5,4.0
hellaswag_hr,2,hellaswag,benchmark,4,0.011232106351099167,0.8621787579968629,1.0,4.0
hellaswag_hr,8,hellaswag,benchmark,4,0.007840248093877808,0.8223970866570383,1.0,4.0
hellaswag_hr,15,hellaswag,benchmark,4,0.0038635500051652496,0.7121890216482838,0.7999999999999999,4.0
hellaswag_hr,30,hellaswag,benchmark,5,0.014653609802982283,0.7277511069575151,0.8999999999999998,4.0
hellaswag_hr,50,hellaswag,benchmark,4,0.07878027155255932,0.9297469321746823,1.0,4.0
hellaswag_hu,1,hellaswag,benchmark,3,0.018248799658600285,0.9077266937096206,1.0,4.0
hellaswag_hu,2,hellaswag,benchmark,4,0.007742118510271779,0.996781627254876,1.0,4.0
hellaswag_hu,8,hellaswag,benchmark,4,0.008589794696977153,0.8697124778498266,0.9486832980505139,4.0
hellaswag_hu,15,hellaswag,benchmark,4,0.004155313795234722,0.9825227658833867,1.0,4.0
hellaswag_hu,30,hellaswag,benchmark,5,0.08354118251495485,0.9251173214500943,0.9999999999999999,4.0
hellaswag_hu,50,hellaswag,benchmark,4,0.05429922938251722,0.9047937670567678,1.0,4.0
hellaswag_hy,1,hellaswag,benchmark,3,-0.0022651342619265592,0.270181022545676,-0.5,4.0
hellaswag_hy,2,hellaswag,benchmark,4,0.0010935489541213073,0.08687846408739741,0.39999999999999997,4.0
hellaswag_hy,8,hellaswag,benchmark,4,0.005588294177494379,0.5622768079231447,0.7999999999999999,4.0
hellaswag_hy,15,hellaswag,benchmark,4,0.007806466806618418,0.5375650500057154,0.39999999999999997,4.0
hellaswag_hy,30,hellaswag,benchmark,5,0.0038253478209730445,0.9273131889208025,0.9999999999999999,4.0
hellaswag_hy,50,hellaswag,benchmark,4,0.0032767039812067094,0.35816942936552465,0.39999999999999997,4.0
hellaswag_id,1,hellaswag,benchmark,3,0.05048767475528746,0.920925662590253,1.0,4.0
hellaswag_id,2,hellaswag,benchmark,4,0.031128886261753006,0.856333738245604,1.0,4.0
hellaswag_id,8,hellaswag,benchmark,4,0.035875473317968566,0.9572482795395344,1.0,4.0
hellaswag_id,15,hellaswag,benchmark,4,0.10394574112216419,0.9786857125317956,1.0,4.0
hellaswag_id,30,hellaswag,benchmark,5,0.12191214115455866,0.9736272172823761,0.9999999999999999,4.0
hellaswag_id,50,hellaswag,benchmark,4,0.10093909512259293,0.9761898600802915,1.0,4.0
hellaswag_it,1,hellaswag,benchmark,3,0.07381289881558403,0.9314813430099486,1.0,4.0
hellaswag_it,2,hellaswag,benchmark,4,0.050812301771828,0.9134637630713005,1.0,4.0
hellaswag_it,8,hellaswag,benchmark,4,0.14643946652085058,0.9835498854215081,1.0,4.0
hellaswag_it,15,hellaswag,benchmark,4,0.12516229995208195,0.9855484855601009,1.0,4.0
hellaswag_it,30,hellaswag,benchmark,5,0.1405825147152719,0.9697418758918906,0.9999999999999999,4.0
hellaswag_it,50,hellaswag,benchmark,4,0.11620603468915557,0.9567486456192624,1.0,4.0
hellaswag_kn,1,hellaswag,benchmark,3,0.010287253871911258,0.7954674374508257,1.0,4.0
hellaswag_kn,2,hellaswag,benchmark,4,0.008676425170827345,0.5772225631518837,0.7999999999999999,4.0
hellaswag_kn,8,hellaswag,benchmark,4,0.008445576529689693,0.5340513091119825,0.7999999999999999,4.0
hellaswag_kn,15,hellaswag,benchmark,4,0.013313182263332014,0.9180484793824979,1.0,4.0
hellaswag_kn,30,hellaswag,benchmark,5,0.01124634910480798,0.9085174390072339,0.9999999999999999,4.0
hellaswag_kn,50,hellaswag,benchmark,4,0.01797623691527318,0.9581050274217521,1.0,4.0
hellaswag_ml,1,hellaswag,benchmark,3,0.007871558263834073,0.7641710876948122,1.0,4.0
hellaswag_ml,2,hellaswag,benchmark,4,0.0030404024739669314,0.5185335876625935,0.7999999999999999,4.0
hellaswag_ml,8,hellaswag,benchmark,4,0.0049921626735104415,0.749546256644861,1.0,4.0
hellaswag_ml,15,hellaswag,benchmark,4,0.006560611460893379,0.7096660210673097,0.7999999999999999,4.0
hellaswag_ml,30,hellaswag,benchmark,5,0.004290215420769935,0.6837833427859281,0.7999999999999999,4.0
hellaswag_ml,50,hellaswag,benchmark,4,0.0007906741121425502,0.07686777391475907,0.6000000000000001,4.0
hellaswag_mr,1,hellaswag,benchmark,3,0.0026574013084606153,0.37770905504542196,0.5,4.0
hellaswag_mr,2,hellaswag,benchmark,4,0.0005609216784411804,0.009754067558037316,0.0,4.0
hellaswag_mr,8,hellaswag,benchmark,4,0.0060576185495059545,0.7712443829910539,0.7999999999999999,4.0
hellaswag_mr,15,hellaswag,benchmark,4,0.0018365717814121207,0.18292157836427358,0.39999999999999997,4.0
hellaswag_mr,30,hellaswag,benchmark,5,0.005339115036762556,0.6338268937469819,0.6,4.0
hellaswag_mr,50,hellaswag,benchmark,4,0.012411948890983938,0.8976873835827651,1.0,4.0
hellaswag_ne,1,hellaswag,benchmark,3,0.008094581611984862,0.9031666462517532,1.0,4.0
hellaswag_ne,2,hellaswag,benchmark,4,0.005326811928405276,0.9530472550999336,1.0,4.0
hellaswag_ne,8,hellaswag,benchmark,4,0.005861621968409444,0.8643003433682959,1.0,4.0
hellaswag_ne,15,hellaswag,benchmark,4,0.00957811223098616,0.7259094369786643,0.7999999999999999,4.0
hellaswag_ne,30,hellaswag,benchmark,5,0.009310872525368673,0.7091715110429704,0.8999999999999998,4.0
hellaswag_ne,50,hellaswag,benchmark,4,0.0137904549344577,0.8179129796339079,0.7999999999999999,4.0
hellaswag_nl,1,hellaswag,benchmark,3,0.03210899742923701,0.8765746714115341,1.0,4.0
hellaswag_nl,2,hellaswag,benchmark,4,0.02490894762458525,0.7789674832618105,1.0,4.0
hellaswag_nl,8,hellaswag,benchmark,4,0.03961387258922672,0.8943047213902524,1.0,4.0
hellaswag_nl,15,hellaswag,benchmark,4,0.11820012859380936,0.9728797894225344,1.0,4.0
hellaswag_nl,30,hellaswag,benchmark,5,0.1320240526791037,0.9510272935197769,0.9999999999999999,4.0
hellaswag_nl,50,hellaswag,benchmark,4,0.10123939580706845,0.9541126205580556,1.0,4.0
hellaswag_pt,1,hellaswag,benchmark,3,0.07593350056354486,0.9999160568384308,1.0,4.0
hellaswag_pt,2,hellaswag,benchmark,4,0.06609921344241973,0.968760479778851,1.0,4.0
hellaswag_pt,8,hellaswag,benchmark,4,0.08134676988587489,0.9526862280893019,1.0,4.0
hellaswag_pt,15,hellaswag,benchmark,4,0.1401479813133388,0.9826475336228704,1.0,4.0
hellaswag_pt,30,hellaswag,benchmark,5,0.15192588871010232,0.9715922438010882,0.9999999999999999,4.0
hellaswag_pt,50,hellaswag,benchmark,4,0.13018033660087217,0.9650357503041561,1.0,4.0
hellaswag_ro,1,hellaswag,benchmark,3,0.014459376399516728,0.6739055235214808,0.5,4.0
hellaswag_ro,2,hellaswag,benchmark,4,0.018901291606906727,0.8860157594567778,1.0,4.0
hellaswag_ro,8,hellaswag,benchmark,4,0.022491252306084265,0.8613176833634872,0.7999999999999999,4.0
hellaswag_ro,15,hellaswag,benchmark,4,0.008975545357091972,0.9933718155807396,1.0,4.0
hellaswag_ro,30,hellaswag,benchmark,5,0.11563036878646613,0.951971614324476,0.9999999999999999,4.0
hellaswag_ro,50,hellaswag,benchmark,4,0.08574664711383073,0.9384598151154537,1.0,4.0
hellaswag_ru,1,hellaswag,benchmark,3,0.03226137515825937,0.9622116151405665,1.0,4.0
hellaswag_ru,2,hellaswag,benchmark,5,0.15305417139135943,0.9995557947934782,0.9999999999999999,4.0
hellaswag_ru,8,hellaswag,benchmark,4,0.14513131006181848,0.9878281635098248,1.0,4.0
hellaswag_ru,15,hellaswag,benchmark,4,0.12600608024865956,0.9922758404883459,1.0,4.0
hellaswag_ru,30,hellaswag,benchmark,5,0.1339235101682634,0.9896549684509831,0.9999999999999999,4.0
hellaswag_ru,50,hellaswag,benchmark,4,0.1149275236742592,0.9871140019851403,1.0,4.0
hellaswag_sk,1,hellaswag,benchmark,3,0.004665252959236729,0.9978187585837043,1.0,4.0
hellaswag_sk,2,hellaswag,benchmark,4,0.012907993463816873,0.6518867302126832,0.7999999999999999,4.0
hellaswag_sk,8,hellaswag,benchmark,4,0.00967317301225943,0.9376639665886929,0.7999999999999999,4.0
hellaswag_sk,15,hellaswag,benchmark,4,0.007349801793445223,0.9296621783866674,1.0,4.0
hellaswag_sk,30,hellaswag,benchmark,5,0.05603190051879742,0.910110402631058,0.9999999999999999,4.0
hellaswag_sk,50,hellaswag,benchmark,4,0.07496002247120474,0.8855928589784142,1.0,4.0
hellaswag_sr,1,hellaswag,benchmark,3,-0.00042790506557486977,0.014592786230714472,-0.5,4.0
hellaswag_sr,2,hellaswag,benchmark,4,0.005044435074364516,0.22775828695193534,0.39999999999999997,4.0
hellaswag_sr,8,hellaswag,benchmark,4,0.009474144706122088,0.8924615578286965,0.7999999999999999,4.0
hellaswag_sr,15,hellaswag,benchmark,4,0.0046304061609969025,0.6695505293358902,0.632455532033676,4.0
hellaswag_sr,30,hellaswag,benchmark,5,0.017117490468539488,0.7555546219852954,0.9999999999999999,4.0
hellaswag_sr,50,hellaswag,benchmark,4,0.07988432204133601,0.8975341072192797,1.0,4.0
hellaswag_sv,1,hellaswag,benchmark,3,0.025681812554567522,0.9989287026761995,1.0,4.0
hellaswag_sv,2,hellaswag,benchmark,4,0.01323229436271131,0.6605356054099976,0.7999999999999999,4.0
hellaswag_sv,8,hellaswag,benchmark,4,0.019634249991082625,0.7324747711988978,0.7999999999999999,4.0
hellaswag_sv,15,hellaswag,benchmark,4,0.007801327251325501,0.9148442803754172,1.0,4.0
hellaswag_sv,30,hellaswag,benchmark,5,0.13761399882346526,0.9557232308007594,0.9999999999999999,4.0
hellaswag_sv,50,hellaswag,benchmark,4,0.11214981829561646,0.9525186848852252,1.0,4.0
hellaswag_ta,1,hellaswag,benchmark,3,0.010816432758546988,0.8965110637712798,1.0,4.0
hellaswag_ta,2,hellaswag,benchmark,4,0.000684145231204749,0.41568430277297963,0.39999999999999997,4.0
hellaswag_ta,8,hellaswag,benchmark,4,0.006005121104235129,0.7948589321843212,1.0,4.0
hellaswag_ta,15,hellaswag,benchmark,4,0.012261137707857302,0.9843233612352422,1.0,4.0
hellaswag_ta,30,hellaswag,benchmark,5,0.010263344143102449,0.8259889459035875,0.8999999999999998,4.0
hellaswag_ta,50,hellaswag,benchmark,4,0.007370397533072415,0.7957870400478504,0.7999999999999999,4.0
hellaswag_te,1,hellaswag,benchmark,3,0.0029680090180001176,0.16152645482378825,0.5,4.0
hellaswag_te,2,hellaswag,benchmark,4,0.004323336192364396,0.30984434303684805,0.316227766016838,4.0
hellaswag_te,8,hellaswag,benchmark,4,0.008931758907929209,0.9797715413005051,1.0,4.0
hellaswag_te,15,hellaswag,benchmark,4,0.011665378655841344,0.7476820599098037,1.0,4.0
hellaswag_te,30,hellaswag,benchmark,5,0.009800948438616175,0.8557444068784001,0.8999999999999998,4.0
hellaswag_te,50,hellaswag,benchmark,4,0.011735868469085538,0.6646721634650119,0.632455532033676,4.0
hellaswag_uk,1,hellaswag,benchmark,3,0.013236090868261165,0.7726219658538253,1.0,4.0
hellaswag_uk,2,hellaswag,benchmark,4,0.08131294561470288,0.9682831809693538,1.0,4.0
hellaswag_uk,8,hellaswag,benchmark,4,0.04044250341690116,0.8541394265571108,1.0,4.0
hellaswag_uk,15,hellaswag,benchmark,4,0.02270902724334893,0.859699120013091,1.0,4.0
hellaswag_uk,30,hellaswag,benchmark,5,0.10765933921997335,0.9696974087496005,0.9999999999999999,4.0
hellaswag_uk,50,hellaswag,benchmark,4,0.08643790532251684,0.9710791700211044,1.0,4.0
hellaswag_vi,1,hellaswag,benchmark,3,0.03485822289761822,0.9249763473700112,1.0,4.0
hellaswag_vi,2,hellaswag,benchmark,4,0.017641618626122867,0.9622426199140751,1.0,4.0
hellaswag_vi,8,hellaswag,benchmark,4,0.017053577366938313,0.9560660057611317,1.0,4.0
hellaswag_vi,15,hellaswag,benchmark,4,0.09242712636411422,0.967421179022385,1.0,4.0
hellaswag_vi,30,hellaswag,benchmark,5,0.09922605137316898,0.9724050509004015,0.9999999999999999,4.0
hellaswag_vi,50,hellaswag,benchmark,4,0.08769644565409501,0.9702260892388979,1.0,4.0
include_base_44_albanian,1,include_base_44,benchmark,3,-0.03608361657607368,0.994384270086869,-1.0,4.0
include_base_44_albanian,2,include_base_44,benchmark,4,-0.030975638103026087,0.3496562455187998,-0.316227766016838,4.0
include_base_44_albanian,8,include_base_44,benchmark,4,0.004250936295964227,0.0638232974541908,0.39999999999999997,4.0
include_base_44_albanian,15,include_base_44,benchmark,4,0.041659247136562855,0.21093054924255428,0.39999999999999997,4.0
include_base_44_albanian,30,include_base_44,benchmark,5,-0.03959895701229746,0.6833608467121165,-0.8207826816681233,4.0
include_base_44_albanian,50,include_base_44,benchmark,4,-0.040232613092877706,0.28289736761998174,-0.632455532033676,4.0
include_base_44_arabic,1,include_base_44,benchmark,3,-0.012954151968805947,0.022481855392340377,-0.5,4.0
include_base_44_arabic,2,include_base_44,benchmark,4,0.0238393514125063,0.13021608831979148,0.19999999999999998,4.0
include_base_44_arabic,8,include_base_44,benchmark,4,-0.010643965757159106,0.037286817741944756,0.0,4.0
include_base_44_arabic,15,include_base_44,benchmark,4,-0.07751950986323997,0.6835891726958696,-0.7999999999999999,4.0
include_base_44_arabic,30,include_base_44,benchmark,5,-0.0677033317841667,0.4255214307272711,-0.41039134083406165,4.0
include_base_44_arabic,50,include_base_44,benchmark,4,0.0009564089456534849,0.0010344544741550665,0.19999999999999998,4.0
include_base_44_armenian,1,include_base_44,benchmark,3,-0.055862693000864515,0.6865181911740128,-0.5,4.0
include_base_44_armenian,2,include_base_44,benchmark,4,-0.0061436998640212095,0.019937157042111187,0.39999999999999997,4.0
include_base_44_armenian,8,include_base_44,benchmark,4,-0.03427911506492103,0.5101306409146564,-0.39999999999999997,4.0
include_base_44_armenian,15,include_base_44,benchmark,4,-0.009533406418142251,0.1709056145746063,-0.19999999999999998,4.0
include_base_44_armenian,30,include_base_44,benchmark,5,-0.023405536880634115,0.3118392009094849,-0.5642880936468347,4.0
include_base_44_armenian,50,include_base_44,benchmark,4,-0.02435382724439093,0.8708024389001774,-1.0,4.0
include_base_44_azerbaijani,1,include_base_44,benchmark,3,0.05596675449743102,0.5843578239361855,0.5,4.0
include_base_44_azerbaijani,2,include_base_44,benchmark,4,0.022673982148264535,0.38253783363222393,0.7999999999999999,4.0
include_base_44_azerbaijani,8,include_base_44,benchmark,4,-0.0013174090512279321,0.0004098679354314072,0.19999999999999998,4.0
include_base_44_azerbaijani,15,include_base_44,benchmark,4,-0.02625906964051242,0.2655423970258337,-0.7999999999999999,4.0
include_base_44_azerbaijani,30,include_base_44,benchmark,5,-0.023771543613772098,0.10325230226867099,-0.46169025843831935,4.0
include_base_44_azerbaijani,50,include_base_44,benchmark,4,-0.009339994117762885,0.2132745987803213,-0.19999999999999998,4.0
include_base_44_basque,1,include_base_44,benchmark,3,-0.00022418410326095905,0.00012050136214492024,0.0,4.0
include_base_44_basque,2,include_base_44,benchmark,4,-0.06314244025150935,0.9935763872498681,-1.0,4.0
include_base_44_basque,8,include_base_44,benchmark,4,0.036226096163677814,0.2475397126314034,0.39999999999999997,4.0
include_base_44_basque,15,include_base_44,benchmark,4,0.007571859727718292,0.05872182075334209,0.39999999999999997,4.0
include_base_44_basque,30,include_base_44,benchmark,5,0.02771912886613615,0.35603677322491833,0.09999999999999999,4.0
include_base_44_basque,50,include_base_44,benchmark,4,0.005046813486822385,0.024274574496262358,0.10540925533894598,4.0
include_base_44_belarusian,1,include_base_44,benchmark,3,-0.05632126158408479,0.9949237285385211,-1.0,4.0
include_base_44_belarusian,2,include_base_44,benchmark,4,-0.008957483296406209,0.14771837891639794,-0.21081851067789195,4.0
include_base_44_belarusian,8,include_base_44,benchmark,4,-0.09211728121695405,0.9898909750674666,-1.0,4.0
include_base_44_belarusian,15,include_base_44,benchmark,4,-0.02710667847852228,0.8683207179708201,-0.7999999999999999,4.0
include_base_44_belarusian,30,include_base_44,benchmark,5,-0.02114683140739475,0.3277529067442011,-0.20519567041703082,4.0
include_base_44_belarusian,50,include_base_44,benchmark,4,-0.042842902481242895,0.4633747059261083,-0.7999999999999999,4.0
include_base_44_bengali,1,include_base_44,benchmark,3,-0.024409146074717638,0.6384769591047098,-0.5,4.0
include_base_44_bengali,2,include_base_44,benchmark,4,0.022525325414489726,0.10628216778111033,0.39999999999999997,4.0
include_base_44_bengali,8,include_base_44,benchmark,4,-0.03819459228554108,0.5730650251676839,-0.7999999999999999,4.0
include_base_44_bengali,15,include_base_44,benchmark,4,-0.02428145135054387,0.19614989529279336,-0.39999999999999997,4.0
include_base_44_bengali,30,include_base_44,benchmark,5,0.03441283634783227,0.7555070769496175,0.8999999999999998,4.0
include_base_44_bengali,50,include_base_44,benchmark,4,-0.011205509734558042,0.007563217504668707,0.0,4.0
include_base_44_bulgarian,1,include_base_44,benchmark,3,0.16543105847457695,0.8965111240613323,1.0,4.0
include_base_44_bulgarian,2,include_base_44,benchmark,4,-0.03379849863686844,0.4939606286577094,-0.39999999999999997,4.0
include_base_44_bulgarian,8,include_base_44,benchmark,4,-0.011052968640095055,0.13866288019026884,-0.6000000000000001,4.0
include_base_44_bulgarian,15,include_base_44,benchmark,4,-5.323648197454517e-05,1.8334909155814927e-05,-0.316227766016838,4.0
include_base_44_bulgarian,30,include_base_44,benchmark,5,-0.010093726708906106,0.07430816811040919,-0.35909242322980395,4.0
include_base_44_bulgarian,50,include_base_44,benchmark,4,0.05251455805031066,0.5340748927449626,0.632455532033676,4.0
include_base_44_chinese,1,include_base_44,benchmark,3,-0.019072305994867065,0.029034361608508363,-0.5,4.0
include_base_44_chinese,2,include_base_44,benchmark,4,-0.02174167908345891,0.8544720116965216,-0.9486832980505139,4.0
include_base_44_chinese,8,include_base_44,benchmark,4,-0.012039563510208058,0.4150678310507607,-0.316227766016838,4.0
include_base_44_chinese,15,include_base_44,benchmark,4,-0.01812634188336048,0.44781263429040086,-0.39999999999999997,4.0
include_base_44_chinese,30,include_base_44,benchmark,5,-0.007624427566986556,0.2753080327154367,-0.6,4.0
include_base_44_chinese,50,include_base_44,benchmark,4,-0.018191520884967706,0.12774069239298136,-0.7999999999999999,4.0
include_base_44_croatian,1,include_base_44,benchmark,3,0.024116151403747003,0.9998783339763925,1.0,4.0
include_base_44_croatian,2,include_base_44,benchmark,4,0.01689946513706099,0.09657104754254131,0.39999999999999997,4.0
include_base_44_croatian,8,include_base_44,benchmark,4,-0.034974466765066936,0.7807187378747426,-0.7999999999999999,4.0
include_base_44_croatian,15,include_base_44,benchmark,4,-0.004121941769252023,0.022286457713579177,-0.316227766016838,4.0
include_base_44_croatian,30,include_base_44,benchmark,5,-0.00828761500173373,0.044456708427068836,-0.19999999999999998,4.0
include_base_44_croatian,50,include_base_44,benchmark,4,0.020603065266769614,0.3051305780057485,0.7999999999999999,4.0
include_base_44_estonian,1,include_base_44,benchmark,3,-0.14622331052251772,0.4343557448380201,-0.5,4.0
include_base_44_estonian,2,include_base_44,benchmark,4,0.14079513268328656,0.9914978243167287,1.0,4.0
include_base_44_estonian,8,include_base_44,benchmark,4,0.025980828538660076,0.08611650577725816,0.19999999999999998,4.0
include_base_44_estonian,15,include_base_44,benchmark,4,0.05123071022010298,0.27881264088338076,0.7999999999999999,4.0
include_base_44_estonian,30,include_base_44,benchmark,5,0.09647133171656243,0.6429287846798055,0.7,4.0
include_base_44_estonian,50,include_base_44,benchmark,4,0.07901628865213974,0.20849626893389694,0.7999999999999999,4.0
include_base_44_finnish,1,include_base_44,benchmark,3,0.011958592063846578,0.7404336917146536,0.8660254037844387,4.0
include_base_44_finnish,2,include_base_44,benchmark,4,-0.07348753679669083,0.8140724627501013,-0.7999999999999999,4.0
include_base_44_finnish,8,include_base_44,benchmark,4,-0.023382857903535812,0.16305624818059772,-0.6000000000000001,4.0
include_base_44_finnish,15,include_base_44,benchmark,4,-0.008512952639798031,0.040120437377893836,-0.39999999999999997,4.0
include_base_44_finnish,30,include_base_44,benchmark,5,0.01945471654344241,0.2922697495363965,0.49999999999999994,4.0
include_base_44_finnish,50,include_base_44,benchmark,4,0.000335005387509499,0.0001535483843563279,0.19999999999999998,4.0
include_base_44_french,1,include_base_44,benchmark,3,0.07306244867376825,0.49418107100143394,0.5,4.0
include_base_44_french,2,include_base_44,benchmark,4,0.06509978773679764,0.8133291808682026,1.0,4.0
include_base_44_french,8,include_base_44,benchmark,4,0.0281013624481912,0.2973215378846603,0.7999999999999999,4.0
include_base_44_french,15,include_base_44,benchmark,4,0.0463339704434267,0.14517395393527033,0.39999999999999997,4.0
include_base_44_french,30,include_base_44,benchmark,5,0.04806839070589552,0.5020769850173183,0.3,4.0
include_base_44_french,50,include_base_44,benchmark,4,-0.01708389019776389,0.15731178405286617,-0.39999999999999997,4.0
include_base_44_georgian,1,include_base_44,benchmark,3,-0.1492044299500297,0.6740453729455952,-0.5,4.0
include_base_44_georgian,2,include_base_44,benchmark,4,0.07339535269021205,0.7284354824335635,0.7999999999999999,4.0
include_base_44_georgian,8,include_base_44,benchmark,4,0.027456368849852034,0.1771035792096528,0.7999999999999999,4.0
include_base_44_georgian,15,include_base_44,benchmark,4,-0.036938215285265676,0.1255980282997039,-0.39999999999999997,4.0
include_base_44_georgian,30,include_base_44,benchmark,5,-0.001557365696178482,0.0009434393718389389,0.09999999999999999,4.0
include_base_44_georgian,50,include_base_44,benchmark,4,-0.08276526123513615,0.6078573677691141,-0.7999999999999999,4.0
include_base_44_german,1,include_base_44,benchmark,3,-0.017617173074884432,0.012605001472536848,-0.5,4.0
include_base_44_german,2,include_base_44,benchmark,4,0.04947803735725504,0.0640942737750918,0.2581988897471611,4.0
include_base_44_german,8,include_base_44,benchmark,4,0.03465592739291104,0.31176577912981207,0.39999999999999997,4.0
include_base_44_german,15,include_base_44,benchmark,4,0.09770548451749066,0.1836948229902976,0.19999999999999998,4.0
include_base_44_german,30,include_base_44,benchmark,5,0.09662343011673881,0.29168063337065786,0.49999999999999994,4.0
include_base_44_german,50,include_base_44,benchmark,4,-0.047486561229197505,0.3546843624553512,-0.39999999999999997,4.0
include_base_44_greek,1,include_base_44,benchmark,3,0.07561107594226064,0.7404336917146568,0.8660254037844387,4.0
include_base_44_greek,2,include_base_44,benchmark,4,-0.04100668192942476,0.23063433520931143,-0.7999999999999999,4.0
include_base_44_greek,8,include_base_44,benchmark,4,0.03405896246100142,0.8489656164494856,0.7999999999999999,4.0
include_base_44_greek,15,include_base_44,benchmark,4,0.02067809232488019,0.09676594530745486,0.39999999999999997,4.0
include_base_44_greek,30,include_base_44,benchmark,5,-0.030123442548354366,0.14335262558999462,-0.35909242322980395,4.0
include_base_44_greek,50,include_base_44,benchmark,4,0.021291532818095066,0.03973163599710883,0.19999999999999998,4.0
include_base_44_hebrew,1,include_base_44,benchmark,3,0.015619625927428065,0.12177218305872384,0.5,4.0
include_base_44_hebrew,2,include_base_44,benchmark,4,0.07481567381659338,0.37499475971877916,0.7999999999999999,4.0
include_base_44_hebrew,8,include_base_44,benchmark,4,-0.019311509885003877,0.05276847992974354,0.0,4.0
include_base_44_hebrew,15,include_base_44,benchmark,4,-0.011404292651594882,0.20017858153721424,-0.39999999999999997,4.0
include_base_44_hebrew,30,include_base_44,benchmark,5,0.04283300623639102,0.44651826738127454,0.8999999999999998,4.0
include_base_44_hebrew,50,include_base_44,benchmark,4,-0.0011047274491634944,0.007895184042483239,0.0,4.0
include_base_44_hindi,1,include_base_44,benchmark,3,0.08463918235715444,0.9370844147874167,1.0,4.0
include_base_44_hindi,2,include_base_44,benchmark,4,0.027829935642960758,0.4165399712843255,0.632455532033676,4.0
include_base_44_hindi,8,include_base_44,benchmark,4,-0.0168225700681477,0.03337147955244035,0.0,4.0
include_base_44_hindi,15,include_base_44,benchmark,4,-0.016601731798810943,0.10706397897055442,-0.316227766016838,4.0
include_base_44_hindi,30,include_base_44,benchmark,5,-0.007159200195591783,0.030442701593575205,0.0,4.0
include_base_44_hindi,50,include_base_44,benchmark,4,0.006937285064365761,0.06309377578761122,0.316227766016838,4.0
include_base_44_hungarian,1,include_base_44,benchmark,3,-0.01567057176489411,0.14998103482880498,-0.5,4.0
include_base_44_hungarian,2,include_base_44,benchmark,4,0.059219963453483265,0.516147045064267,0.7999999999999999,4.0
include_base_44_hungarian,8,include_base_44,benchmark,4,0.003036406837800191,0.023418906115963867,0.0,4.0
include_base_44_hungarian,15,include_base_44,benchmark,4,0.043459005393254244,0.35549197761045837,0.19999999999999998,4.0
include_base_44_hungarian,30,include_base_44,benchmark,5,0.020752669547691005,0.28408668922708535,0.20519567041703082,4.0
include_base_44_hungarian,50,include_base_44,benchmark,4,0.018606466269413008,0.2173438080780986,0.6000000000000001,4.0
include_base_44_indonesian,1,include_base_44,benchmark,3,-0.044187865453718216,0.9959844861588105,-1.0,4.0
include_base_44_indonesian,2,include_base_44,benchmark,4,0.0101525670571944,0.14295670501346336,0.39999999999999997,4.0
include_base_44_indonesian,8,include_base_44,benchmark,4,0.01792777291592256,0.1190968661253704,0.39999999999999997,4.0
include_base_44_indonesian,15,include_base_44,benchmark,4,-0.04956875765465288,0.7593991934659436,-0.7999999999999999,4.0
include_base_44_indonesian,30,include_base_44,benchmark,5,-0.0019222507994750833,0.0020139075472523915,0.39999999999999997,4.0
include_base_44_indonesian,50,include_base_44,benchmark,4,0.0060586433709804545,0.026944672176959394,0.39999999999999997,4.0
include_base_44_italian,1,include_base_44,benchmark,3,0.024409146074717575,0.638476959104707,0.5,4.0
include_base_44_italian,2,include_base_44,benchmark,4,0.03305806446750757,0.3606526492047115,0.39999999999999997,4.0
include_base_44_italian,8,include_base_44,benchmark,4,0.042329534346534074,0.6820004475388867,0.7999999999999999,4.0
include_base_44_italian,15,include_base_44,benchmark,4,0.022423445063211877,0.8820296202687136,0.9486832980505139,4.0
include_base_44_italian,30,include_base_44,benchmark,5,0.05370350593962487,0.9692474238266686,0.9999999999999999,4.0
include_base_44_italian,50,include_base_44,benchmark,4,0.01648408219548403,0.050007945707573054,-0.19999999999999998,4.0
include_base_44_japanese,1,include_base_44,benchmark,3,0.10129152813195204,0.9661936233544433,1.0,4.0
include_base_44_japanese,2,include_base_44,benchmark,4,0.0311154464882534,0.35125096978328263,0.6000000000000001,4.0
include_base_44_japanese,8,include_base_44,benchmark,4,-0.011004092274090589,0.10358981259095001,-0.19999999999999998,4.0
include_base_44_japanese,15,include_base_44,benchmark,4,0.01597816972052033,0.02754114779958705,0.39999999999999997,4.0
include_base_44_japanese,30,include_base_44,benchmark,5,-0.007311669405472049,0.31583274120892113,-0.35909242322980395,4.0
include_base_44_japanese,50,include_base_44,benchmark,4,0.005478932593142791,0.017738265554600896,-0.316227766016838,4.0
include_base_44_kazakh,1,include_base_44,benchmark,3,0.05789768507780077,0.7027059338076571,0.5,4.0
include_base_44_kazakh,2,include_base_44,benchmark,4,0.015571199754326567,0.2102722364728472,0.39999999999999997,4.0
include_base_44_kazakh,8,include_base_44,benchmark,4,0.015118014319931308,0.39140540115586153,0.316227766016838,4.0
include_base_44_kazakh,15,include_base_44,benchmark,4,-0.03619261057634357,0.5304536865608604,-0.632455532033676,4.0
include_base_44_kazakh,30,include_base_44,benchmark,5,0.017794656259084576,0.18003514749214933,0.09999999999999999,4.0
include_base_44_kazakh,50,include_base_44,benchmark,4,-0.022145846448991927,0.6815595717129255,-0.7999999999999999,4.0
include_base_44_korean,1,include_base_44,benchmark,3,-0.01869416381365471,0.039900204523823035,-0.5,4.0
include_base_44_korean,2,include_base_44,benchmark,4,0.03293439051158125,0.10107479846033773,0.39999999999999997,4.0
include_base_44_korean,8,include_base_44,benchmark,4,-0.019390542386374467,0.28617698633367394,-0.632455532033676,4.0
include_base_44_korean,15,include_base_44,benchmark,4,-0.024748458362714575,0.8187087061661742,-0.9486832980505139,4.0
include_base_44_korean,30,include_base_44,benchmark,5,-0.012371573744963739,0.5021080004119001,-0.8207826816681233,4.0
include_base_44_korean,50,include_base_44,benchmark,4,0.016963273280447045,0.09050310809083617,0.316227766016838,4.0
include_base_44_lithuanian,1,include_base_44,benchmark,3,-0.05879669412977207,0.37536105427364874,-0.5,4.0
include_base_44_lithuanian,2,include_base_44,benchmark,4,0.015432036087669828,0.11129269608073511,0.39999999999999997,4.0
include_base_44_lithuanian,8,include_base_44,benchmark,4,0.003924377935966171,0.015241942693397847,0.21081851067789195,4.0
include_base_44_lithuanian,15,include_base_44,benchmark,4,0.03197985008444638,0.6536327594596238,0.7999999999999999,4.0
include_base_44_lithuanian,30,include_base_44,benchmark,5,-0.026540951459898075,0.30642943150559687,-0.49999999999999994,4.0
include_base_44_lithuanian,50,include_base_44,benchmark,4,-0.0008155626551377664,0.0005502008728575092,0.19999999999999998,4.0
include_base_44_malay,1,include_base_44,benchmark,3,0.03990818929430829,0.8403155796302076,1.0,4.0
include_base_44_malay,2,include_base_44,benchmark,4,-0.04562447744019657,0.9310669556221178,-1.0,4.0
include_base_44_malay,8,include_base_44,benchmark,4,-0.014792484629741347,0.13697634972822692,-0.6000000000000001,4.0
include_base_44_malay,15,include_base_44,benchmark,4,-0.002847551866981164,0.00635690833079483,0.0,4.0
include_base_44_malay,30,include_base_44,benchmark,5,-0.01874222519024168,0.2679088666236107,-0.6668859288553501,4.0
include_base_44_malay,50,include_base_44,benchmark,4,-0.013668864364937389,0.051014179522058334,-0.19999999999999998,4.0
include_base_44_malayalam,1,include_base_44,benchmark,3,0.0793633656165925,0.4852499057823172,0.5,4.0
include_base_44_malayalam,2,include_base_44,benchmark,4,0.009533714247226122,0.04141982076514661,0.19999999999999998,4.0
include_base_44_malayalam,8,include_base_44,benchmark,4,0.014932737924573369,0.1353741152063065,0.39999999999999997,4.0
include_base_44_malayalam,15,include_base_44,benchmark,4,0.04656994595713604,0.5051433578446909,0.316227766016838,4.0
include_base_44_malayalam,30,include_base_44,benchmark,5,0.0347143673594599,0.7256778379126954,0.8999999999999998,4.0
include_base_44_malayalam,50,include_base_44,benchmark,4,0.04224655898601408,0.40751293970115876,0.7999999999999999,4.0
include_base_44_nepali,1,include_base_44,benchmark,3,0.08064888356090182,0.4131065605332035,0.5,4.0
include_base_44_nepali,2,include_base_44,benchmark,4,-0.08541701198428485,0.7289652179781807,-0.7999999999999999,4.0
include_base_44_nepali,8,include_base_44,benchmark,4,0.03263216550887513,0.467037727362706,0.7378647873726218,4.0
include_base_44_nepali,15,include_base_44,benchmark,4,0.05202958761555291,0.2074772634391504,0.39999999999999997,4.0
include_base_44_nepali,30,include_base_44,benchmark,5,-0.06014312965049006,0.8151393021527219,-0.9999999999999999,4.0
include_base_44_nepali,50,include_base_44,benchmark,4,-0.00037763582612908894,1.65395078893793e-05,0.19999999999999998,4.0
include_base_44_north_macedonian,1,include_base_44,benchmark,3,0.07701872871945953,0.5407998468829358,0.5,4.0
include_base_44_north_macedonian,2,include_base_44,benchmark,4,-0.0373856043380109,0.41700429882349377,-0.632455532033676,4.0
include_base_44_north_macedonian,8,include_base_44,benchmark,4,0.027035266899205785,0.7453360007454392,1.0,4.0
include_base_44_north_macedonian,15,include_base_44,benchmark,4,-0.016086835343472914,0.18670357362124235,-0.19999999999999998,4.0
include_base_44_north_macedonian,30,include_base_44,benchmark,5,0.0026006990864034505,0.07611191337715861,0.41039134083406165,4.0
include_base_44_north_macedonian,50,include_base_44,benchmark,4,-0.002827916632884464,0.003006492857130283,0.19999999999999998,4.0
include_base_44_persian,1,include_base_44,benchmark,3,0.03212011436080813,0.8340239091188486,1.0,4.0
include_base_44_persian,2,include_base_44,benchmark,4,0.02253038144289722,0.44069045958698394,0.39999999999999997,4.0
include_base_44_persian,8,include_base_44,benchmark,4,-0.008961705855265524,0.03526874946738878,-0.19999999999999998,4.0
include_base_44_persian,15,include_base_44,benchmark,4,0.029085254669969828,0.8830821068187028,1.0,4.0
include_base_44_persian,30,include_base_44,benchmark,5,-0.06231179569621411,0.8060478567904876,-0.8999999999999998,4.0
include_base_44_persian,50,include_base_44,benchmark,4,-0.006322614062911269,0.0069870983534502384,0.19999999999999998,4.0
include_base_44_polish,1,include_base_44,benchmark,3,-0.01901952807853859,0.0317505701807731,-0.5,4.0
include_base_44_polish,2,include_base_44,benchmark,4,-0.031031615549870762,0.6335671084035972,-0.7999999999999999,4.0
include_base_44_polish,8,include_base_44,benchmark,4,-0.024290342067752897,0.24930912091320057,-0.39999999999999997,4.0
include_base_44_polish,15,include_base_44,benchmark,4,-0.018339639495010697,0.6372599557091143,-0.7999999999999999,4.0
include_base_44_polish,30,include_base_44,benchmark,5,-0.0004405840677629737,0.0006044305182237864,-0.10259783520851541,4.0
include_base_44_polish,50,include_base_44,benchmark,4,-0.008198097737817786,0.04823494293212105,-0.316227766016838,4.0
include_base_44_portuguese,1,include_base_44,benchmark,3,0.09659737222891275,0.92883113361792,1.0,4.0
include_base_44_portuguese,2,include_base_44,benchmark,4,-0.007264865042947801,0.08917555166988345,-0.316227766016838,4.0
include_base_44_portuguese,8,include_base_44,benchmark,4,0.001907081756592808,0.00407696086387499,-0.19999999999999998,4.0
include_base_44_portuguese,15,include_base_44,benchmark,4,0.0003879169065825578,0.0001583833014208169,-0.19999999999999998,4.0
include_base_44_portuguese,30,include_base_44,benchmark,5,0.05796276090771379,0.3811682490378048,0.7,4.0
include_base_44_portuguese,50,include_base_44,benchmark,4,0.007228399666951312,0.020446430635494228,0.19999999999999998,4.0
include_base_44_russian,1,include_base_44,benchmark,3,-0.0034219250286397066,0.004116636491209413,-0.5,4.0
include_base_44_russian,2,include_base_44,benchmark,5,0.03306227069772126,0.24731915672501315,0.39999999999999997,4.0
include_base_44_russian,8,include_base_44,benchmark,4,-0.018577956745021267,0.1679415250630215,-0.39999999999999997,4.0
include_base_44_russian,15,include_base_44,benchmark,4,-0.01854264416854281,0.11761224674180837,-0.6000000000000001,4.0
include_base_44_russian,30,include_base_44,benchmark,5,0.015356955038481382,0.04505468247583733,0.3,4.0
include_base_44_russian,50,include_base_44,benchmark,4,0.012671351822545664,0.0217145751889678,0.0,4.0
include_base_44_serbian,1,include_base_44,benchmark,3,-0.043270728287277856,0.20071286317630277,-0.5,4.0
include_base_44_serbian,2,include_base_44,benchmark,4,0.001542985181522603,0.0012166755948846975,0.19999999999999998,4.0
include_base_44_serbian,8,include_base_44,benchmark,4,0.010186512688693371,0.09351114537979077,0.39999999999999997,4.0
include_base_44_serbian,15,include_base_44,benchmark,4,-0.03776895528858002,0.2914932982502093,-0.39999999999999997,4.0
include_base_44_serbian,30,include_base_44,benchmark,5,0.0033775999981251847,0.0025675644692711996,0.09999999999999999,4.0
include_base_44_serbian,50,include_base_44,benchmark,4,-0.017788781320332556,0.019882808713117317,-0.39999999999999997,4.0
include_base_44_spanish,1,include_base_44,benchmark,3,-0.01946027993133995,0.10044749563863287,-0.5,4.0
include_base_44_spanish,2,include_base_44,benchmark,4,0.0002688870101527097,2.4874076272052292e-05,0.0,4.0
include_base_44_spanish,8,include_base_44,benchmark,4,-0.0031822542421312853,0.01439986962905948,-0.10540925533894598,4.0
include_base_44_spanish,15,include_base_44,benchmark,4,-0.03275173783104746,0.4554422862886257,-0.7999999999999999,4.0
include_base_44_spanish,30,include_base_44,benchmark,5,0.013096432854185484,0.10943935970139151,0.3,4.0
include_base_44_spanish,50,include_base_44,benchmark,4,-0.0017041581067403636,0.0015569184467291164,-0.19999999999999998,4.0
include_base_44_tagalog,1,include_base_44,benchmark,3,0.08464987220453274,0.6821028727900974,0.5,4.0
include_base_44_tagalog,2,include_base_44,benchmark,4,0.09567088546116972,0.4672929233889702,0.6000000000000001,4.0
include_base_44_tagalog,8,include_base_44,benchmark,4,-0.1229682831582976,0.9615509959720209,-1.0,4.0
include_base_44_tagalog,15,include_base_44,benchmark,4,0.00455620090218473,0.0023865290996265554,0.39999999999999997,4.0
include_base_44_tagalog,30,include_base_44,benchmark,5,0.006180597033090842,0.004471348116155904,0.09999999999999999,4.0
include_base_44_tagalog,50,include_base_44,benchmark,4,-0.05224947096004089,0.10019891612978304,-0.19999999999999998,4.0
include_base_44_tamil,1,include_base_44,benchmark,3,0.07603629872576771,0.8574168417749156,1.0,4.0
include_base_44_tamil,2,include_base_44,benchmark,4,0.04303874946904419,0.219299082837898,0.39999999999999997,4.0
include_base_44_tamil,8,include_base_44,benchmark,4,0.011841211809643318,0.09096401083038563,0.19999999999999998,4.0
include_base_44_tamil,15,include_base_44,benchmark,4,-0.00582452908523121,0.007087715805488837,-0.19999999999999998,4.0
include_base_44_tamil,30,include_base_44,benchmark,5,0.062272340159043156,0.27072244335019424,0.49999999999999994,4.0
include_base_44_tamil,50,include_base_44,benchmark,4,-0.032195145168947295,0.14851805467715862,-0.39999999999999997,4.0
include_base_44_telugu,1,include_base_44,benchmark,3,-0.01192443240752406,0.3448625787087578,-0.5,4.0
include_base_44_telugu,2,include_base_44,benchmark,4,-0.06970398373762446,0.4891927446092006,-0.6000000000000001,4.0
include_base_44_telugu,8,include_base_44,benchmark,4,-0.014607832490522558,0.10831443941915542,-0.6000000000000001,4.0
include_base_44_telugu,15,include_base_44,benchmark,4,0.014088482162626662,0.11396400111618177,0.39999999999999997,4.0
include_base_44_telugu,30,include_base_44,benchmark,5,-0.021827000839407126,0.10703571442059323,-0.19999999999999998,4.0
include_base_44_telugu,50,include_base_44,benchmark,4,-0.011913739734830665,0.024097584516585835,-0.39999999999999997,4.0
include_base_44_turkish,1,include_base_44,benchmark,3,-0.03191557438959534,0.4838949867018686,-0.5,4.0
include_base_44_turkish,2,include_base_44,benchmark,4,0.03081285811023915,0.3030850456870531,0.6000000000000001,4.0
include_base_44_turkish,8,include_base_44,benchmark,4,-0.062633738860091,0.7082242230249094,-1.0,4.0
include_base_44_turkish,15,include_base_44,benchmark,4,0.0016675627244994357,0.003831829883820359,0.10540925533894598,4.0
include_base_44_turkish,30,include_base_44,benchmark,5,0.008864395952374317,0.027660791070381552,0.09999999999999999,4.0
include_base_44_turkish,50,include_base_44,benchmark,4,-0.018221601275686873,0.27351914700112046,-0.19999999999999998,4.0
include_base_44_ukrainian,1,include_base_44,benchmark,3,-0.15278811990051155,0.9996241311316009,-1.0,4.0
include_base_44_ukrainian,2,include_base_44,benchmark,4,0.012985533346977296,0.018777408190919775,-0.21081851067789195,4.0
include_base_44_ukrainian,8,include_base_44,benchmark,4,-0.040756492742298374,0.3379792096054529,-0.39999999999999997,4.0
include_base_44_ukrainian,15,include_base_44,benchmark,4,0.1796734509977164,0.8784857200448959,1.0,4.0
include_base_44_ukrainian,30,include_base_44,benchmark,5,0.033153879286167795,0.12832840029189752,0.19999999999999998,4.0
include_base_44_ukrainian,50,include_base_44,benchmark,4,-0.15165329422334145,0.5687591824032396,-0.7999999999999999,4.0
include_base_44_urdu,1,include_base_44,benchmark,3,-0.02527902094414287,0.759445806923201,-0.8660254037844387,4.0
include_base_44_urdu,2,include_base_44,benchmark,4,0.031784370446773694,0.09412304619417644,0.6000000000000001,4.0
include_base_44_urdu,8,include_base_44,benchmark,4,-0.02909428876058795,0.16202453289828955,-0.39999999999999997,4.0
include_base_44_urdu,15,include_base_44,benchmark,4,0.08284520545805137,0.700900146109555,0.7999999999999999,4.0
include_base_44_urdu,30,include_base_44,benchmark,5,0.10469090459048162,0.819560998870813,0.8999999999999998,4.0
include_base_44_urdu,50,include_base_44,benchmark,4,-0.009972311434252604,0.0060475812908531434,-0.39999999999999997,4.0
include_base_44_uzbek,1,include_base_44,benchmark,3,-0.0925573842319871,0.9346831142709546,-1.0,4.0
include_base_44_uzbek,2,include_base_44,benchmark,4,-0.04484092977621614,0.10731374881620637,-0.19999999999999998,4.0
include_base_44_uzbek,8,include_base_44,benchmark,4,-0.13108168240249482,0.44682526678321244,-0.7999999999999999,4.0
include_base_44_uzbek,15,include_base_44,benchmark,4,0.11544874202732887,0.7195704130948692,0.6000000000000001,4.0
include_base_44_uzbek,30,include_base_44,benchmark,5,-0.05863316562502791,0.23931614928294465,-0.6,4.0
include_base_44_uzbek,50,include_base_44,benchmark,4,-0.016491507157863364,0.0044596514404292575,-0.39999999999999997,4.0
include_base_44_vietnamese,1,include_base_44,benchmark,3,-0.032105415160817885,0.9763781401873611,-1.0,4.0
include_base_44_vietnamese,2,include_base_44,benchmark,4,-0.004908438922047119,0.10534305994058402,-0.316227766016838,4.0
include_base_44_vietnamese,8,include_base_44,benchmark,4,-0.016351342148998523,0.35457804660826664,-0.39999999999999997,4.0
include_base_44_vietnamese,15,include_base_44,benchmark,4,-0.006729718247265631,0.4938630831021329,-0.7999999999999999,4.0
include_base_44_vietnamese,30,include_base_44,benchmark,5,0.006829516332921456,0.023560349580642792,0.19999999999999998,4.0
include_base_44_vietnamese,50,include_base_44,benchmark,4,-0.04626229526956206,0.49721573447540934,-0.19999999999999998,4.0
lambada_openai_mt_de,1,lambada_openai_mt,benchmark,3,0.16356700598355367,0.9970767038987969,1.0,
lambada_openai_mt_de,2,lambada_openai_mt,benchmark,4,0.21870633158298752,0.9970154807106896,1.0,
lambada_openai_mt_de,8,lambada_openai_mt,benchmark,4,0.19068961631600215,0.9782721292999295,1.0,
lambada_openai_mt_de,15,lambada_openai_mt,benchmark,4,0.22291899274969873,0.9896789860013124,1.0,
lambada_openai_mt_de,30,lambada_openai_mt,benchmark,5,0.20089922769845434,0.9848219512005689,0.9999999999999999,
lambada_openai_mt_de,50,lambada_openai_mt,benchmark,4,0.20479135452687436,0.9440630722444199,1.0,
lambada_openai_mt_en,1,lambada_openai_mt,benchmark,3,0.24908486005771602,0.9929112010941532,1.0,
lambada_openai_mt_en,2,lambada_openai_mt,benchmark,4,0.3386184502249626,0.9946383895533192,1.0,
lambada_openai_mt_en,8,lambada_openai_mt,benchmark,4,0.3933172222495352,0.991596100245528,1.0,
lambada_openai_mt_en,15,lambada_openai_mt,benchmark,4,0.3804741555006265,0.9966297961833418,1.0,
lambada_openai_mt_en,30,lambada_openai_mt,benchmark,5,0.34771846629479386,0.9908268846839292,0.9999999999999999,
lambada_openai_mt_en,50,lambada_openai_mt,benchmark,4,0.36685930876502376,0.9872355378427495,1.0,
lambada_openai_mt_es,1,lambada_openai_mt,benchmark,3,0.1088498084931417,0.9408511263821376,1.0,
lambada_openai_mt_es,2,lambada_openai_mt,benchmark,4,0.16677914785781703,0.9625530033739622,1.0,
lambada_openai_mt_es,8,lambada_openai_mt,benchmark,4,0.16566219283265587,0.9594521505866701,1.0,
lambada_openai_mt_es,15,lambada_openai_mt,benchmark,4,0.18220252342115958,0.9775017556219363,1.0,
lambada_openai_mt_es,30,lambada_openai_mt,benchmark,5,0.14433849390393355,0.9730724629122685,0.9999999999999999,
lambada_openai_mt_es,50,lambada_openai_mt,benchmark,4,0.15487136031551943,0.9284675022444869,1.0,
lambada_openai_mt_fr,1,lambada_openai_mt,benchmark,3,0.1538721182151519,0.9751356663757551,1.0,
lambada_openai_mt_fr,2,lambada_openai_mt,benchmark,4,0.2599603410604978,0.979796301775333,1.0,
lambada_openai_mt_fr,8,lambada_openai_mt,benchmark,4,0.2808652500199267,0.994327185167233,1.0,
lambada_openai_mt_fr,15,lambada_openai_mt,benchmark,4,0.28111473981667173,0.9875911312049068,1.0,
lambada_openai_mt_fr,30,lambada_openai_mt,benchmark,5,0.26374326714679136,0.9885318162327978,0.9999999999999999,
lambada_openai_mt_fr,50,lambada_openai_mt,benchmark,4,0.24682374248346742,0.9601356877093903,1.0,
lambada_openai_mt_it,1,lambada_openai_mt,benchmark,3,0.18577373567770217,0.9999814581357959,1.0,
lambada_openai_mt_it,2,lambada_openai_mt,benchmark,4,0.21502244073329396,0.9142415491725895,1.0,
lambada_openai_mt_it,8,lambada_openai_mt,benchmark,4,0.276693472668711,0.992228721877521,1.0,
lambada_openai_mt_it,15,lambada_openai_mt,benchmark,4,0.29275932060244797,0.9926944828838474,1.0,
lambada_openai_mt_it,30,lambada_openai_mt,benchmark,5,0.26571779733611633,0.9947051934004247,0.9999999999999999,
lambada_openai_mt_it,50,lambada_openai_mt,benchmark,4,0.25814289227708553,0.9819143756102239,1.0,
multiblimp_amh,1,multiblimp,benchmark,3,0.038975486235858246,0.41773824510217317,0.5,2.0
multiblimp_amh,2,multiblimp,benchmark,4,-0.03439912998543371,0.12558574882953855,-0.632455532033676,2.0
multiblimp_amh,8,multiblimp,benchmark,4,0.04835778147841376,0.8983278034953991,1.0,2.0
multiblimp_amh,15,multiblimp,benchmark,4,0.11762008923901547,0.9999204137669989,1.0,2.0
multiblimp_amh,30,multiblimp,benchmark,5,-0.02670972014685128,0.0346465759086535,0.051298917604257706,2.0
multiblimp_amh,50,multiblimp,benchmark,4,-0.07658569074295714,0.3820576341906542,-0.7999999999999999,2.0
multiblimp_arb,1,multiblimp,benchmark,3,0.04925449710047557,0.9523674014497169,1.0,2.0
multiblimp_arb,2,multiblimp,benchmark,4,0.0592868190603175,0.8217735373990347,1.0,2.0
multiblimp_arb,8,multiblimp,benchmark,4,0.0540488578840487,0.5955136033808657,0.39999999999999997,2.0
multiblimp_arb,15,multiblimp,benchmark,4,0.10577835533482857,0.8926984850310257,1.0,2.0
multiblimp_arb,30,multiblimp,benchmark,5,0.10371004982412815,0.83839833943321,0.9999999999999999,2.0
multiblimp_arb,50,multiblimp,benchmark,4,0.10524784436544339,0.9074199458004494,1.0,2.0
multiblimp_bel,1,multiblimp,benchmark,3,0.060222821803037126,0.9999698463176492,1.0,2.0
multiblimp_bel,2,multiblimp,benchmark,4,0.19524746331839818,0.9384304127421691,1.0,2.0
multiblimp_bel,8,multiblimp,benchmark,4,0.14652182072474695,0.9848580935233046,1.0,2.0
multiblimp_bel,15,multiblimp,benchmark,4,0.11552183415678519,0.9624568081928272,1.0,2.0
multiblimp_bel,30,multiblimp,benchmark,5,0.17314887520890274,0.9183458350110757,0.9999999999999999,2.0
multiblimp_bel,50,multiblimp,benchmark,4,0.11016020388125893,0.971242420775349,1.0,2.0
multiblimp_ben,1,multiblimp,benchmark,3,0.4210789919915518,0.9998794986378541,1.0,2.0
multiblimp_ben,2,multiblimp,benchmark,4,0.29086308575991077,0.5108837724098834,0.632455532033676,2.0
multiblimp_ben,8,multiblimp,benchmark,4,0.2086338399222622,0.6775289138894508,0.632455532033676,2.0
multiblimp_ben,15,multiblimp,benchmark,4,0.1495989705126808,0.7783622885334648,0.8944271909999159,2.0
multiblimp_ben,30,multiblimp,benchmark,5,0.16421523656720527,0.5878016266393715,0.6708203932499368,2.0
multiblimp_ben,50,multiblimp,benchmark,4,0.17438403274830333,0.890644503074818,0.9486832980505139,2.0
multiblimp_bul,1,multiblimp,benchmark,3,0.08836728527849784,0.9521911587351279,1.0,2.0
multiblimp_bul,2,multiblimp,benchmark,4,0.17173661841420487,0.9852890359868514,1.0,2.0
multiblimp_bul,8,multiblimp,benchmark,4,0.07009862758211115,0.9360051791404117,1.0,2.0
multiblimp_bul,15,multiblimp,benchmark,4,0.04488605695859645,0.8979040702755047,1.0,2.0
multiblimp_bul,30,multiblimp,benchmark,5,0.12659222183752364,0.8783268779887452,0.8999999999999998,2.0
multiblimp_bul,50,multiblimp,benchmark,4,0.13781563607178393,0.8744940476420224,1.0,2.0
multiblimp_cat,1,multiblimp,benchmark,3,0.04983435154300009,0.5790837566875565,0.5,2.0
multiblimp_cat,2,multiblimp,benchmark,4,0.06154225689153681,0.9570926577534764,1.0,2.0
multiblimp_cat,8,multiblimp,benchmark,4,0.12518995249934783,0.9872720685647911,1.0,2.0
multiblimp_cat,15,multiblimp,benchmark,4,0.09503541153874957,0.9744585101220415,1.0,2.0
multiblimp_cat,30,multiblimp,benchmark,5,0.10772564762167701,0.9773478529159312,0.9999999999999999,2.0
multiblimp_cat,50,multiblimp,benchmark,4,0.15205614774619672,0.9160762147004295,1.0,2.0
multiblimp_ces,1,multiblimp,benchmark,3,0.08967769261288476,0.9017103315170187,1.0,2.0
multiblimp_ces,2,multiblimp,benchmark,4,0.11985494785528145,0.7581611842940924,0.7999999999999999,2.0
multiblimp_ces,8,multiblimp,benchmark,4,0.06703641378684466,0.9237924732732148,1.0,2.0
multiblimp_ces,15,multiblimp,benchmark,4,0.04160226482733437,0.4898434771308443,0.39999999999999997,2.0
multiblimp_ces,30,multiblimp,benchmark,5,0.19299881059985355,0.9231418721073192,0.9999999999999999,2.0
multiblimp_ces,50,multiblimp,benchmark,4,0.20024967223184115,0.9464844349992678,1.0,2.0
multiblimp_cym,1,multiblimp,benchmark,3,0.16192681340859894,0.9990247747866409,1.0,2.0
multiblimp_cym,2,multiblimp,benchmark,4,0.14438795737159707,0.8993840340839215,1.0,2.0
multiblimp_cym,8,multiblimp,benchmark,4,0.09971902760706837,0.8320107102419767,1.0,2.0
multiblimp_cym,15,multiblimp,benchmark,4,0.06070725730679412,0.6278581794120162,0.7999999999999999,2.0
multiblimp_cym,30,multiblimp,benchmark,5,0.07509259374151936,0.580980625610467,0.8999999999999998,2.0
multiblimp_cym,50,multiblimp,benchmark,4,0.047576960810356644,0.5798476071530394,0.7999999999999999,2.0
multiblimp_dan,1,multiblimp,benchmark,3,0.1317993247301259,0.740433691714655,0.8660254037844387,2.0
multiblimp_dan,2,multiblimp,benchmark,4,0.14875405475989975,0.8592545866681353,0.9486832980505139,2.0
multiblimp_dan,8,multiblimp,benchmark,4,0.05422743126744033,0.059108398725188804,0.0,2.0
multiblimp_dan,15,multiblimp,benchmark,4,-0.03739811799157672,0.017035106016521917,0.0,2.0
multiblimp_dan,30,multiblimp,benchmark,5,0.016761857835395154,0.34717523600630595,0.5773502691896257,2.0
multiblimp_dan,50,multiblimp,benchmark,4,0.03141581522347861,0.7783622885334659,0.8944271909999159,2.0
multiblimp_deu,1,multiblimp,benchmark,3,0.11978757352517186,0.8799976122311503,1.0,2.0
multiblimp_deu,2,multiblimp,benchmark,4,0.09805054917081532,0.8383681035701904,0.7999999999999999,2.0
multiblimp_deu,8,multiblimp,benchmark,4,0.05622632790148668,0.7340211594031608,1.0,2.0
multiblimp_deu,15,multiblimp,benchmark,4,0.08560896658836736,0.9549927784057433,1.0,2.0
multiblimp_deu,30,multiblimp,benchmark,5,0.0714011348088892,0.8567553871381572,0.9999999999999999,2.0
multiblimp_deu,50,multiblimp,benchmark,4,0.06178710405231736,0.7747484116505987,0.7999999999999999,2.0
multiblimp_ell,1,multiblimp,benchmark,3,0.14944098865041125,0.9904632303258509,1.0,2.0
multiblimp_ell,2,multiblimp,benchmark,4,0.15948196325487535,0.9716507591746275,1.0,2.0
multiblimp_ell,8,multiblimp,benchmark,4,0.17466711752773656,0.9929691903178285,1.0,2.0
multiblimp_ell,15,multiblimp,benchmark,4,0.1632800464861127,0.9925146826250076,1.0,2.0
multiblimp_ell,30,multiblimp,benchmark,5,0.0849502475097702,0.7836756875618857,0.8999999999999998,2.0
multiblimp_ell,50,multiblimp,benchmark,4,0.11568250695112382,0.8560263085656943,1.0,2.0
multiblimp_eng,1,multiblimp,benchmark,5,0.025191721284166444,0.7993279573108348,0.8207826816681233,2.0
multiblimp_eng,2,multiblimp,benchmark,5,0.03547494815031537,0.8901287694552952,0.9999999999999999,2.0
multiblimp_eng,8,multiblimp,benchmark,4,0.04226061766810868,0.952510341494761,1.0,2.0
multiblimp_eng,15,multiblimp,benchmark,4,0.04687136688745035,0.9322821055402317,1.0,2.0
multiblimp_eng,30,multiblimp,benchmark,5,0.02785216082622069,0.9445830753125354,0.9746794344808964,2.0
multiblimp_eng,50,multiblimp,benchmark,4,0.02471840906045347,0.8048413085950705,0.7999999999999999,2.0
multiblimp_est,1,multiblimp,benchmark,3,0.027134602756834044,0.43329918399567313,0.5,2.0
multiblimp_est,2,multiblimp,benchmark,4,-0.03497315732411274,0.804504301965396,-0.7999999999999999,2.0
multiblimp_est,8,multiblimp,benchmark,4,0.020449559061141768,0.6019907252975333,0.7999999999999999,2.0
multiblimp_est,15,multiblimp,benchmark,4,0.008181094390170224,0.6635915600675065,0.632455532033676,2.0
multiblimp_est,30,multiblimp,benchmark,5,0.02753824743012545,0.7548244953458807,0.7,2.0
multiblimp_est,50,multiblimp,benchmark,4,0.2298806731364093,0.9115125011323654,1.0,2.0
multiblimp_eus,1,multiblimp,benchmark,3,0.008046348774773778,0.7404336917146428,0.8660254037844387,2.0
multiblimp_eus,2,multiblimp,benchmark,4,0.051614161068776615,0.8331654558089963,0.7999999999999999,2.0
multiblimp_eus,8,multiblimp,benchmark,4,0.029897160372987022,0.39410710631277235,0.316227766016838,2.0
multiblimp_eus,15,multiblimp,benchmark,4,0.06721284335605267,0.9255995066080327,1.0,2.0
multiblimp_eus,30,multiblimp,benchmark,5,0.025085237262190904,0.6751667458233466,0.6668859288553501,2.0
multiblimp_eus,50,multiblimp,benchmark,4,0.06279798512313398,0.9996518485088322,1.0,2.0
multiblimp_fao,1,multiblimp,benchmark,3,0.2008880722370978,0.8935912110324906,1.0,2.0
multiblimp_fao,2,multiblimp,benchmark,4,0.17885240098210767,0.8702235716180207,1.0,2.0
multiblimp_fao,8,multiblimp,benchmark,4,0.04045344569214584,0.716492828016611,0.8944271909999159,2.0
multiblimp_fao,15,multiblimp,benchmark,4,0.04888230620296133,0.38731722081801834,0.39999999999999997,2.0
multiblimp_fao,30,multiblimp,benchmark,5,0.10723403949253334,0.6848902608526386,0.9486832980505138,2.0
multiblimp_fao,50,multiblimp,benchmark,4,0.1405998222508488,0.8718290526447039,1.0,2.0
multiblimp_fas,1,multiblimp,benchmark,3,0.09558905027849614,0.9106129533082141,1.0,2.0
multiblimp_fas,2,multiblimp,benchmark,4,0.06050336494940202,0.9575598607351512,1.0,2.0
multiblimp_fas,8,multiblimp,benchmark,4,0.06995654008352953,0.9918801572064257,1.0,2.0
multiblimp_fas,15,multiblimp,benchmark,4,0.21212992053879834,0.9666169245584326,1.0,2.0
multiblimp_fas,30,multiblimp,benchmark,5,0.22599757963164527,0.9677947894149702,0.9999999999999999,2.0
multiblimp_fas,50,multiblimp,benchmark,4,0.22023356114685763,0.9703003472555034,1.0,2.0
multiblimp_fin,1,multiblimp,benchmark,3,0.10047851912938652,0.7211964753040583,0.5,2.0
multiblimp_fin,2,multiblimp,benchmark,4,0.0258083242669111,0.6559892477338698,0.7999999999999999,2.0
multiblimp_fin,8,multiblimp,benchmark,4,0.03228354335744439,0.8526856156256615,0.7999999999999999,2.0
multiblimp_fin,15,multiblimp,benchmark,4,0.04194971457977981,0.9603432825650622,1.0,2.0
multiblimp_fin,30,multiblimp,benchmark,5,0.19429927550166637,0.9237145242410716,0.9999999999999999,2.0
multiblimp_fin,50,multiblimp,benchmark,4,0.23203948539961586,0.8742858284266932,1.0,2.0
multiblimp_fra,1,multiblimp,benchmark,3,0.12067880149469812,0.9973749634177432,1.0,2.0
multiblimp_fra,2,multiblimp,benchmark,4,0.10673424964234371,0.9121965604418687,1.0,2.0
multiblimp_fra,8,multiblimp,benchmark,4,0.04526375553682182,0.7175094275442702,1.0,2.0
multiblimp_fra,15,multiblimp,benchmark,4,0.05881708980988241,0.9494083051426301,1.0,2.0
multiblimp_fra,30,multiblimp,benchmark,5,0.03752579124854087,0.8738816014174655,0.9999999999999999,2.0
multiblimp_fra,50,multiblimp,benchmark,4,0.06878878808790494,0.7764317234116254,1.0,2.0
multiblimp_gla,1,multiblimp,benchmark,3,-0.034130707509908674,0.25954960328647403,-0.5,2.0
multiblimp_gla,2,multiblimp,benchmark,4,-0.10578455266716419,0.7926332770157957,-0.8944271909999159,2.0
multiblimp_gla,8,multiblimp,benchmark,4,-0.028528140800679152,0.14197000726350362,-0.19999999999999998,2.0
multiblimp_gla,15,multiblimp,benchmark,4,-0.03635664679175983,0.9081790840532443,-0.9486832980505139,2.0
multiblimp_gla,30,multiblimp,benchmark,5,-0.0003923572009897368,0.00014205081484386373,-0.05270462766947298,2.0
multiblimp_gla,50,multiblimp,benchmark,4,-0.002768971697464069,0.003831206697004541,-0.10540925533894598,2.0
multiblimp_gle,1,multiblimp,benchmark,3,0.07845135139019487,0.7404336917146543,0.8660254037844387,2.0
multiblimp_gle,2,multiblimp,benchmark,4,-0.10982254020211143,0.5179197203888535,-0.632455532033676,2.0
multiblimp_gle,8,multiblimp,benchmark,4,-0.015812048037770754,0.037107713532233744,-0.10540925533894598,2.0
multiblimp_gle,15,multiblimp,benchmark,4,-0.01753667241386641,0.012676610393335674,-0.10540925533894598,2.0
multiblimp_gle,30,multiblimp,benchmark,5,-0.07011708358332497,0.4396484470122777,-0.6668859288553501,2.0
multiblimp_gle,50,multiblimp,benchmark,4,-0.011669439067303574,0.001981132117475859,-0.19999999999999998,2.0
multiblimp_glg,1,multiblimp,benchmark,3,0.050559271174796104,0.4252712985591852,0.5,2.0
multiblimp_glg,2,multiblimp,benchmark,4,0.07219157464717837,0.7991760990252412,0.7999999999999999,2.0
multiblimp_glg,8,multiblimp,benchmark,4,0.09613499967356541,0.7371249858762339,0.7999999999999999,2.0
multiblimp_glg,15,multiblimp,benchmark,4,0.04543110375756029,0.9346702951578392,1.0,2.0
multiblimp_glg,30,multiblimp,benchmark,5,0.08849364453095873,0.92124982584095,0.9999999999999999,2.0
multiblimp_glg,50,multiblimp,benchmark,4,0.07191351668906669,0.8655150194913056,0.7999999999999999,2.0
multiblimp_grc,1,multiblimp,benchmark,3,0.18814306917278964,0.9846417374773909,1.0,2.0
multiblimp_grc,2,multiblimp,benchmark,4,0.1657757963066429,0.9582667205942045,1.0,2.0
multiblimp_grc,8,multiblimp,benchmark,4,0.1601836522091149,0.9638265317820629,1.0,2.0
multiblimp_grc,15,multiblimp,benchmark,4,0.12792902006103452,0.9607782539958846,1.0,2.0
multiblimp_grc,30,multiblimp,benchmark,5,0.15802016499630533,0.9643632997777369,0.9999999999999999,2.0
multiblimp_grc,50,multiblimp,benchmark,4,0.1383355560414121,0.9660125198882207,1.0,2.0
multiblimp_guj,1,multiblimp,benchmark,3,0.004003283554943865,0.00012050136214614149,0.0,2.0
multiblimp_guj,2,multiblimp,benchmark,4,4.994353770457154e-17,,,2.0
multiblimp_guj,8,multiblimp,benchmark,4,0.12509768882979216,0.5322861313990666,0.7745966692414834,2.0
multiblimp_guj,15,multiblimp,benchmark,4,-6.420534912800809e-17,,,2.0
multiblimp_guj,30,multiblimp,benchmark,5,-1.699219442753157e-16,,,2.0
multiblimp_guj,50,multiblimp,benchmark,4,-6.420534912800809e-17,,,2.0
multiblimp_hbo,1,multiblimp,benchmark,3,0.04076681072412574,0.7183951712765477,0.5,2.0
multiblimp_hbo,2,multiblimp,benchmark,4,0.055386378051930384,0.9225111664714256,1.0,2.0
multiblimp_hbo,8,multiblimp,benchmark,4,0.02152663500232956,0.13658167926667597,0.39999999999999997,2.0
multiblimp_hbo,15,multiblimp,benchmark,4,0.021930895418130238,0.31801548415894043,0.6000000000000001,2.0
multiblimp_hbo,30,multiblimp,benchmark,5,0.04115452214103593,0.330266378641594,0.7,2.0
multiblimp_hbo,50,multiblimp,benchmark,4,-0.02129333983934988,0.5181284567720007,-0.6000000000000001,2.0
multiblimp_heb,1,multiblimp,benchmark,3,0.03683977754711804,0.8545883241478671,1.0,2.0
multiblimp_heb,2,multiblimp,benchmark,4,0.00954173198850572,0.3013423047073742,0.7999999999999999,2.0
multiblimp_heb,8,multiblimp,benchmark,4,0.048589598638639354,0.8465678850613203,1.0,2.0
multiblimp_heb,15,multiblimp,benchmark,4,0.05810213529560131,0.8083133914716989,1.0,2.0
multiblimp_heb,30,multiblimp,benchmark,5,0.0481966682007032,0.9067814253685668,0.8999999999999998,2.0
multiblimp_heb,50,multiblimp,benchmark,4,0.13357737636544212,0.9904279137733473,1.0,2.0
multiblimp_hin,1,multiblimp,benchmark,3,0.08319704926269722,0.6385031209111789,0.5,2.0
multiblimp_hin,2,multiblimp,benchmark,4,0.04119978768042293,0.5834598638680442,0.7999999999999999,2.0
multiblimp_hin,8,multiblimp,benchmark,4,0.10119829524671636,0.9791727958737267,1.0,2.0
multiblimp_hin,15,multiblimp,benchmark,4,0.1430078350505569,0.8445363529703878,1.0,2.0
multiblimp_hin,30,multiblimp,benchmark,5,0.1129917346171538,0.8631022383473648,0.9999999999999999,2.0
multiblimp_hin,50,multiblimp,benchmark,4,0.16170848605152296,0.8853911818720099,0.7999999999999999,2.0
multiblimp_hun,1,multiblimp,benchmark,3,0.03126103397976086,0.8635269132437557,1.0,2.0
multiblimp_hun,2,multiblimp,benchmark,4,-0.021721318966905268,0.8592720852176039,-0.9486832980505139,2.0
multiblimp_hun,8,multiblimp,benchmark,4,-0.012733968517310838,0.26349360906432506,-0.6000000000000001,2.0
multiblimp_hun,15,multiblimp,benchmark,4,-0.016301280863055344,0.15475974887779786,-0.39999999999999997,2.0
multiblimp_hun,30,multiblimp,benchmark,5,0.1259946429122313,0.9467412412812292,0.9999999999999999,2.0
multiblimp_hun,50,multiblimp,benchmark,4,0.1206771269013659,0.7236867834124868,0.7999999999999999,2.0
multiblimp_hye,1,multiblimp,benchmark,3,0.006130723792711229,0.2405541930767966,0.5,2.0
multiblimp_hye,2,multiblimp,benchmark,4,0.099906309003085,0.9694863518558205,1.0,2.0
multiblimp_hye,8,multiblimp,benchmark,4,0.11825854109536313,0.9964982793275051,1.0,2.0
multiblimp_hye,15,multiblimp,benchmark,4,0.07603048076309722,0.90283775564191,1.0,2.0
multiblimp_hye,30,multiblimp,benchmark,5,0.06646519978619098,0.40463886207176847,0.39999999999999997,2.0
multiblimp_hye,50,multiblimp,benchmark,4,0.05659038723838746,0.35569304122694156,0.39999999999999997,2.0
multiblimp_hyw,1,multiblimp,benchmark,3,0.1448411614204986,0.7604197908199649,1.0,2.0
multiblimp_hyw,2,multiblimp,benchmark,4,0.044771555590353555,0.9182827665003037,1.0,2.0
multiblimp_hyw,8,multiblimp,benchmark,4,0.12783578597045414,0.9354291950104137,1.0,2.0
multiblimp_hyw,15,multiblimp,benchmark,4,0.015414569598546547,0.3403927276319534,0.39999999999999997,2.0
multiblimp_hyw,30,multiblimp,benchmark,5,0.08300336984456971,0.9796745355302559,0.9999999999999999,2.0
multiblimp_hyw,50,multiblimp,benchmark,4,-0.016039718016641714,0.059087287845121406,-0.39999999999999997,2.0
multiblimp_isl,1,multiblimp,benchmark,3,0.05843363598142014,0.9987174375772664,1.0,2.0
multiblimp_isl,2,multiblimp,benchmark,4,0.010999964196267075,0.14487975334768244,0.19999999999999998,2.0
multiblimp_isl,8,multiblimp,benchmark,4,-0.009528781026179507,0.17121390517915558,-0.21081851067789195,2.0
multiblimp_isl,15,multiblimp,benchmark,4,0.0132272053501591,0.7402680462374882,1.0,2.0
multiblimp_isl,30,multiblimp,benchmark,5,-0.004904098720475187,0.04975689541454453,-0.39999999999999997,2.0
multiblimp_isl,50,multiblimp,benchmark,4,0.00466474509159212,0.6994775580599631,1.0,2.0
multiblimp_ita,1,multiblimp,benchmark,3,0.16501148468644816,0.8978842178614368,1.0,2.0
multiblimp_ita,2,multiblimp,benchmark,4,0.20631295052891047,0.9872635635655317,1.0,2.0
multiblimp_ita,8,multiblimp,benchmark,4,0.12161314211476626,0.8020764823212697,1.0,2.0
multiblimp_ita,15,multiblimp,benchmark,4,0.14165892125884208,0.9030826517454371,1.0,2.0
multiblimp_ita,30,multiblimp,benchmark,5,0.11859418516177661,0.8925931971633323,0.9999999999999999,2.0
multiblimp_ita,50,multiblimp,benchmark,4,0.16190795291515298,0.8765340456489993,1.0,2.0
multiblimp_kat,1,multiblimp,benchmark,3,-0.1493784075565994,0.32682235789979586,-0.5,2.0
multiblimp_kat,2,multiblimp,benchmark,4,0.09875896719311,0.934516681657318,1.0,2.0
multiblimp_kat,8,multiblimp,benchmark,4,0.061087851565398005,0.717063194778248,0.7999999999999999,2.0
multiblimp_kat,15,multiblimp,benchmark,4,0.01506641418200828,0.015360896765850063,0.0,2.0
multiblimp_kat,30,multiblimp,benchmark,5,0.10609999681897118,0.717629238239429,0.7,2.0
multiblimp_kat,50,multiblimp,benchmark,4,0.04502219727086791,0.633612407430544,0.7999999999999999,2.0
multiblimp_kaz,1,multiblimp,benchmark,3,0.12875508804230845,0.685901385480508,0.5,2.0
multiblimp_kaz,2,multiblimp,benchmark,4,0.052889710301325395,0.7083662413002225,0.7378647873726218,2.0
multiblimp_kaz,8,multiblimp,benchmark,4,0.011178984884456587,0.07867434626687864,0.7378647873726218,2.0
multiblimp_kaz,15,multiblimp,benchmark,4,0.019161632058346895,0.21666904822870858,0.4472135954999579,2.0
multiblimp_kaz,30,multiblimp,benchmark,5,0.07552674530751617,0.8245993638569713,0.8999999999999998,2.0
multiblimp_kaz,50,multiblimp,benchmark,4,0.16550453737296686,0.668691175334814,0.7999999999999999,2.0
multiblimp_kir,1,multiblimp,benchmark,3,0.1892247586623855,0.52089525963234,0.5,2.0
multiblimp_kir,2,multiblimp,benchmark,4,-0.02612266206046498,0.4119454110120443,-0.316227766016838,2.0
multiblimp_kir,8,multiblimp,benchmark,4,0.025970656616173867,0.4143957792487696,0.39999999999999997,2.0
multiblimp_kir,15,multiblimp,benchmark,4,0.035788707242111424,0.8134584437574444,0.9486832980505139,2.0
multiblimp_kir,30,multiblimp,benchmark,5,0.02053913294633046,0.764580092709636,0.8207826816681233,2.0
multiblimp_kir,50,multiblimp,benchmark,4,0.013858405008737189,0.019795214622014723,0.0,2.0
multiblimp_kmr,1,multiblimp,benchmark,3,-0.053113830681737986,0.8159300906902613,-1.0,2.0
multiblimp_kmr,2,multiblimp,benchmark,4,-0.04411617770405448,0.8110953368174111,-0.7999999999999999,2.0
multiblimp_kmr,8,multiblimp,benchmark,4,0.005486289670423245,0.03203543628159122,-0.19999999999999998,2.0
multiblimp_kmr,15,multiblimp,benchmark,4,0.021122186551928903,0.1853188762969803,0.39999999999999997,2.0
multiblimp_kmr,30,multiblimp,benchmark,5,0.012108135835076306,0.181213730056629,0.3,2.0
multiblimp_kmr,50,multiblimp,benchmark,4,0.0005634848421995856,7.078657599779437e-05,0.0,2.0
multiblimp_lat,1,multiblimp,benchmark,3,0.19162262093113658,0.9993355055841203,1.0,2.0
multiblimp_lat,2,multiblimp,benchmark,4,0.22112642258923662,0.9883114509591898,1.0,2.0
multiblimp_lat,8,multiblimp,benchmark,4,0.18375833731835092,0.973303578928114,1.0,2.0
multiblimp_lat,15,multiblimp,benchmark,4,0.1635692774077823,0.9579324298937596,1.0,2.0
multiblimp_lat,30,multiblimp,benchmark,5,0.22413936429705741,0.981511175693865,0.9999999999999999,2.0
multiblimp_lat,50,multiblimp,benchmark,4,0.21132887049500215,0.992755053335244,1.0,2.0
multiblimp_lit,1,multiblimp,benchmark,3,-0.011502457796014259,0.19101991464845935,-0.5,2.0
multiblimp_lit,2,multiblimp,benchmark,4,-0.008668551039288338,0.028033932531812855,0.0,2.0
multiblimp_lit,8,multiblimp,benchmark,4,-0.007465065012891556,0.10780139347179252,-0.39999999999999997,2.0
multiblimp_lit,15,multiblimp,benchmark,4,0.01648220042593911,0.13468207040615277,0.6000000000000001,2.0
multiblimp_lit,30,multiblimp,benchmark,5,-0.0070546829032734435,0.12203929339815567,0.0,2.0
multiblimp_lit,50,multiblimp,benchmark,4,0.15001709653791187,0.798825549611102,1.0,2.0
multiblimp_mar,1,multiblimp,benchmark,3,-0.24408925913927523,0.870241762077045,-1.0,2.0
multiblimp_mar,2,multiblimp,benchmark,4,-0.04460290884043803,0.06014399192156061,0.0,2.0
multiblimp_mar,8,multiblimp,benchmark,4,-0.10200526667662269,0.3718225017376018,-0.39999999999999997,2.0
multiblimp_mar,15,multiblimp,benchmark,4,-0.051038587336434245,0.11041840065243369,-0.39999999999999997,2.0
multiblimp_mar,30,multiblimp,benchmark,5,0.006408940927504422,0.03279434377150592,0.30779350562554625,2.0
multiblimp_mar,50,multiblimp,benchmark,4,0.06482917050758183,0.19074962387165761,0.7999999999999999,2.0
multiblimp_mkd,1,multiblimp,benchmark,3,0.17184747656611404,0.5301946625679237,0.5,2.0
multiblimp_mkd,2,multiblimp,benchmark,4,-0.07848837965214035,0.8864763468496126,-0.9486832980505139,2.0
multiblimp_mkd,8,multiblimp,benchmark,4,0.01127807300143661,0.007899518015578644,0.316227766016838,2.0
multiblimp_mkd,15,multiblimp,benchmark,4,0.141606114047394,0.38874426875217116,0.632455532033676,2.0
multiblimp_mkd,30,multiblimp,benchmark,5,0.07043531835587938,0.1532758968462421,0.3,2.0
multiblimp_mkd,50,multiblimp,benchmark,4,0.027686036192991408,0.07355746481860737,0.19999999999999998,2.0
multiblimp_nds,1,multiblimp,benchmark,3,-0.005300971337508046,0.03293935456858721,-0.5,2.0
multiblimp_nds,2,multiblimp,benchmark,4,0.026571571816048706,0.6906397413028627,0.7999999999999999,2.0
multiblimp_nds,8,multiblimp,benchmark,4,0.03423403819839536,0.7434620634186064,0.7999999999999999,2.0
multiblimp_nds,15,multiblimp,benchmark,4,0.07014062276185905,0.918278594709831,1.0,2.0
multiblimp_nds,30,multiblimp,benchmark,5,0.03853286464738728,0.8723429469361219,0.9746794344808964,2.0
multiblimp_nds,50,multiblimp,benchmark,4,0.037608368533083386,0.9331367736659706,1.0,2.0
multiblimp_nld,1,multiblimp,benchmark,3,0.06304965429029921,0.7035582065293622,0.5,2.0
multiblimp_nld,2,multiblimp,benchmark,4,0.12934686428188655,0.9394130611071289,1.0,2.0
multiblimp_nld,8,multiblimp,benchmark,4,0.1271844730462012,0.9876480225621667,1.0,2.0
multiblimp_nld,15,multiblimp,benchmark,4,0.10648648283420327,0.9780510463727583,1.0,2.0
multiblimp_nld,30,multiblimp,benchmark,5,0.1192910677707626,0.9599005585000905,0.9999999999999999,2.0
multiblimp_nld,50,multiblimp,benchmark,4,0.0933445919513024,0.743707028443314,0.7999999999999999,2.0
multiblimp_pol,1,multiblimp,benchmark,3,0.09923310386054666,0.7797064349097135,1.0,2.0
multiblimp_pol,2,multiblimp,benchmark,4,0.16597720422905476,0.9873730967863362,1.0,2.0
multiblimp_pol,8,multiblimp,benchmark,4,0.0926920783576544,0.896744993396114,1.0,2.0
multiblimp_pol,15,multiblimp,benchmark,4,0.18316460410806149,0.9083549849204414,1.0,2.0
multiblimp_pol,30,multiblimp,benchmark,5,0.1622542457506612,0.9258241585890169,0.9999999999999999,2.0
multiblimp_pol,50,multiblimp,benchmark,4,0.1879693674752416,0.8854474124555086,1.0,2.0
multiblimp_por,1,multiblimp,benchmark,3,0.14120098373316034,0.9126690450688306,1.0,2.0
multiblimp_por,2,multiblimp,benchmark,4,0.1403771513609541,0.9684196926066525,1.0,2.0
multiblimp_por,8,multiblimp,benchmark,4,0.15390066396725688,0.9763034803348937,1.0,2.0
multiblimp_por,15,multiblimp,benchmark,4,0.09368374670585188,0.9550557844517336,1.0,2.0
multiblimp_por,30,multiblimp,benchmark,5,0.10013055256151579,0.8812566672360995,0.9999999999999999,2.0
multiblimp_por,50,multiblimp,benchmark,4,0.09024969870270351,0.9079048586488792,1.0,2.0
multiblimp_ron,1,multiblimp,benchmark,3,0.10963249691244517,0.9979822520280309,1.0,2.0
multiblimp_ron,2,multiblimp,benchmark,4,0.1337284347698988,0.9978139630935874,1.0,2.0
multiblimp_ron,8,multiblimp,benchmark,4,0.10441906697740427,0.9471738184271875,1.0,2.0
multiblimp_ron,15,multiblimp,benchmark,4,0.10677147418901096,0.9894104917349587,1.0,2.0
multiblimp_ron,30,multiblimp,benchmark,5,0.11342665309596363,0.9393317635202991,0.9999999999999999,2.0
multiblimp_ron,50,multiblimp,benchmark,4,0.13144121352290825,0.9519582116681276,1.0,2.0
multiblimp_rus,1,multiblimp,benchmark,3,0.1528823277605277,0.9999225876939019,1.0,2.0
multiblimp_rus,2,multiblimp,benchmark,5,0.05036850244460389,0.7184867426269872,0.9999999999999999,2.0
multiblimp_rus,8,multiblimp,benchmark,4,0.08240398760990215,0.8066421427424039,1.0,2.0
multiblimp_rus,15,multiblimp,benchmark,4,0.09836939622447814,0.9023780869194219,1.0,2.0
multiblimp_rus,30,multiblimp,benchmark,5,0.0872158273600646,0.891814715674829,0.9999999999999999,2.0
multiblimp_rus,50,multiblimp,benchmark,4,0.08629580072818469,0.8536875363783103,1.0,2.0
multiblimp_sah,1,multiblimp,benchmark,3,0.06101869403922399,0.7404336917146542,0.8660254037844387,2.0
multiblimp_sah,2,multiblimp,benchmark,4,0.006853652314642773,0.0076791800476258,0.21081851067789195,2.0
multiblimp_sah,8,multiblimp,benchmark,4,-0.05260881700401474,0.3357052261403215,-0.19999999999999998,2.0
multiblimp_sah,15,multiblimp,benchmark,4,-0.024892010329066575,0.12375934212608841,-0.39999999999999997,2.0
multiblimp_sah,30,multiblimp,benchmark,5,0.006923734914174094,0.026799554500005374,0.46169025843831935,2.0
multiblimp_sah,50,multiblimp,benchmark,4,0.02771240350852995,0.12963939693366844,0.39999999999999997,2.0
multiblimp_san,1,multiblimp,benchmark,3,0.06301059449112738,0.8458842750545597,1.0,2.0
multiblimp_san,2,multiblimp,benchmark,4,0.023741947540720745,0.4461426240103218,0.7999999999999999,2.0
multiblimp_san,8,multiblimp,benchmark,4,0.02674678590109608,0.6130698225790561,0.39999999999999997,2.0
multiblimp_san,15,multiblimp,benchmark,4,0.009387037732108968,0.12608477428360976,0.19999999999999998,2.0
multiblimp_san,30,multiblimp,benchmark,5,0.02504577787121282,0.912839036088764,0.9999999999999999,2.0
multiblimp_san,50,multiblimp,benchmark,4,0.05000875143374138,0.9733303298021011,1.0,2.0
multiblimp_slk,1,multiblimp,benchmark,3,0.053832620249702555,0.5888136373139851,0.5,2.0
multiblimp_slk,2,multiblimp,benchmark,4,0.11258893077338687,0.954537584096198,1.0,2.0
multiblimp_slk,8,multiblimp,benchmark,4,0.044579635829217625,0.9223222768520226,0.7999999999999999,2.0
multiblimp_slk,15,multiblimp,benchmark,4,0.02793144196567185,0.3406595717584473,0.39999999999999997,2.0
multiblimp_slk,30,multiblimp,benchmark,5,0.21338965768234938,0.9707895256703594,0.9999999999999999,2.0
multiblimp_slk,50,multiblimp,benchmark,4,0.272889519546683,0.9059229508859591,1.0,2.0
multiblimp_slv,1,multiblimp,benchmark,3,0.05091415520540728,0.9588765656008926,1.0,2.0
multiblimp_slv,2,multiblimp,benchmark,4,0.07169468228278841,0.9924360741689214,1.0,2.0
multiblimp_slv,8,multiblimp,benchmark,4,0.02536469612758221,0.7831757429646931,0.7999999999999999,2.0
multiblimp_slv,15,multiblimp,benchmark,4,0.028500849944618073,0.9796260242712522,1.0,2.0
multiblimp_slv,30,multiblimp,benchmark,5,0.06933250645856676,0.9447090846932082,0.9999999999999999,2.0
multiblimp_slv,50,multiblimp,benchmark,4,0.14432458171278648,0.9480956101194764,1.0,2.0
multiblimp_sme,1,multiblimp,benchmark,3,-0.040787958269348785,0.8511260090613317,-1.0,2.0
multiblimp_sme,2,multiblimp,benchmark,4,0.0017795070512062658,0.00360245232580636,0.19999999999999998,2.0
multiblimp_sme,8,multiblimp,benchmark,4,0.007554936322138946,0.1263219240768877,0.39999999999999997,2.0
multiblimp_sme,15,multiblimp,benchmark,4,0.012115906305353797,0.3883762796527075,0.6000000000000001,2.0
multiblimp_sme,30,multiblimp,benchmark,5,0.020583433600734218,0.567223926884685,0.39999999999999997,2.0
multiblimp_sme,50,multiblimp,benchmark,4,0.06737501348482927,0.5824084028308283,0.39999999999999997,2.0
multiblimp_spa,1,multiblimp,benchmark,3,0.1384350217881373,0.9966522545149576,1.0,2.0
multiblimp_spa,2,multiblimp,benchmark,4,0.11918353439678382,0.9581449835878326,1.0,2.0
multiblimp_spa,8,multiblimp,benchmark,4,0.05885322008551662,0.8468290143580024,0.7999999999999999,2.0
multiblimp_spa,15,multiblimp,benchmark,4,0.07063801069696662,0.954037252274035,1.0,2.0
multiblimp_spa,30,multiblimp,benchmark,5,0.060927599581852,0.9027987154638967,0.9999999999999999,2.0
multiblimp_spa,50,multiblimp,benchmark,4,0.06933735684278718,0.9384352660270832,1.0,2.0
multiblimp_swe,1,multiblimp,benchmark,3,0.03292669317124616,0.9600900610700525,1.0,2.0
multiblimp_swe,2,multiblimp,benchmark,4,0.04368800846648939,0.8359051905519301,0.9486832980505139,2.0
multiblimp_swe,8,multiblimp,benchmark,4,0.04289241979962845,0.7937641887172991,1.0,2.0
multiblimp_swe,15,multiblimp,benchmark,4,0.06506287566906516,0.830008512060686,0.7999999999999999,2.0
multiblimp_swe,30,multiblimp,benchmark,5,-0.002020271963370847,0.12226135019549422,-0.35355339059327373,2.0
multiblimp_swe,50,multiblimp,benchmark,4,-6.420534912800809e-17,,,2.0
multiblimp_tam,1,multiblimp,benchmark,3,-0.0005868579363112684,0.00012050136214647456,0.0,2.0
multiblimp_tam,2,multiblimp,benchmark,4,0.09992247886454288,0.40639669539917356,0.39999999999999997,2.0
multiblimp_tam,8,multiblimp,benchmark,4,0.06673578709896126,0.4681310170373858,0.39999999999999997,2.0
multiblimp_tam,15,multiblimp,benchmark,4,0.014221127985177967,0.020839011911208072,-0.21081851067789195,2.0
multiblimp_tam,30,multiblimp,benchmark,5,0.009005039072026636,0.2699563640799988,0.35909242322980395,2.0
multiblimp_tam,50,multiblimp,benchmark,4,0.08012280153311928,0.95948797512982,1.0,2.0
multiblimp_tur,1,multiblimp,benchmark,3,0.04685001149038505,0.9560963417116293,1.0,2.0
multiblimp_tur,2,multiblimp,benchmark,4,0.03941709595274402,0.36389168571010566,0.39999999999999997,2.0
multiblimp_tur,8,multiblimp,benchmark,4,0.02298776574977699,0.8651155834853091,0.7999999999999999,2.0
multiblimp_tur,15,multiblimp,benchmark,4,0.024351032632817474,0.21894235788531335,0.39999999999999997,2.0
multiblimp_tur,30,multiblimp,benchmark,5,0.14624125428426857,0.8980117574219137,0.9999999999999999,2.0
multiblimp_tur,50,multiblimp,benchmark,4,0.12291442522765463,0.9283380711225409,1.0,2.0
multiblimp_uig,1,multiblimp,benchmark,3,-0.011850515111203254,0.3346937174251168,-0.5,2.0
multiblimp_uig,2,multiblimp,benchmark,4,-0.03635806933834653,0.17690622579362258,-0.39999999999999997,2.0
multiblimp_uig,8,multiblimp,benchmark,4,0.02445403394300746,0.2800378157089004,0.39999999999999997,2.0
multiblimp_uig,15,multiblimp,benchmark,4,0.0001509411982265268,0.000152962650612265,0.10540925533894598,2.0
multiblimp_uig,30,multiblimp,benchmark,5,0.004288175614207959,0.05655333313547661,0.7,2.0
multiblimp_uig,50,multiblimp,benchmark,4,0.02794603227250501,0.20485687758417626,0.6000000000000001,2.0
multiblimp_ukr,1,multiblimp,benchmark,3,0.0903144927115496,0.9949228136084212,1.0,2.0
multiblimp_ukr,2,multiblimp,benchmark,4,0.17309793052430011,0.9013702166562648,1.0,2.0
multiblimp_ukr,8,multiblimp,benchmark,4,0.2256744152525876,0.9883814150564949,1.0,2.0
multiblimp_ukr,15,multiblimp,benchmark,4,0.20706461184697803,0.9978564987233749,1.0,2.0
multiblimp_ukr,30,multiblimp,benchmark,5,0.1301022704026932,0.9114308980102173,0.9999999999999999,2.0
multiblimp_ukr,50,multiblimp,benchmark,4,0.1432509272284856,0.8717998150355639,1.0,2.0
multiblimp_urd,1,multiblimp,benchmark,3,0.1291283124015597,0.8917096474865261,1.0,2.0
multiblimp_urd,2,multiblimp,benchmark,4,0.08387089167252204,0.30709248255271415,0.39999999999999997,2.0
multiblimp_urd,8,multiblimp,benchmark,4,0.14280269571517626,0.8463034226105659,1.0,2.0
multiblimp_urd,15,multiblimp,benchmark,4,0.12865607062654374,0.9351982684969192,1.0,2.0
multiblimp_urd,30,multiblimp,benchmark,5,0.08943682283878408,0.9014755392394006,0.8999999999999998,2.0
multiblimp_urd,50,multiblimp,benchmark,4,0.11898767967114098,0.984200894170265,1.0,2.0
paws_ca,1,paws,benchmark,3,0.04452159151443519,0.7224729111687753,0.5,2.0
paws_ca,2,paws,benchmark,4,0.06656773393920891,0.7944435694501156,0.7999999999999999,2.0
paws_ca,8,paws,benchmark,4,0.08677875963279862,0.876767685055771,0.7999999999999999,2.0
paws_ca,15,paws,benchmark,4,0.02974404420403013,0.5736702137577002,0.7999999999999999,2.0
paws_ca,30,paws,benchmark,5,0.050999903245605535,0.6379317233462674,0.7,2.0
paws_ca,50,paws,benchmark,4,-0.009597328102518364,0.044655332809480086,0.19999999999999998,2.0
paws_de,1,paws,benchmark,3,0.06969362951296573,0.30508791171919014,0.5,2.0
paws_de,2,paws,benchmark,4,0.08491868276486118,0.5432284359680015,0.7999999999999999,2.0
paws_de,8,paws,benchmark,4,0.08040612896140993,0.8002394054532735,0.7999999999999999,2.0
paws_de,15,paws,benchmark,4,0.1247459907308467,0.8921507638407431,1.0,2.0
paws_de,30,paws,benchmark,5,0.06481923519807262,0.7671328931932315,0.7999999999999999,2.0
paws_de,50,paws,benchmark,4,0.0919184503708146,0.9234767302137906,1.0,2.0
paws_en,1,paws,benchmark,3,0.2710098643748447,0.9967253543963527,1.0,2.0
paws_en,2,paws,benchmark,4,0.1558963615052673,0.855457451752752,1.0,2.0
paws_en,8,paws,benchmark,4,0.09874256276776468,0.9912082471329053,1.0,2.0
paws_en,15,paws,benchmark,4,0.13484012441053067,0.76299976672542,0.7999999999999999,2.0
paws_en,30,paws,benchmark,5,0.10111478391701674,0.7369149542748961,0.8999999999999998,2.0
paws_en,50,paws,benchmark,4,0.07007845482671461,0.7693466560709782,1.0,2.0
paws_es,1,paws,benchmark,3,0.09461889059801495,0.7159778931070653,0.5,2.0
paws_es,2,paws,benchmark,4,0.10114530200498549,0.8904249282833309,1.0,2.0
paws_es,8,paws,benchmark,4,0.059023165187760684,0.7581596501398729,0.7999999999999999,2.0
paws_es,15,paws,benchmark,4,0.12466190957847423,0.9433786831698561,1.0,2.0
paws_es,30,paws,benchmark,5,0.09871094561521059,0.9748686909390363,0.9999999999999999,2.0
paws_es,50,paws,benchmark,4,0.011515413249536451,0.06632693704725467,0.39999999999999997,2.0
paws_eu,1,paws,benchmark,3,0.01762596302724192,0.7404336917146539,0.8660254037844387,2.0
paws_eu,2,paws,benchmark,4,0.0013177411727520638,0.03097058381147566,0.19999999999999998,2.0
paws_eu,8,paws,benchmark,4,0.00857867859342045,0.27661977055648523,0.6000000000000001,2.0
paws_eu,15,paws,benchmark,4,-0.005824906880298033,0.5142000390171557,-0.316227766016838,2.0
paws_eu,30,paws,benchmark,5,0.004068496830830234,0.3523004823229753,0.49999999999999994,2.0
paws_eu,50,paws,benchmark,4,0.015711068638938515,0.046608121232071364,0.19999999999999998,2.0
paws_fr,1,paws,benchmark,3,0.02194396131146756,0.034686604330704585,0.5,2.0
paws_fr,2,paws,benchmark,4,0.11269464447363231,0.6264840622005505,0.7999999999999999,2.0
paws_fr,8,paws,benchmark,4,0.08467532263335997,0.9963200644302588,1.0,2.0
paws_fr,15,paws,benchmark,4,0.052871870304529646,0.5675848375404833,0.7999999999999999,2.0
paws_fr,30,paws,benchmark,5,0.0765023168807787,0.8900139914029332,0.8999999999999998,2.0
paws_fr,50,paws,benchmark,4,-0.038926128945844844,0.1201456859589638,-0.19999999999999998,2.0
paws_gl,1,paws,benchmark,3,0.12169019127210504,0.6332726856945441,0.5,2.0
paws_gl,2,paws,benchmark,4,0.001888087785860277,0.0014670925023317904,0.0,2.0
paws_gl,8,paws,benchmark,4,0.07419802165425123,0.6170018310288428,0.39999999999999997,2.0
paws_gl,15,paws,benchmark,4,0.051025945386120763,0.5367630100545813,0.7999999999999999,2.0
paws_gl,30,paws,benchmark,5,0.06924180252557806,0.5127925316495994,0.7,2.0
paws_gl,50,paws,benchmark,4,-0.05188640081542662,0.9080807834283435,-1.0,2.0
paws_ja,1,paws,benchmark,3,0.21543493826729665,0.9969384081010474,1.0,2.0
paws_ja,2,paws,benchmark,4,0.16635483458572772,0.7780214947247552,0.7999999999999999,2.0
paws_ja,8,paws,benchmark,4,0.013936857984724153,0.1077257702140536,0.39999999999999997,2.0
paws_ja,15,paws,benchmark,4,-0.09585157689023803,0.6373133558976574,-0.7999999999999999,2.0
paws_ja,30,paws,benchmark,5,-0.002708475926329424,0.010182695050693913,-0.09999999999999999,2.0
paws_ja,50,paws,benchmark,4,0.03704207347317764,0.09104449101329026,0.39999999999999997,2.0
paws_ko,1,paws,benchmark,3,-0.0008461205899157646,0.00128112852423945,-0.5,2.0
paws_ko,2,paws,benchmark,4,0.020462627953376777,0.0311815569622772,0.0,2.0
paws_ko,8,paws,benchmark,4,0.024304257666500868,0.5620040523396859,0.7999999999999999,2.0
paws_ko,15,paws,benchmark,4,-0.07646018526133802,0.32879890440571624,-0.7999999999999999,2.0
paws_ko,30,paws,benchmark,5,0.010626590578081508,0.5476550676506144,0.7999999999999999,2.0
paws_ko,50,paws,benchmark,4,-0.1007784962080286,0.9256523080052476,-1.0,2.0
paws_zh,1,paws,benchmark,3,0.07313415789844425,0.9554537490189184,1.0,2.0
paws_zh,2,paws,benchmark,4,0.01600495731656397,0.8523750913765626,0.7999999999999999,2.0
paws_zh,8,paws,benchmark,4,0.01906761011510108,0.9900199019352469,1.0,2.0
paws_zh,15,paws,benchmark,4,0.012385541199004748,0.03311130263371043,0.19999999999999998,2.0
paws_zh,30,paws,benchmark,5,0.042472221951808234,0.822707162350983,0.8999999999999998,2.0
paws_zh,50,paws,benchmark,4,0.05206407117558878,0.7477995351005859,0.7999999999999999,2.0
train_loss,1,loss,loss,5,-0.7862770910805633,0.9361032736904883,-0.9999999999999999,
train_loss,2,loss,loss,5,-0.8150273545411688,0.9384159190905708,-0.9999999999999999,
train_loss,8,loss,loss,4,-0.8987386496144371,0.934913601946517,-1.0,
train_loss,15,loss,loss,4,-0.977980099644159,0.9612281759015827,-1.0,
train_loss,30,loss,loss,5,-0.8584968841190481,0.9347135594173521,-0.9999999999999999,
train_loss,50,loss,loss,5,-0.8888094979588096,0.9537278145745554,-0.9999999999999999,
truthfulqa-multi_mc1_en,1,truthfulqa-multi_mc1,benchmark,3,0.016440910834144826,0.43951960324073547,0.5,4.0
truthfulqa-multi_mc1_en,2,truthfulqa-multi_mc1,benchmark,4,-0.047800872909471194,0.8288482083547132,-1.0,4.0
truthfulqa-multi_mc1_en,8,truthfulqa-multi_mc1,benchmark,4,-0.02937920764842984,0.650657872772743,-0.7999999999999999,4.0
truthfulqa-multi_mc1_en,15,truthfulqa-multi_mc1,benchmark,4,-0.03510655843999162,0.6455542354588202,-0.632455532033676,4.0
truthfulqa-multi_mc1_en,30,truthfulqa-multi_mc1,benchmark,5,-0.025228329790544672,0.5088698411847656,-0.7,4.0
truthfulqa-multi_mc1_en,50,truthfulqa-multi_mc1,benchmark,4,-0.04075157069685883,0.9795567420955076,-1.0,4.0
truthfulqa-multi_mc1_es,1,truthfulqa-multi_mc1,benchmark,3,-0.0591172367710815,0.7060244808414897,-0.5,4.0
truthfulqa-multi_mc1_es,2,truthfulqa-multi_mc1,benchmark,4,-0.029703550903757068,0.7004302262663666,-0.7999999999999999,4.0
truthfulqa-multi_mc1_es,8,truthfulqa-multi_mc1,benchmark,4,-0.02439384790970256,0.7773686897822171,-0.7999999999999999,4.0
truthfulqa-multi_mc1_es,15,truthfulqa-multi_mc1,benchmark,4,-0.02015936100851476,0.8472555545619217,-1.0,4.0
truthfulqa-multi_mc1_es,30,truthfulqa-multi_mc1,benchmark,5,-0.030165420801070156,0.5474894032792315,-0.49999999999999994,4.0
truthfulqa-multi_mc1_es,50,truthfulqa-multi_mc1,benchmark,4,-0.07193964617132127,0.9826238996391765,-1.0,4.0
truthfulqa-multi_mc1_eu,1,truthfulqa-multi_mc1,benchmark,3,-0.010960625904771724,0.4394527088851835,-0.5,4.0
truthfulqa-multi_mc1_eu,2,truthfulqa-multi_mc1,benchmark,4,0.012324344302719187,0.8054016996882689,0.9486832980505139,4.0
truthfulqa-multi_mc1_eu,8,truthfulqa-multi_mc1,benchmark,4,0.017327231595229114,0.5894312424513872,0.9486832980505139,4.0
truthfulqa-multi_mc1_eu,15,truthfulqa-multi_mc1,benchmark,4,0.02429845626191305,0.9945568813927388,1.0,4.0
truthfulqa-multi_mc1_eu,30,truthfulqa-multi_mc1,benchmark,5,0.0024525224802539355,0.12402453300616945,0.20519567041703082,4.0
truthfulqa-multi_mc1_eu,50,truthfulqa-multi_mc1,benchmark,4,0.0006370758767802109,0.031076485777048135,0.21081851067789195,4.0
xcopa_et,1,xcopa,benchmark,3,-0.008730575622859837,0.4177245772182855,-0.5,2.0
xcopa_et,2,xcopa,benchmark,4,0.015874781457620356,0.16725860872411336,0.39999999999999997,2.0
xcopa_et,8,xcopa,benchmark,4,0.012259585764905455,0.5322861313990692,0.7745966692414834,2.0
xcopa_et,15,xcopa,benchmark,4,0.01362923929696876,0.2675741956263633,0.316227766016838,2.0
xcopa_et,30,xcopa,benchmark,5,0.02518292636191976,0.7657723903379214,0.7,2.0
xcopa_et,50,xcopa,benchmark,4,0.0035257753384157677,0.019607597604638927,0.0,2.0
xcopa_eu,1,xcopa,benchmark,3,0.02641591097184026,0.8635188092312327,1.0,2.0
xcopa_eu,2,xcopa,benchmark,4,0.005144157511244118,0.07823568335917053,0.316227766016838,2.0
xcopa_eu,8,xcopa,benchmark,4,0.008089404482254864,0.040946866221295175,0.19999999999999998,2.0
xcopa_eu,15,xcopa,benchmark,4,0.03136018910335929,0.7914370703898048,0.7999999999999999,2.0
xcopa_eu,30,xcopa,benchmark,5,0.0018282612913498868,0.006770973704985361,0.10259783520851541,2.0
xcopa_eu,50,xcopa,benchmark,4,0.03681605940083073,0.5024468800490849,0.39999999999999997,2.0
xcopa_ht,1,xcopa,benchmark,3,0.05372855835672445,0.4394527088851875,0.5,2.0
xcopa_ht,2,xcopa,benchmark,4,-0.02181528645617725,0.5868112365900184,-0.7999999999999999,2.0
xcopa_ht,8,xcopa,benchmark,4,0.00021001939293888158,0.00019967875055093565,0.0,2.0
xcopa_ht,15,xcopa,benchmark,4,-0.05743430971147713,0.9538128537169244,-1.0,2.0
xcopa_ht,30,xcopa,benchmark,5,-0.020575829139985378,0.9397750418114917,-0.9746794344808964,2.0
xcopa_ht,50,xcopa,benchmark,4,0.012414829291803639,0.22934577995058947,0.39999999999999997,2.0
xcopa_id,1,xcopa,benchmark,3,0.08448173412708697,0.7982406329031868,1.0,2.0
xcopa_id,2,xcopa,benchmark,4,0.042962716285773445,0.9780498873680014,1.0,2.0
xcopa_id,8,xcopa,benchmark,4,0.05971119423403183,0.9050170211996467,1.0,2.0
xcopa_id,15,xcopa,benchmark,4,0.12785902833266705,0.9405668396052548,1.0,2.0
xcopa_id,30,xcopa,benchmark,5,0.15324365879906282,0.8720264183888229,0.9999999999999999,2.0
xcopa_id,50,xcopa,benchmark,4,0.12732041427713783,0.9665035074388216,1.0,2.0
xcopa_it,1,xcopa,benchmark,3,0.05761745494872472,0.9575441603769859,1.0,2.0
xcopa_it,2,xcopa,benchmark,4,0.025428167151971614,0.9398014716074438,1.0,2.0
xcopa_it,8,xcopa,benchmark,4,0.15273710549669559,0.9854811366202397,1.0,2.0
xcopa_it,15,xcopa,benchmark,4,0.1235809580310766,0.9133258740465658,1.0,2.0
xcopa_it,30,xcopa,benchmark,5,0.1437421631095467,0.9029102296803612,0.9999999999999999,2.0
xcopa_it,50,xcopa,benchmark,4,0.127744852650556,0.9863808506213785,1.0,2.0
xcopa_sw,1,xcopa,benchmark,3,-0.04432543042408185,0.9540719836387147,-1.0,2.0
xcopa_sw,2,xcopa,benchmark,4,0.010027364736010158,0.05601647556948597,0.0,2.0
xcopa_sw,8,xcopa,benchmark,4,0.022042951685754902,0.3934045855789827,0.632455532033676,2.0
xcopa_sw,15,xcopa,benchmark,4,0.015227843118202288,0.5541763226544054,0.632455532033676,2.0
xcopa_sw,30,xcopa,benchmark,5,0.019978759657363718,0.5647567649163934,0.8999999999999998,2.0
xcopa_sw,50,xcopa,benchmark,4,-0.0045480884355470945,0.5437780403647454,-0.7745966692414834,2.0
xcopa_ta,1,xcopa,benchmark,3,-0.056944902638942,0.5732608547098004,-0.5,2.0
xcopa_ta,2,xcopa,benchmark,4,-0.024892533852136873,0.335858243205698,-0.39999999999999997,2.0
xcopa_ta,8,xcopa,benchmark,4,-0.032407894059805584,0.9362668937722691,-1.0,2.0
xcopa_ta,15,xcopa,benchmark,4,0.003658611578265062,0.01796841859511078,0.39999999999999997,2.0
xcopa_ta,30,xcopa,benchmark,5,-0.027760566915955593,0.5634746607379804,-0.49999999999999994,2.0
xcopa_ta,50,xcopa,benchmark,4,-0.0017200485994760468,0.00206942648903774,0.19999999999999998,2.0
xcopa_th,1,xcopa,benchmark,3,0.01830184163294769,0.09661404298984899,0.5,2.0
xcopa_th,2,xcopa,benchmark,4,0.0050882822077332,0.07654533796576568,0.316227766016838,2.0
xcopa_th,8,xcopa,benchmark,4,0.0008912567026679256,0.002310273944831631,-0.19999999999999998,2.0
xcopa_th,15,xcopa,benchmark,4,0.016612766031789964,0.10527457518921446,0.6000000000000001,2.0
xcopa_th,30,xcopa,benchmark,5,0.013625909702365397,0.23173959956239676,0.41039134083406165,2.0
xcopa_th,50,xcopa,benchmark,4,-0.007172639901977997,0.09066718552123887,-0.39999999999999997,2.0
xcopa_tr,1,xcopa,benchmark,3,0.026752187126731584,0.63848756395399,0.5,2.0
xcopa_tr,2,xcopa,benchmark,4,-0.028125484821401404,0.7350231879656091,-0.7999999999999999,2.0
xcopa_tr,8,xcopa,benchmark,4,0.02495123368363279,0.5304613305553252,0.7999999999999999,2.0
xcopa_tr,15,xcopa,benchmark,4,0.032748391011916594,0.5253384360088564,0.7999999999999999,2.0
xcopa_tr,30,xcopa,benchmark,5,0.040566982597396585,0.7069037802881324,0.8999999999999998,2.0
xcopa_tr,50,xcopa,benchmark,4,-0.014574342274369878,0.209398256196893,-0.39999999999999997,2.0
xcopa_vi,1,xcopa,benchmark,3,0.01740510521990422,0.31408984360910297,0.5,2.0
xcopa_vi,2,xcopa,benchmark,4,0.027516274926164135,0.1741709463670974,0.39999999999999997,2.0
xcopa_vi,8,xcopa,benchmark,4,0.03875171221150672,0.7495634081357017,0.7999999999999999,2.0
xcopa_vi,15,xcopa,benchmark,4,0.15198802797205652,0.9252480161431095,1.0,2.0
xcopa_vi,30,xcopa,benchmark,5,0.16102185632576133,0.9120888616987656,0.8999999999999998,2.0
xcopa_vi,50,xcopa,benchmark,4,0.13957612212212603,0.8699948370966663,0.7999999999999999,2.0
xcopa_zh,1,xcopa,benchmark,3,0.03559485480122191,0.7594458069231949,0.8660254037844387,2.0
xcopa_zh,2,xcopa,benchmark,4,0.0668708040203403,0.5336734935546703,0.39999999999999997,2.0
xcopa_zh,8,xcopa,benchmark,4,0.10795348407114051,0.8594904149737728,1.0,2.0
xcopa_zh,15,xcopa,benchmark,4,0.0853982807213005,0.9089734943193272,1.0,2.0
xcopa_zh,30,xcopa,benchmark,5,0.12863149092429033,0.8358774088522605,0.9999999999999999,2.0
xcopa_zh,50,xcopa,benchmark,4,0.11741232622158826,0.8904239640134887,1.0,2.0
xnli_ar,1,xnli,benchmark,3,-0.0009730934161639018,0.015805117110026856,-0.5,3.0
xnli_ar,2,xnli,benchmark,4,0.0017287542685098189,0.19285964869535055,0.6000000000000001,3.0
xnli_ar,8,xnli,benchmark,4,0.004033334458294677,0.036855575553873865,0.316227766016838,3.0
xnli_ar,15,xnli,benchmark,4,0.0026205709497782374,0.31970989246397874,0.7999999999999999,3.0
xnli_ar,30,xnli,benchmark,5,0.009337351701533254,0.45465835246802266,0.6,3.0
xnli_ar,50,xnli,benchmark,4,0.004132351171454493,0.6552367943195133,0.7378647873726218,3.0
xnli_bg,1,xnli,benchmark,3,0.09439166645378015,0.9364143848082959,1.0,3.0
xnli_bg,2,xnli,benchmark,4,0.05438955853407402,0.7978378683895759,0.7999999999999999,3.0
xnli_bg,8,xnli,benchmark,4,0.016268550112297473,0.6669975323282786,0.7999999999999999,3.0
xnli_bg,15,xnli,benchmark,4,0.01294195020837686,0.980859490129515,1.0,3.0
xnli_bg,30,xnli,benchmark,5,0.09725998664152236,0.8381318094260142,0.8999999999999998,3.0
xnli_bg,50,xnli,benchmark,4,0.16544699039413796,0.9959957824710751,1.0,3.0
xnli_ca,1,xnli,benchmark,3,0.052083517721892264,0.7789956160090732,1.0,3.0
xnli_ca,2,xnli,benchmark,4,0.06521234223809852,0.8712004114665538,1.0,3.0
xnli_ca,8,xnli,benchmark,4,0.08918160943789118,0.9337989475760818,1.0,3.0
xnli_ca,15,xnli,benchmark,4,0.10013033199208499,0.6723791315786578,0.7999999999999999,3.0
xnli_ca,30,xnli,benchmark,5,0.1061875706327115,0.6033778803376739,0.7,3.0
xnli_ca,50,xnli,benchmark,4,0.15007800309180166,0.8839453626323903,1.0,3.0
xnli_de,1,xnli,benchmark,3,0.1655960210732173,0.9443006181017319,1.0,3.0
xnli_de,2,xnli,benchmark,4,0.13540736590300456,0.916331873732545,1.0,3.0
xnli_de,8,xnli,benchmark,4,0.1290632348200452,0.8246613116043575,1.0,3.0
xnli_de,15,xnli,benchmark,4,0.1395386640733039,0.8430564906939546,1.0,3.0
xnli_de,30,xnli,benchmark,5,0.14581565953054107,0.8431635024846127,0.9999999999999999,3.0
xnli_de,50,xnli,benchmark,4,0.16633387891395485,0.9655039729625639,1.0,3.0
xnli_el,1,xnli,benchmark,3,0.034052120636751476,0.5908668083995914,0.5,3.0
xnli_el,2,xnli,benchmark,4,-0.01069094853605697,0.16446102541840835,-0.6000000000000001,3.0
xnli_el,8,xnli,benchmark,4,0.023056808258025342,0.828176539739253,0.7999999999999999,3.0
xnli_el,15,xnli,benchmark,4,0.0022613727677301674,0.039573224214280334,0.19999999999999998,3.0
xnli_el,30,xnli,benchmark,5,0.0719014068745033,0.7987968845249885,0.8999999999999998,3.0
xnli_el,50,xnli,benchmark,4,0.07612781084331818,0.708085219664905,0.7999999999999999,3.0
xnli_en,1,xnli,benchmark,5,0.11776602490337716,0.8437208794600719,0.8999999999999998,3.0
xnli_en,2,xnli,benchmark,5,0.11025710052493161,0.9488413235784224,0.8999999999999998,3.0
xnli_en,8,xnli,benchmark,4,0.09206525957129978,0.9172659037910592,1.0,3.0
xnli_en,15,xnli,benchmark,4,0.10201703993761911,0.8409305848650858,1.0,3.0
xnli_en,30,xnli,benchmark,5,0.08937202174041359,0.9425089438316824,0.9999999999999999,3.0
xnli_en,50,xnli,benchmark,4,0.14875129094050316,0.9282155001651,1.0,3.0
xnli_es,1,xnli,benchmark,3,0.09398951965109736,0.5063915661037511,0.5,3.0
xnli_es,2,xnli,benchmark,4,0.10377535809504966,0.8391791192207965,0.7999999999999999,3.0
xnli_es,8,xnli,benchmark,4,0.1026427118200317,0.9761399558445312,1.0,3.0
xnli_es,15,xnli,benchmark,4,0.12797698017773212,0.8721847677387768,0.7999999999999999,3.0
xnli_es,30,xnli,benchmark,5,0.08540562111158037,0.7816386703303981,0.7,3.0
xnli_es,50,xnli,benchmark,4,0.12047285200345893,0.8586304244116654,0.7999999999999999,3.0
xnli_eu,1,xnli,benchmark,3,-0.03574824496573686,0.9998916257045276,-1.0,3.0
xnli_eu,2,xnli,benchmark,4,-0.006504415052376269,0.8173525415760496,-0.7999999999999999,3.0
xnli_eu,8,xnli,benchmark,4,-0.011490943436754907,0.8335363422854554,-1.0,3.0
xnli_eu,15,xnli,benchmark,4,-0.003260285967633832,0.07950330062973365,-0.6000000000000001,3.0
xnli_eu,30,xnli,benchmark,5,-0.009460509890344068,0.6114194652561659,-0.7,3.0
xnli_eu,50,xnli,benchmark,4,-0.033239243972852134,0.4305406588466558,-0.19999999999999998,3.0
xnli_fr,1,xnli,benchmark,3,0.08070662789310268,0.9888358010501308,1.0,3.0
xnli_fr,2,xnli,benchmark,4,0.139232070717315,0.818194436159501,0.7999999999999999,3.0
xnli_fr,8,xnli,benchmark,4,0.10508509400966355,0.9014302158223103,1.0,3.0
xnli_fr,15,xnli,benchmark,4,0.13638690143474821,0.8549981730021321,1.0,3.0
xnli_fr,30,xnli,benchmark,5,0.12707752640720135,0.9477296822638608,0.9999999999999999,3.0
xnli_fr,50,xnli,benchmark,4,0.1481926612946298,0.9794953074993311,1.0,3.0
xnli_gl,1,xnli,benchmark,3,0.12553430193612677,0.7933445989223554,1.0,3.0
xnli_gl,2,xnli,benchmark,4,0.07949953051481486,0.8112944662414555,0.7999999999999999,3.0
xnli_gl,8,xnli,benchmark,4,0.09960768821691407,0.8170006823984088,0.7999999999999999,3.0
xnli_gl,15,xnli,benchmark,4,0.08720284133481869,0.978764016259973,1.0,3.0
xnli_gl,30,xnli,benchmark,5,0.09196356477821847,0.8410636034118278,0.8999999999999998,3.0
xnli_gl,50,xnli,benchmark,4,0.0826061903120185,0.6053341976233527,0.7999999999999999,3.0
xnli_hi,1,xnli,benchmark,3,0.09938856836248831,0.9972780270762021,1.0,3.0
xnli_hi,2,xnli,benchmark,4,0.026123660780413532,0.22362261860941757,0.6000000000000001,3.0
xnli_hi,8,xnli,benchmark,4,0.04795520224486379,0.8668822617032238,1.0,3.0
xnli_hi,15,xnli,benchmark,4,-0.0015182028510580677,0.00665921270718528,-0.19999999999999998,3.0
xnli_hi,30,xnli,benchmark,5,0.11460411905802094,0.9297400684622675,0.9999999999999999,3.0
xnli_hi,50,xnli,benchmark,4,0.11460901142859159,0.9493175133719151,1.0,3.0
xnli_ru,1,xnli,benchmark,3,0.20477104594511492,0.9436469448635018,1.0,3.0
xnli_ru,2,xnli,benchmark,5,0.12096341367220352,0.9867998057994163,0.9999999999999999,3.0
xnli_ru,8,xnli,benchmark,4,0.13636469238069057,0.9196575339083073,1.0,3.0
xnli_ru,15,xnli,benchmark,4,0.09064498934747811,0.8450244893729718,0.7999999999999999,3.0
xnli_ru,30,xnli,benchmark,5,0.11513535442029148,0.9068674345429766,0.8999999999999998,3.0
xnli_ru,50,xnli,benchmark,4,0.12018119691636373,0.950251195540116,1.0,3.0
xnli_sw,1,xnli,benchmark,3,0.009918667222459657,0.34280722311988443,0.5,3.0
xnli_sw,2,xnli,benchmark,4,-0.0003423638711371436,0.09458743783170809,-0.316227766016838,3.0
xnli_sw,8,xnli,benchmark,4,-0.013920377906822753,0.23210058545759782,-0.6000000000000001,3.0
xnli_sw,15,xnli,benchmark,4,-0.0038885233540716206,0.15902157189879562,-0.39999999999999997,3.0
xnli_sw,30,xnli,benchmark,5,0.003021676872547961,0.8150108305018076,0.8999999999999998,3.0
xnli_sw,50,xnli,benchmark,4,-0.00659300407340039,0.09481333108345302,-0.7999999999999999,3.0
xnli_th,1,xnli,benchmark,3,-0.012011975467701887,0.09055680999076043,-0.5,3.0
xnli_th,2,xnli,benchmark,4,-0.009190978231845566,0.1267899503361869,0.0,3.0
xnli_th,8,xnli,benchmark,4,0.0020613261333603757,0.4187448249392888,0.7999999999999999,3.0
xnli_th,15,xnli,benchmark,4,0.013389589102912339,0.20401932674874645,0.7999999999999999,3.0
xnli_th,30,xnli,benchmark,5,0.11576369804040125,0.9864644542154477,0.9999999999999999,3.0
xnli_th,50,xnli,benchmark,4,0.05183756611678323,0.38888173121235636,0.39999999999999997,3.0
xnli_tr,1,xnli,benchmark,3,-0.013142614262432498,0.4017896231586703,-0.5,3.0
xnli_tr,2,xnli,benchmark,4,-0.006529207141674788,0.5889723103012587,-0.632455532033676,3.0
xnli_tr,8,xnli,benchmark,4,-0.007553147360982859,0.8939391943484779,-0.7999999999999999,3.0
xnli_tr,15,xnli,benchmark,4,-0.015646129988790117,0.7862088708917777,-1.0,3.0
xnli_tr,30,xnli,benchmark,5,0.11181104094151272,0.941613432326006,0.8999999999999998,3.0
xnli_tr,50,xnli,benchmark,4,0.13299543597978053,0.9384157285706048,1.0,3.0
xnli_ur,1,xnli,benchmark,3,0.0015951036662161995,0.00934692639536494,0.5,3.0
xnli_ur,2,xnli,benchmark,4,-0.00019360915066825825,0.006912559469145929,-0.19999999999999998,3.0
xnli_ur,8,xnli,benchmark,4,-0.0012978479183704584,0.28604566182797186,-0.632455532033676,3.0
xnli_ur,15,xnli,benchmark,4,0.00044078893407762445,0.04344447571241328,0.39999999999999997,3.0
xnli_ur,30,xnli,benchmark,5,0.00268104051395411,0.41298184963370255,0.41039134083406165,3.0
xnli_ur,50,xnli,benchmark,4,0.028562719520387116,0.6142214674270376,0.9486832980505139,3.0
xnli_vi,1,xnli,benchmark,3,0.053363502607962264,0.3490895406288195,0.5,3.0
xnli_vi,2,xnli,benchmark,4,0.04201680877915425,0.5837065446866307,0.7999999999999999,3.0
xnli_vi,8,xnli,benchmark,4,0.036253605781526914,0.7901543079358746,1.0,3.0
xnli_vi,15,xnli,benchmark,4,0.11512788368016369,0.9274064458336645,1.0,3.0
xnli_vi,30,xnli,benchmark,5,0.10298875729452467,0.722629159223495,0.7,3.0
xnli_vi,50,xnli,benchmark,4,0.08530693165512696,0.6643457439792839,0.7999999999999999,3.0
xnli_zh,1,xnli,benchmark,3,-0.008706189774484114,0.017619380067741885,-0.5,3.0
xnli_zh,2,xnli,benchmark,4,0.02115036130468752,0.23083299941762414,0.6000000000000001,3.0
xnli_zh,8,xnli,benchmark,4,0.031117471295354773,0.8288617255764968,1.0,3.0
xnli_zh,15,xnli,benchmark,4,0.012342132073795078,0.7398293043612345,0.7999999999999999,3.0
xnli_zh,30,xnli,benchmark,5,0.02135395225245654,0.7969582136284621,0.7999999999999999,3.0
xnli_zh,50,xnli,benchmark,4,0.030203327490257264,0.6130002754085335,0.7999999999999999,3.0
xstorycloze_ar,1,xstorycloze,benchmark,3,0.013231661488222994,0.840223640105506,1.0,2.0
xstorycloze_ar,2,xstorycloze,benchmark,4,0.015816400281533093,0.5448234672776698,0.7999999999999999,2.0
xstorycloze_ar,8,xstorycloze,benchmark,4,0.027440091055505607,0.9870240344519285,1.0,2.0
xstorycloze_ar,15,xstorycloze,benchmark,4,0.09537813057284664,0.9908181034406884,1.0,2.0
xstorycloze_ar,30,xstorycloze,benchmark,5,0.09939549855004219,0.913508995375843,0.9999999999999999,2.0
xstorycloze_ar,50,xstorycloze,benchmark,4,0.07649900580381946,0.9403996436473163,1.0,2.0
xstorycloze_ca,1,xstorycloze,benchmark,3,0.07022627001538935,0.999879897298506,1.0,2.0
xstorycloze_ca,2,xstorycloze,benchmark,4,0.05650989832770305,0.9461828248286387,1.0,2.0
xstorycloze_ca,8,xstorycloze,benchmark,4,0.06840718261695315,0.9578873960482317,1.0,2.0
xstorycloze_ca,15,xstorycloze,benchmark,4,0.058413510563458254,0.9589485066267862,1.0,2.0
xstorycloze_ca,30,xstorycloze,benchmark,5,0.05761537194299011,0.9561868832016176,0.9999999999999999,2.0
xstorycloze_ca,50,xstorycloze,benchmark,4,0.0937624848731071,0.9458202006400469,1.0,2.0
xstorycloze_en,1,xstorycloze,benchmark,5,0.17062346124802225,0.9937271866461425,0.9999999999999999,2.0
xstorycloze_en,2,xstorycloze,benchmark,5,0.17175903712914262,0.9693537241351037,0.9999999999999999,2.0
xstorycloze_en,8,xstorycloze,benchmark,4,0.16507558814922732,0.9925509218186273,1.0,2.0
xstorycloze_en,15,xstorycloze,benchmark,4,0.18704677984440277,0.9979641125259474,1.0,2.0
xstorycloze_en,30,xstorycloze,benchmark,5,0.1725665613714451,0.9898669958170433,0.9999999999999999,2.0
xstorycloze_en,50,xstorycloze,benchmark,4,0.17646913555548815,0.9857220197938698,1.0,2.0
xstorycloze_es,1,xstorycloze,benchmark,3,0.08524589949321058,0.8589518223870766,1.0,2.0
xstorycloze_es,2,xstorycloze,benchmark,4,0.09451844186041072,0.9630913613553338,1.0,2.0
xstorycloze_es,8,xstorycloze,benchmark,4,0.1590879563613426,0.9946042367486649,1.0,2.0
xstorycloze_es,15,xstorycloze,benchmark,4,0.1286691633786972,0.9763406072680711,1.0,2.0
xstorycloze_es,30,xstorycloze,benchmark,5,0.13525535405153127,0.9846591145959215,0.9999999999999999,2.0
xstorycloze_es,50,xstorycloze,benchmark,4,0.13535296077834877,0.985520696710643,1.0,2.0
xstorycloze_eu,1,xstorycloze,benchmark,3,0.002704364231743947,0.017429045211326377,0.5,2.0
xstorycloze_eu,2,xstorycloze,benchmark,4,-0.012077652996190971,0.2917599302231694,-0.39999999999999997,2.0
xstorycloze_eu,8,xstorycloze,benchmark,4,0.013198751662580447,0.561160064760895,0.7999999999999999,2.0
xstorycloze_eu,15,xstorycloze,benchmark,4,0.01188154402837581,0.8999085848347123,0.9486832980505139,2.0
xstorycloze_eu,30,xstorycloze,benchmark,5,-0.004729941994981252,0.0678103545598403,-0.19999999999999998,2.0
xstorycloze_eu,50,xstorycloze,benchmark,4,0.012072612338631224,0.920831206394169,1.0,2.0
xstorycloze_gl,1,xstorycloze,benchmark,3,0.060123342405978,0.9616108792299856,1.0,2.0
xstorycloze_gl,2,xstorycloze,benchmark,4,0.021896356795166463,0.5122099419929363,0.7378647873726218,2.0
xstorycloze_gl,8,xstorycloze,benchmark,4,0.03810746125703314,0.7541526476307205,0.7999999999999999,2.0
xstorycloze_gl,15,xstorycloze,benchmark,4,0.03292079628838317,0.8653613250083212,1.0,2.0
xstorycloze_gl,30,xstorycloze,benchmark,5,0.032489588269777124,0.6412282723019105,0.7,2.0
xstorycloze_gl,50,xstorycloze,benchmark,4,0.039106229171125204,0.8564932073109917,1.0,2.0
xstorycloze_hi,1,xstorycloze,benchmark,3,0.022010205810566806,0.9377203328428313,1.0,2.0
xstorycloze_hi,2,xstorycloze,benchmark,4,0.0480159089734284,0.8945387787855372,0.9486832980505139,2.0
xstorycloze_hi,8,xstorycloze,benchmark,4,0.03603388807696413,0.9381990017857194,1.0,2.0
xstorycloze_hi,15,xstorycloze,benchmark,4,0.016333173016753282,0.6143476443420622,0.7999999999999999,2.0
xstorycloze_hi,30,xstorycloze,benchmark,5,0.05891349494779045,0.9244819092401023,0.9999999999999999,2.0
xstorycloze_hi,50,xstorycloze,benchmark,4,0.07086158403078173,0.9416261202870422,1.0,2.0
xstorycloze_id,1,xstorycloze,benchmark,3,0.06614409347136806,0.8557895303081584,1.0,2.0
xstorycloze_id,2,xstorycloze,benchmark,4,0.04304531579249252,0.9095995644447286,1.0,2.0
xstorycloze_id,8,xstorycloze,benchmark,4,0.03670799766211842,0.9690441427670937,1.0,2.0
xstorycloze_id,15,xstorycloze,benchmark,4,0.14192170836085877,0.9637212592666046,1.0,2.0
xstorycloze_id,30,xstorycloze,benchmark,5,0.1435633241744309,0.9913058193639933,0.9999999999999999,2.0
xstorycloze_id,50,xstorycloze,benchmark,4,0.14576607859628338,0.9969482894374497,1.0,2.0
xstorycloze_my,1,xstorycloze,benchmark,3,0.0200181742409754,0.18185394462545212,0.5,2.0
xstorycloze_my,2,xstorycloze,benchmark,4,0.01419901617409658,0.9756633297413377,1.0,2.0
xstorycloze_my,8,xstorycloze,benchmark,4,0.004335267189209861,0.10688476744984599,0.19999999999999998,2.0
xstorycloze_my,15,xstorycloze,benchmark,4,0.007702976303821911,0.09398030823021897,0.632455532033676,2.0
xstorycloze_my,30,xstorycloze,benchmark,5,-0.013056108829425383,0.22429749866967663,-0.3,2.0
xstorycloze_my,50,xstorycloze,benchmark,4,-0.021194966376864723,0.8744123958082821,-1.0,2.0
xstorycloze_ru,1,xstorycloze,benchmark,3,0.04405748606720986,0.899558748056676,1.0,2.0
xstorycloze_ru,2,xstorycloze,benchmark,5,0.14773866018683757,0.9829630151563385,0.9999999999999999,2.0
xstorycloze_ru,8,xstorycloze,benchmark,4,0.16859446311996956,0.9913201024317195,1.0,2.0
xstorycloze_ru,15,xstorycloze,benchmark,4,0.1508199444866531,0.9477119598891447,1.0,2.0
xstorycloze_ru,30,xstorycloze,benchmark,5,0.1382350162467142,0.9797620104889136,0.9999999999999999,2.0
xstorycloze_ru,50,xstorycloze,benchmark,4,0.16719508997522364,0.9882010877109141,1.0,2.0
xstorycloze_sw,1,xstorycloze,benchmark,3,0.013157456550043498,0.9943763845701652,1.0,2.0
xstorycloze_sw,2,xstorycloze,benchmark,4,0.023533655547754332,0.9598318392678447,1.0,2.0
xstorycloze_sw,8,xstorycloze,benchmark,4,0.01470366793612415,0.7740641983228261,0.7999999999999999,2.0
xstorycloze_sw,15,xstorycloze,benchmark,4,0.003442644988101963,0.04522428601179829,0.39999999999999997,2.0
xstorycloze_sw,30,xstorycloze,benchmark,5,0.02427612703429488,0.988653344151802,0.9999999999999999,2.0
xstorycloze_sw,50,xstorycloze,benchmark,4,0.023646985661364393,0.7805131628913229,1.0,2.0
xstorycloze_te,1,xstorycloze,benchmark,3,-0.03095568322080157,0.6893428419931478,-0.5,2.0
xstorycloze_te,2,xstorycloze,benchmark,4,0.008120288122301342,0.6872430785030766,0.9486832980505139,2.0
xstorycloze_te,8,xstorycloze,benchmark,4,0.026604686576941938,0.8389860659281124,1.0,2.0
xstorycloze_te,15,xstorycloze,benchmark,4,0.037145877272095895,0.8930940053342554,1.0,2.0
xstorycloze_te,30,xstorycloze,benchmark,5,0.01731181087125671,0.5898839451580148,0.7,2.0
xstorycloze_te,50,xstorycloze,benchmark,4,0.04048640399656705,0.8428233754165557,0.7999999999999999,2.0
xstorycloze_zh,1,xstorycloze,benchmark,3,0.09661758470906832,0.9982808006451093,1.0,2.0
xstorycloze_zh,2,xstorycloze,benchmark,4,0.07978979037185616,0.9528626300960231,1.0,2.0
xstorycloze_zh,8,xstorycloze,benchmark,4,0.12036779034034399,0.9832717893239964,1.0,2.0
xstorycloze_zh,15,xstorycloze,benchmark,4,0.12195689168371596,0.9932860479374345,1.0,2.0
xstorycloze_zh,30,xstorycloze,benchmark,5,0.12881472829751558,0.9976541906462647,0.9999999999999999,2.0
xstorycloze_zh,50,xstorycloze,benchmark,4,0.12172716922400204,0.9658780537337699,1.0,2.0
xwinograd_en,1,xwinograd,benchmark,5,0.23957843758192338,0.9527535249280159,0.9999999999999999,2.0
xwinograd_en,2,xwinograd,benchmark,5,0.23785578345722913,0.9925882348203627,0.9999999999999999,2.0
xwinograd_en,8,xwinograd,benchmark,4,0.24819348677750808,0.9667040661950502,1.0,2.0
xwinograd_en,15,xwinograd,benchmark,4,0.2521170859383105,0.9757810268853254,1.0,2.0
xwinograd_en,30,xwinograd,benchmark,5,0.23780909048994345,0.9933601371377255,0.9999999999999999,2.0
xwinograd_en,50,xwinograd,benchmark,4,0.2572393633004161,0.9999943037950059,1.0,2.0
xwinograd_fr,1,xwinograd,benchmark,3,0.3467543486854443,0.9853161682451751,1.0,2.0
xwinograd_fr,2,xwinograd,benchmark,4,0.1262607565916802,0.7722403299224667,0.7999999999999999,2.0
xwinograd_fr,8,xwinograd,benchmark,4,0.1039892087388816,0.9459389661818621,1.0,2.0
xwinograd_fr,15,xwinograd,benchmark,4,0.18019880599342447,0.944052701932614,1.0,2.0
xwinograd_fr,30,xwinograd,benchmark,5,0.13714831228861402,0.6694840444852088,0.8207826816681233,2.0
xwinograd_fr,50,xwinograd,benchmark,4,0.23650778244294696,0.9441589356944022,1.0,2.0
xwinograd_jp,1,xwinograd,benchmark,3,0.03673665488099874,0.8776807839546437,1.0,2.0
xwinograd_jp,2,xwinograd,benchmark,4,0.043979152221456264,0.8618191128310738,0.9486832980505139,2.0
xwinograd_jp,8,xwinograd,benchmark,4,0.20353639055536754,0.9702621686106153,1.0,2.0
xwinograd_jp,15,xwinograd,benchmark,4,0.17459778833164916,0.9972298592607406,1.0,2.0
xwinograd_jp,30,xwinograd,benchmark,5,0.1874908057175148,0.8708545086466828,0.9999999999999999,2.0
xwinograd_jp,50,xwinograd,benchmark,4,0.15962047501366697,0.9539633549838845,1.0,2.0
xwinograd_pt,1,xwinograd,benchmark,3,0.0836300002549804,0.8157543081798327,1.0,2.0
xwinograd_pt,2,xwinograd,benchmark,4,0.12506480690502755,0.8408475037154745,1.0,2.0
xwinograd_pt,8,xwinograd,benchmark,4,0.06732007372257043,0.9028705489123923,0.9486832980505139,2.0
xwinograd_pt,15,xwinograd,benchmark,4,0.15561733511527148,0.8400824311364712,1.0,2.0
xwinograd_pt,30,xwinograd,benchmark,5,0.2287836963198864,0.915021713863076,0.9999999999999999,2.0
xwinograd_pt,50,xwinograd,benchmark,4,0.13919972974995895,0.9333380062018432,1.0,2.0
xwinograd_ru,1,xwinograd,benchmark,3,0.05507675704403535,0.24055419307680193,0.5,2.0
xwinograd_ru,2,xwinograd,benchmark,5,0.14554776090830207,0.9199786705677906,0.9999999999999999,2.0
xwinograd_ru,8,xwinograd,benchmark,4,0.11374693509778137,0.9247536004813909,1.0,2.0
xwinograd_ru,15,xwinograd,benchmark,4,0.06576966029052012,0.6416981258352701,0.9486832980505139,2.0
xwinograd_ru,30,xwinograd,benchmark,5,0.08229685294931038,0.876419457458143,0.8999999999999998,2.0
xwinograd_ru,50,xwinograd,benchmark,4,0.12586613084562043,0.8227138983193762,0.7999999999999999,2.0
xwinograd_zh,1,xwinograd,benchmark,3,0.07889616067407783,0.994380127523866,1.0,2.0
xwinograd_zh,2,xwinograd,benchmark,4,0.06003152800877276,0.9975343412492211,1.0,2.0
xwinograd_zh,8,xwinograd,benchmark,4,0.1950421026400331,0.9394813332715989,1.0,2.0
xwinograd_zh,15,xwinograd,benchmark,4,0.16443470888851025,0.9108473033148566,1.0,2.0
xwinograd_zh,30,xwinograd,benchmark,5,0.22850476754995527,0.9476680193622615,0.9999999999999999,2.0
xwinograd_zh,50,xwinograd,benchmark,4,0.2277701231931773,0.9726691701261111,1.0,2.0
