intervention,label,population,L,proxy_size,frac,reference_size,n_items,decision_acc,n_decided,decision_acc_decided,mean_abs_delta_proxy,mean_abs_delta_ref,reference_prefers
arch,depth (deep vs shallow),benchmark,1,175M,0.1,1.7B,9,0.5555555555555556,1,,,,
arch,depth (deep vs shallow),benchmark,1,350M,0.1,1.7B,9,0.4444444444444444,1,,,,
arch,depth (deep vs shallow),benchmark,1,600M,0.1,1.7B,14,0.3571428571428571,2,,,,
arch,depth (deep vs shallow),benchmark,1,1B,0.1,1.7B,14,0.5714285714285714,2,,,,
arch,depth (deep vs shallow),benchmark,1,1.7B,0.1,1.7B,14,0.5,2,,,,
arch,depth (deep vs shallow),benchmark,1,175M,0.2,1.7B,9,0.2222222222222222,1,,,,
arch,depth (deep vs shallow),benchmark,1,350M,0.2,1.7B,9,0.7777777777777778,1,,,,
arch,depth (deep vs shallow),benchmark,1,600M,0.2,1.7B,14,0.4285714285714285,2,,,,
arch,depth (deep vs shallow),benchmark,1,1B,0.2,1.7B,14,0.6428571428571429,2,,,,
arch,depth (deep vs shallow),benchmark,1,1.7B,0.2,1.7B,14,0.4285714285714285,2,,,,
arch,depth (deep vs shallow),benchmark,1,175M,0.3,1.7B,9,0.2222222222222222,1,,,,
arch,depth (deep vs shallow),benchmark,1,350M,0.3,1.7B,9,0.5555555555555556,1,,,,
arch,depth (deep vs shallow),benchmark,1,600M,0.3,1.7B,14,0.5714285714285714,2,,,,
arch,depth (deep vs shallow),benchmark,1,1B,0.3,1.7B,14,0.3571428571428571,2,,,,
arch,depth (deep vs shallow),benchmark,1,1.7B,0.3,1.7B,14,0.6428571428571429,2,,,,
arch,depth (deep vs shallow),benchmark,1,175M,0.4,1.7B,9,0.3333333333333333,1,,,,
arch,depth (deep vs shallow),benchmark,1,350M,0.4,1.7B,9,0.5555555555555556,1,,,,
arch,depth (deep vs shallow),benchmark,1,600M,0.4,1.7B,14,0.5,2,,,,
arch,depth (deep vs shallow),benchmark,1,1B,0.4,1.7B,14,0.3571428571428571,2,,,,
arch,depth (deep vs shallow),benchmark,1,1.7B,0.4,1.7B,14,0.5,2,,,,
arch,depth (deep vs shallow),benchmark,1,175M,0.5,1.7B,9,0.5555555555555556,1,,,,
arch,depth (deep vs shallow),benchmark,1,350M,0.5,1.7B,9,0.7777777777777778,1,,,,
arch,depth (deep vs shallow),benchmark,1,600M,0.5,1.7B,14,0.5714285714285714,2,,,,
arch,depth (deep vs shallow),benchmark,1,1B,0.5,1.7B,14,0.5714285714285714,2,,,,
arch,depth (deep vs shallow),benchmark,1,1.7B,0.5,1.7B,14,0.7142857142857143,2,,,,
arch,depth (deep vs shallow),benchmark,1,175M,0.6,1.7B,9,0.3333333333333333,1,,,,
arch,depth (deep vs shallow),benchmark,1,350M,0.6,1.7B,9,0.2222222222222222,1,,,,
arch,depth (deep vs shallow),benchmark,1,600M,0.6,1.7B,14,0.5714285714285714,2,,,,
arch,depth (deep vs shallow),benchmark,1,1B,0.6,1.7B,14,0.5,2,,,,
arch,depth (deep vs shallow),benchmark,1,1.7B,0.6,1.7B,14,0.7142857142857143,2,,,,
arch,depth (deep vs shallow),benchmark,1,175M,0.7,1.7B,9,0.6666666666666666,1,,,,
arch,depth (deep vs shallow),benchmark,1,350M,0.7,1.7B,9,0.7777777777777778,1,,,,
arch,depth (deep vs shallow),benchmark,1,600M,0.7,1.7B,14,0.5714285714285714,2,,,,
arch,depth (deep vs shallow),benchmark,1,1B,0.7,1.7B,14,0.7142857142857143,2,,,,
arch,depth (deep vs shallow),benchmark,1,1.7B,0.7,1.7B,14,0.6428571428571429,2,,,,
arch,depth (deep vs shallow),benchmark,1,175M,0.8,1.7B,9,0.4444444444444444,1,,,,
arch,depth (deep vs shallow),benchmark,1,350M,0.8,1.7B,9,0.4444444444444444,1,,,,
arch,depth (deep vs shallow),benchmark,1,600M,0.8,1.7B,14,0.5,2,,,,
arch,depth (deep vs shallow),benchmark,1,1B,0.8,1.7B,14,0.5714285714285714,2,,,,
arch,depth (deep vs shallow),benchmark,1,1.7B,0.8,1.7B,14,0.5714285714285714,2,,,,
arch,depth (deep vs shallow),benchmark,1,175M,0.9,1.7B,9,0.6666666666666666,1,,,,
arch,depth (deep vs shallow),benchmark,1,350M,0.9,1.7B,9,0.6666666666666666,1,,,,
arch,depth (deep vs shallow),benchmark,1,600M,0.9,1.7B,14,0.5,2,,,,
arch,depth (deep vs shallow),benchmark,1,1B,0.9,1.7B,14,0.5714285714285714,2,,,,
arch,depth (deep vs shallow),benchmark,1,1.7B,0.9,1.7B,14,0.6428571428571429,2,,,,
arch,depth (deep vs shallow),benchmark,1,175M,1.0,1.7B,9,0.5555555555555556,1,,0.0077062222222222,0.0164683333333333,deep
arch,depth (deep vs shallow),benchmark,1,350M,1.0,1.7B,9,0.5555555555555556,1,,0.0099267777777777,0.0164683333333333,deep
arch,depth (deep vs shallow),benchmark,1,600M,1.0,1.7B,14,0.5,2,,0.0163663571428571,0.0148670714285714,deep
arch,depth (deep vs shallow),benchmark,1,1B,1.0,1.7B,14,0.7142857142857143,2,,0.0112180714285714,0.0148670714285714,deep
arch,depth (deep vs shallow),bpb_macro,1,175M,0.1,1.7B,1,1.0,0,,,,
arch,depth (deep vs shallow),bpb_macro,1,350M,0.1,1.7B,1,0.0,0,,,,
arch,depth (deep vs shallow),bpb_macro,1,600M,0.1,1.7B,1,0.0,0,,,,
arch,depth (deep vs shallow),bpb_macro,1,1B,0.1,1.7B,1,1.0,0,,,,
arch,depth (deep vs shallow),bpb_macro,1,1.7B,0.1,1.7B,1,1.0,0,,,,
arch,depth (deep vs shallow),bpb_macro,1,175M,0.2,1.7B,1,0.0,0,,,,
arch,depth (deep vs shallow),bpb_macro,1,350M,0.2,1.7B,1,1.0,0,,,,
arch,depth (deep vs shallow),bpb_macro,1,600M,0.2,1.7B,1,0.0,0,,,,
arch,depth (deep vs shallow),bpb_macro,1,1B,0.2,1.7B,1,0.0,0,,,,
arch,depth (deep vs shallow),bpb_macro,1,1.7B,0.2,1.7B,1,0.0,0,,,,
arch,depth (deep vs shallow),bpb_macro,1,175M,0.3,1.7B,1,0.0,0,,,,
arch,depth (deep vs shallow),bpb_macro,1,350M,0.3,1.7B,1,0.0,0,,,,
arch,depth (deep vs shallow),bpb_macro,1,600M,0.3,1.7B,1,1.0,0,,,,
arch,depth (deep vs shallow),bpb_macro,1,1B,0.3,1.7B,1,0.0,0,,,,
arch,depth (deep vs shallow),bpb_macro,1,1.7B,0.3,1.7B,1,0.0,0,,,,
arch,depth (deep vs shallow),bpb_macro,1,175M,0.4,1.7B,1,0.0,0,,,,
arch,depth (deep vs shallow),bpb_macro,1,350M,0.4,1.7B,1,0.0,0,,,,
arch,depth (deep vs shallow),bpb_macro,1,600M,0.4,1.7B,1,1.0,0,,,,
arch,depth (deep vs shallow),bpb_macro,1,1B,0.4,1.7B,1,1.0,0,,,,
arch,depth (deep vs shallow),bpb_macro,1,1.7B,0.4,1.7B,1,0.0,0,,,,
arch,depth (deep vs shallow),bpb_macro,1,175M,0.5,1.7B,1,0.0,0,,,,
arch,depth (deep vs shallow),bpb_macro,1,350M,0.5,1.7B,1,0.0,0,,,,
arch,depth (deep vs shallow),bpb_macro,1,600M,0.5,1.7B,1,1.0,0,,,,
arch,depth (deep vs shallow),bpb_macro,1,1B,0.5,1.7B,1,0.0,0,,,,
arch,depth (deep vs shallow),bpb_macro,1,1.7B,0.5,1.7B,1,1.0,0,,,,
arch,depth (deep vs shallow),bpb_macro,1,175M,0.6,1.7B,1,1.0,0,,,,
arch,depth (deep vs shallow),bpb_macro,1,350M,0.6,1.7B,1,0.0,0,,,,
arch,depth (deep vs shallow),bpb_macro,1,600M,0.6,1.7B,1,1.0,0,,,,
arch,depth (deep vs shallow),bpb_macro,1,1B,0.6,1.7B,1,0.0,0,,,,
arch,depth (deep vs shallow),bpb_macro,1,1.7B,0.6,1.7B,1,1.0,0,,,,
arch,depth (deep vs shallow),bpb_macro,1,175M,0.7,1.7B,1,0.0,0,,,,
arch,depth (deep vs shallow),bpb_macro,1,350M,0.7,1.7B,1,0.0,0,,,,
arch,depth (deep vs shallow),bpb_macro,1,600M,0.7,1.7B,1,1.0,0,,,,
arch,depth (deep vs shallow),bpb_macro,1,1B,0.7,1.7B,1,0.0,0,,,,
arch,depth (deep vs shallow),bpb_macro,1,1.7B,0.7,1.7B,1,1.0,0,,,,
arch,depth (deep vs shallow),bpb_macro,1,175M,0.8,1.7B,1,1.0,0,,,,
arch,depth (deep vs shallow),bpb_macro,1,350M,0.8,1.7B,1,0.0,0,,,,
arch,depth (deep vs shallow),bpb_macro,1,600M,0.8,1.7B,1,1.0,0,,,,
arch,depth (deep vs shallow),bpb_macro,1,1B,0.8,1.7B,1,0.0,0,,,,
arch,depth (deep vs shallow),bpb_macro,1,1.7B,0.8,1.7B,1,1.0,0,,,,
arch,depth (deep vs shallow),bpb_macro,1,175M,0.9,1.7B,1,1.0,0,,,,
arch,depth (deep vs shallow),bpb_macro,1,350M,0.9,1.7B,1,0.0,0,,,,
arch,depth (deep vs shallow),bpb_macro,1,600M,0.9,1.7B,1,1.0,0,,,,
arch,depth (deep vs shallow),bpb_macro,1,1B,0.9,1.7B,1,1.0,0,,,,
arch,depth (deep vs shallow),bpb_macro,1,1.7B,0.9,1.7B,1,1.0,0,,,,
arch,depth (deep vs shallow),bpb_macro,1,175M,1.0,1.7B,1,1.0,0,,0.0361899999999999,0.0100310000000001,deep
arch,depth (deep vs shallow),bpb_macro,1,350M,1.0,1.7B,1,0.0,0,,0.0104549999999998,0.0100310000000001,deep
arch,depth (deep vs shallow),bpb_macro,1,600M,1.0,1.7B,1,1.0,0,,0.0422500000000001,0.0100310000000001,deep
arch,depth (deep vs shallow),bpb_macro,1,1B,1.0,1.7B,1,0.0,0,,0.0072379999999998,0.0100310000000001,deep
arch,depth (deep vs shallow),loss,1,175M,0.1,1.7B,1,1.0,0,,,,
arch,depth (deep vs shallow),loss,1,350M,0.1,1.7B,1,0.0,0,,,,
arch,depth (deep vs shallow),loss,1,600M,0.1,1.7B,1,1.0,0,,,,
arch,depth (deep vs shallow),loss,1,1B,0.1,1.7B,1,1.0,0,,,,
arch,depth (deep vs shallow),loss,1,1.7B,0.1,1.7B,1,1.0,0,,,,
arch,depth (deep vs shallow),loss,1,175M,0.2,1.7B,1,0.0,0,,,,
arch,depth (deep vs shallow),loss,1,350M,0.2,1.7B,1,0.0,0,,,,
arch,depth (deep vs shallow),loss,1,600M,0.2,1.7B,1,1.0,0,,,,
arch,depth (deep vs shallow),loss,1,1B,0.2,1.7B,1,0.0,0,,,,
arch,depth (deep vs shallow),loss,1,1.7B,0.2,1.7B,1,0.0,0,,,,
arch,depth (deep vs shallow),loss,1,175M,0.3,1.7B,1,0.0,0,,,,
arch,depth (deep vs shallow),loss,1,350M,0.3,1.7B,1,1.0,0,,,,
arch,depth (deep vs shallow),loss,1,600M,0.3,1.7B,1,1.0,0,,,,
arch,depth (deep vs shallow),loss,1,1B,0.3,1.7B,1,1.0,0,,,,
arch,depth (deep vs shallow),loss,1,1.7B,0.3,1.7B,1,1.0,0,,,,
arch,depth (deep vs shallow),loss,1,175M,0.4,1.7B,1,0.0,0,,,,
arch,depth (deep vs shallow),loss,1,350M,0.4,1.7B,1,1.0,0,,,,
arch,depth (deep vs shallow),loss,1,600M,0.4,1.7B,1,1.0,0,,,,
arch,depth (deep vs shallow),loss,1,1B,0.4,1.7B,1,0.0,0,,,,
arch,depth (deep vs shallow),loss,1,1.7B,0.4,1.7B,1,1.0,0,,,,
arch,depth (deep vs shallow),loss,1,175M,0.5,1.7B,1,0.0,0,,,,
arch,depth (deep vs shallow),loss,1,350M,0.5,1.7B,1,1.0,0,,,,
arch,depth (deep vs shallow),loss,1,600M,0.5,1.7B,1,0.0,0,,,,
arch,depth (deep vs shallow),loss,1,1B,0.5,1.7B,1,0.0,0,,,,
arch,depth (deep vs shallow),loss,1,1.7B,0.5,1.7B,1,1.0,0,,,,
arch,depth (deep vs shallow),loss,1,175M,0.6,1.7B,1,0.0,0,,,,
arch,depth (deep vs shallow),loss,1,350M,0.6,1.7B,1,1.0,0,,,,
arch,depth (deep vs shallow),loss,1,600M,0.6,1.7B,1,1.0,0,,,,
arch,depth (deep vs shallow),loss,1,1B,0.6,1.7B,1,1.0,0,,,,
arch,depth (deep vs shallow),loss,1,1.7B,0.6,1.7B,1,0.0,0,,,,
arch,depth (deep vs shallow),loss,1,175M,0.7,1.7B,1,0.0,0,,,,
arch,depth (deep vs shallow),loss,1,350M,0.7,1.7B,1,1.0,0,,,,
arch,depth (deep vs shallow),loss,1,600M,0.7,1.7B,1,1.0,0,,,,
arch,depth (deep vs shallow),loss,1,1B,0.7,1.7B,1,1.0,0,,,,
arch,depth (deep vs shallow),loss,1,1.7B,0.7,1.7B,1,1.0,0,,,,
arch,depth (deep vs shallow),loss,1,175M,0.8,1.7B,1,1.0,0,,,,
arch,depth (deep vs shallow),loss,1,350M,0.8,1.7B,1,0.0,0,,,,
arch,depth (deep vs shallow),loss,1,600M,0.8,1.7B,1,1.0,0,,,,
arch,depth (deep vs shallow),loss,1,1B,0.8,1.7B,1,1.0,0,,,,
arch,depth (deep vs shallow),loss,1,1.7B,0.8,1.7B,1,1.0,0,,,,
arch,depth (deep vs shallow),loss,1,175M,0.9,1.7B,1,1.0,0,,,,
arch,depth (deep vs shallow),loss,1,350M,0.9,1.7B,1,0.0,0,,,,
arch,depth (deep vs shallow),loss,1,600M,0.9,1.7B,1,1.0,0,,,,
arch,depth (deep vs shallow),loss,1,1B,0.9,1.7B,1,1.0,0,,,,
arch,depth (deep vs shallow),loss,1,1.7B,0.9,1.7B,1,1.0,0,,,,
arch,depth (deep vs shallow),loss,1,175M,1.0,1.7B,1,1.0,0,,0.0220000000000002,0.0097999999999998,deep
arch,depth (deep vs shallow),loss,1,350M,1.0,1.7B,1,1.0,0,,0.0249000000000001,0.0097999999999998,deep
arch,depth (deep vs shallow),loss,1,600M,1.0,1.7B,1,0.0,0,,0.0081999999999999,0.0097999999999998,deep
arch,depth (deep vs shallow),loss,1,1B,1.0,1.7B,1,1.0,0,,0.0142999999999999,0.0097999999999998,deep
arch,depth (deep vs shallow),benchmark,2,175M,0.1,1.7B,18,0.5555555555555556,3,0.6666666666666666,,,
arch,depth (deep vs shallow),benchmark,2,350M,0.1,1.7B,29,0.4137931034482758,5,0.2,,,
arch,depth (deep vs shallow),benchmark,2,600M,0.1,1.7B,29,0.3448275862068966,5,0.4,,,
arch,depth (deep vs shallow),benchmark,2,1B,0.1,1.7B,29,0.2758620689655172,5,0.2,,,
arch,depth (deep vs shallow),benchmark,2,1.7B,0.1,1.7B,29,0.1724137931034483,5,0.0,,,
arch,depth (deep vs shallow),benchmark,2,175M,0.2,1.7B,18,0.3333333333333333,3,0.3333333333333333,,,
arch,depth (deep vs shallow),benchmark,2,350M,0.2,1.7B,29,0.4482758620689655,5,0.2,,,
arch,depth (deep vs shallow),benchmark,2,600M,0.2,1.7B,29,0.4827586206896552,5,1.0,,,
arch,depth (deep vs shallow),benchmark,2,1B,0.2,1.7B,29,0.4482758620689655,5,0.0,,,
arch,depth (deep vs shallow),benchmark,2,1.7B,0.2,1.7B,29,0.3448275862068966,5,0.4,,,
arch,depth (deep vs shallow),benchmark,2,175M,0.3,1.7B,18,0.6666666666666666,3,1.0,,,
arch,depth (deep vs shallow),benchmark,2,350M,0.3,1.7B,29,0.3793103448275862,5,0.2,,,
arch,depth (deep vs shallow),benchmark,2,600M,0.3,1.7B,29,0.2758620689655172,5,0.6,,,
arch,depth (deep vs shallow),benchmark,2,1B,0.3,1.7B,29,0.5172413793103449,5,0.6,,,
arch,depth (deep vs shallow),benchmark,2,1.7B,0.3,1.7B,29,0.4137931034482758,5,0.8,,,
arch,depth (deep vs shallow),benchmark,2,175M,0.4,1.7B,18,0.4444444444444444,3,0.6666666666666666,,,
arch,depth (deep vs shallow),benchmark,2,350M,0.4,1.7B,29,0.3793103448275862,5,0.6,,,
arch,depth (deep vs shallow),benchmark,2,600M,0.4,1.7B,29,0.3793103448275862,5,1.0,,,
arch,depth (deep vs shallow),benchmark,2,1B,0.4,1.7B,29,0.3448275862068966,5,0.6,,,
arch,depth (deep vs shallow),benchmark,2,1.7B,0.4,1.7B,29,0.4482758620689655,5,0.4,,,
arch,depth (deep vs shallow),benchmark,2,175M,0.5,1.7B,18,0.5,3,0.6666666666666666,,,
arch,depth (deep vs shallow),benchmark,2,350M,0.5,1.7B,29,0.4482758620689655,5,0.0,,,
arch,depth (deep vs shallow),benchmark,2,600M,0.5,1.7B,29,0.3793103448275862,5,0.4,,,
arch,depth (deep vs shallow),benchmark,2,1B,0.5,1.7B,29,0.2413793103448276,5,0.4,,,
arch,depth (deep vs shallow),benchmark,2,1.7B,0.5,1.7B,29,0.4827586206896552,5,0.6,,,
arch,depth (deep vs shallow),benchmark,2,175M,0.6,1.7B,18,0.3888888888888889,3,0.3333333333333333,,,
arch,depth (deep vs shallow),benchmark,2,350M,0.6,1.7B,29,0.3793103448275862,5,0.4,,,
arch,depth (deep vs shallow),benchmark,2,600M,0.6,1.7B,29,0.4827586206896552,5,0.6,,,
arch,depth (deep vs shallow),benchmark,2,1B,0.6,1.7B,29,0.4827586206896552,5,0.4,,,
arch,depth (deep vs shallow),benchmark,2,1.7B,0.6,1.7B,29,0.4137931034482758,5,0.2,,,
arch,depth (deep vs shallow),benchmark,2,175M,0.7,1.7B,18,0.4444444444444444,3,0.3333333333333333,,,
arch,depth (deep vs shallow),benchmark,2,350M,0.7,1.7B,29,0.4482758620689655,5,0.4,,,
arch,depth (deep vs shallow),benchmark,2,600M,0.7,1.7B,29,0.4827586206896552,5,0.6,,,
arch,depth (deep vs shallow),benchmark,2,1B,0.7,1.7B,29,0.4482758620689655,5,0.6,,,
arch,depth (deep vs shallow),benchmark,2,1.7B,0.7,1.7B,29,0.6896551724137931,5,1.0,,,
arch,depth (deep vs shallow),benchmark,2,175M,0.8,1.7B,18,0.5555555555555556,3,0.6666666666666666,,,
arch,depth (deep vs shallow),benchmark,2,350M,0.8,1.7B,29,0.3448275862068966,5,0.4,,,
arch,depth (deep vs shallow),benchmark,2,600M,0.8,1.7B,29,0.4482758620689655,5,0.8,,,
arch,depth (deep vs shallow),benchmark,2,1B,0.8,1.7B,29,0.6206896551724138,5,0.8,,,
arch,depth (deep vs shallow),benchmark,2,1.7B,0.8,1.7B,29,0.4137931034482758,5,0.4,,,
arch,depth (deep vs shallow),benchmark,2,175M,0.9,1.7B,18,0.5,3,0.6666666666666666,,,
arch,depth (deep vs shallow),benchmark,2,350M,0.9,1.7B,29,0.4137931034482758,5,0.4,,,
arch,depth (deep vs shallow),benchmark,2,600M,0.9,1.7B,29,0.5172413793103449,5,0.6,,,
arch,depth (deep vs shallow),benchmark,2,1B,0.9,1.7B,29,0.4482758620689655,5,0.4,,,
arch,depth (deep vs shallow),benchmark,2,1.7B,0.9,1.7B,29,0.8620689655172413,5,1.0,,,
arch,depth (deep vs shallow),benchmark,2,175M,1.0,1.7B,18,0.4444444444444444,3,0.6666666666666666,0.0134052777777777,0.0144796666666666,deep
arch,depth (deep vs shallow),benchmark,2,350M,1.0,1.7B,29,0.4827586206896552,5,0.4,0.0156907586206896,0.0143660344827586,deep
arch,depth (deep vs shallow),benchmark,2,600M,1.0,1.7B,29,0.3103448275862069,5,0.4,0.0106545517241379,0.0143660344827586,deep
arch,depth (deep vs shallow),benchmark,2,1B,1.0,1.7B,29,0.3793103448275862,5,0.2,0.010909,0.0143660344827586,deep
arch,depth (deep vs shallow),bpb_macro,2,175M,0.1,1.7B,1,0.0,0,,,,
arch,depth (deep vs shallow),bpb_macro,2,350M,0.1,1.7B,1,1.0,0,,,,
arch,depth (deep vs shallow),bpb_macro,2,600M,0.1,1.7B,1,1.0,0,,,,
arch,depth (deep vs shallow),bpb_macro,2,1B,0.1,1.7B,1,0.0,0,,,,
arch,depth (deep vs shallow),bpb_macro,2,1.7B,0.1,1.7B,1,0.0,0,,,,
arch,depth (deep vs shallow),bpb_macro,2,175M,0.2,1.7B,1,1.0,0,,,,
arch,depth (deep vs shallow),bpb_macro,2,350M,0.2,1.7B,1,1.0,0,,,,
arch,depth (deep vs shallow),bpb_macro,2,600M,0.2,1.7B,1,0.0,0,,,,
arch,depth (deep vs shallow),bpb_macro,2,1B,0.2,1.7B,1,1.0,0,,,,
arch,depth (deep vs shallow),bpb_macro,2,1.7B,0.2,1.7B,1,0.0,0,,,,
arch,depth (deep vs shallow),bpb_macro,2,175M,0.3,1.7B,1,0.0,0,,,,
arch,depth (deep vs shallow),bpb_macro,2,350M,0.3,1.7B,1,1.0,0,,,,
arch,depth (deep vs shallow),bpb_macro,2,600M,0.3,1.7B,1,0.0,0,,,,
arch,depth (deep vs shallow),bpb_macro,2,1B,0.3,1.7B,1,1.0,0,,,,
arch,depth (deep vs shallow),bpb_macro,2,1.7B,0.3,1.7B,1,1.0,0,,,,
arch,depth (deep vs shallow),bpb_macro,2,175M,0.4,1.7B,1,0.0,0,,,,
arch,depth (deep vs shallow),bpb_macro,2,350M,0.4,1.7B,1,0.0,0,,,,
arch,depth (deep vs shallow),bpb_macro,2,600M,0.4,1.7B,1,1.0,0,,,,
arch,depth (deep vs shallow),bpb_macro,2,1B,0.4,1.7B,1,1.0,0,,,,
arch,depth (deep vs shallow),bpb_macro,2,1.7B,0.4,1.7B,1,1.0,0,,,,
arch,depth (deep vs shallow),bpb_macro,2,175M,0.5,1.7B,1,0.0,0,,,,
arch,depth (deep vs shallow),bpb_macro,2,350M,0.5,1.7B,1,1.0,0,,,,
arch,depth (deep vs shallow),bpb_macro,2,600M,0.5,1.7B,1,1.0,0,,,,
arch,depth (deep vs shallow),bpb_macro,2,1B,0.5,1.7B,1,1.0,0,,,,
arch,depth (deep vs shallow),bpb_macro,2,1.7B,0.5,1.7B,1,1.0,0,,,,
arch,depth (deep vs shallow),bpb_macro,2,175M,0.6,1.7B,1,0.0,0,,,,
arch,depth (deep vs shallow),bpb_macro,2,350M,0.6,1.7B,1,1.0,0,,,,
arch,depth (deep vs shallow),bpb_macro,2,600M,0.6,1.7B,1,1.0,0,,,,
arch,depth (deep vs shallow),bpb_macro,2,1B,0.6,1.7B,1,1.0,0,,,,
arch,depth (deep vs shallow),bpb_macro,2,1.7B,0.6,1.7B,1,1.0,0,,,,
arch,depth (deep vs shallow),bpb_macro,2,175M,0.7,1.7B,1,0.0,0,,,,
arch,depth (deep vs shallow),bpb_macro,2,350M,0.7,1.7B,1,1.0,0,,,,
arch,depth (deep vs shallow),bpb_macro,2,600M,0.7,1.7B,1,1.0,0,,,,
arch,depth (deep vs shallow),bpb_macro,2,1B,0.7,1.7B,1,0.0,0,,,,
arch,depth (deep vs shallow),bpb_macro,2,1.7B,0.7,1.7B,1,1.0,0,,,,
arch,depth (deep vs shallow),bpb_macro,2,175M,0.8,1.7B,1,0.0,0,,,,
arch,depth (deep vs shallow),bpb_macro,2,350M,0.8,1.7B,1,1.0,0,,,,
arch,depth (deep vs shallow),bpb_macro,2,600M,0.8,1.7B,1,1.0,0,,,,
arch,depth (deep vs shallow),bpb_macro,2,1B,0.8,1.7B,1,0.0,0,,,,
arch,depth (deep vs shallow),bpb_macro,2,1.7B,0.8,1.7B,1,1.0,0,,,,
arch,depth (deep vs shallow),bpb_macro,2,175M,0.9,1.7B,1,0.0,0,,,,
arch,depth (deep vs shallow),bpb_macro,2,350M,0.9,1.7B,1,1.0,0,,,,
arch,depth (deep vs shallow),bpb_macro,2,600M,0.9,1.7B,1,1.0,0,,,,
arch,depth (deep vs shallow),bpb_macro,2,1B,0.9,1.7B,1,0.0,0,,,,
arch,depth (deep vs shallow),bpb_macro,2,1.7B,0.9,1.7B,1,1.0,0,,,,
arch,depth (deep vs shallow),bpb_macro,2,175M,1.0,1.7B,1,0.0,0,,0.0840609999999997,0.0114069999999999,shallow
arch,depth (deep vs shallow),bpb_macro,2,350M,1.0,1.7B,1,1.0,0,,0.008941,0.0114069999999999,shallow
arch,depth (deep vs shallow),bpb_macro,2,600M,1.0,1.7B,1,1.0,0,,0.0186009999999998,0.0114069999999999,shallow
arch,depth (deep vs shallow),bpb_macro,2,1B,1.0,1.7B,1,1.0,0,,0.0013800000000001,0.0114069999999999,shallow
arch,depth (deep vs shallow),loss,2,175M,0.1,1.7B,1,1.0,0,,,,
arch,depth (deep vs shallow),loss,2,350M,0.1,1.7B,1,0.0,0,,,,
arch,depth (deep vs shallow),loss,2,600M,0.1,1.7B,1,0.0,0,,,,
arch,depth (deep vs shallow),loss,2,1B,0.1,1.7B,1,1.0,0,,,,
arch,depth (deep vs shallow),loss,2,1.7B,0.1,1.7B,1,1.0,0,,,,
arch,depth (deep vs shallow),loss,2,175M,0.2,1.7B,1,0.0,0,,,,
arch,depth (deep vs shallow),loss,2,350M,0.2,1.7B,1,0.0,0,,,,
arch,depth (deep vs shallow),loss,2,600M,0.2,1.7B,1,0.0,0,,,,
arch,depth (deep vs shallow),loss,2,1B,0.2,1.7B,1,1.0,0,,,,
arch,depth (deep vs shallow),loss,2,1.7B,0.2,1.7B,1,1.0,0,,,,
arch,depth (deep vs shallow),loss,2,175M,0.3,1.7B,1,1.0,0,,,,
arch,depth (deep vs shallow),loss,2,350M,0.3,1.7B,1,0.0,0,,,,
arch,depth (deep vs shallow),loss,2,600M,0.3,1.7B,1,0.0,0,,,,
arch,depth (deep vs shallow),loss,2,1B,0.3,1.7B,1,1.0,0,,,,
arch,depth (deep vs shallow),loss,2,1.7B,0.3,1.7B,1,1.0,0,,,,
arch,depth (deep vs shallow),loss,2,175M,0.4,1.7B,1,1.0,0,,,,
arch,depth (deep vs shallow),loss,2,350M,0.4,1.7B,1,0.0,0,,,,
arch,depth (deep vs shallow),loss,2,600M,0.4,1.7B,1,0.0,0,,,,
arch,depth (deep vs shallow),loss,2,1B,0.4,1.7B,1,1.0,0,,,,
arch,depth (deep vs shallow),loss,2,1.7B,0.4,1.7B,1,1.0,0,,,,
arch,depth (deep vs shallow),loss,2,175M,0.5,1.7B,1,1.0,0,,,,
arch,depth (deep vs shallow),loss,2,350M,0.5,1.7B,1,0.0,0,,,,
arch,depth (deep vs shallow),loss,2,600M,0.5,1.7B,1,0.0,0,,,,
arch,depth (deep vs shallow),loss,2,1B,0.5,1.7B,1,1.0,0,,,,
arch,depth (deep vs shallow),loss,2,1.7B,0.5,1.7B,1,1.0,0,,,,
arch,depth (deep vs shallow),loss,2,175M,0.6,1.7B,1,1.0,0,,,,
arch,depth (deep vs shallow),loss,2,350M,0.6,1.7B,1,0.0,0,,,,
arch,depth (deep vs shallow),loss,2,600M,0.6,1.7B,1,0.0,0,,,,
arch,depth (deep vs shallow),loss,2,1B,0.6,1.7B,1,1.0,0,,,,
arch,depth (deep vs shallow),loss,2,1.7B,0.6,1.7B,1,0.0,0,,,,
arch,depth (deep vs shallow),loss,2,175M,0.7,1.7B,1,1.0,0,,,,
arch,depth (deep vs shallow),loss,2,350M,0.7,1.7B,1,0.0,0,,,,
arch,depth (deep vs shallow),loss,2,600M,0.7,1.7B,1,0.0,0,,,,
arch,depth (deep vs shallow),loss,2,1B,0.7,1.7B,1,0.0,0,,,,
arch,depth (deep vs shallow),loss,2,1.7B,0.7,1.7B,1,1.0,0,,,,
arch,depth (deep vs shallow),loss,2,175M,0.8,1.7B,1,1.0,0,,,,
arch,depth (deep vs shallow),loss,2,350M,0.8,1.7B,1,0.0,0,,,,
arch,depth (deep vs shallow),loss,2,600M,0.8,1.7B,1,0.0,0,,,,
arch,depth (deep vs shallow),loss,2,1B,0.8,1.7B,1,0.0,0,,,,
arch,depth (deep vs shallow),loss,2,1.7B,0.8,1.7B,1,1.0,0,,,,
arch,depth (deep vs shallow),loss,2,175M,0.9,1.7B,1,1.0,0,,,,
arch,depth (deep vs shallow),loss,2,350M,0.9,1.7B,1,0.0,0,,,,
arch,depth (deep vs shallow),loss,2,600M,0.9,1.7B,1,1.0,0,,,,
arch,depth (deep vs shallow),loss,2,1B,0.9,1.7B,1,0.0,0,,,,
arch,depth (deep vs shallow),loss,2,1.7B,0.9,1.7B,1,1.0,0,,,,
arch,depth (deep vs shallow),loss,2,175M,1.0,1.7B,1,1.0,0,,0.1672000000000002,0.0064999999999999,deep
arch,depth (deep vs shallow),loss,2,350M,1.0,1.7B,1,0.0,0,,0.0059999999999997,0.0064999999999999,deep
arch,depth (deep vs shallow),loss,2,600M,1.0,1.7B,1,0.0,0,,0.0083999999999999,0.0064999999999999,deep
arch,depth (deep vs shallow),loss,2,1B,1.0,1.7B,1,0.0,0,,0.0295999999999998,0.0064999999999999,deep
arch,depth (deep vs shallow),bpb_trained,8,175M,0.1,1.7B,8,1.0,0,,,,
arch,depth (deep vs shallow),bpb_trained,8,350M,0.1,1.7B,8,0.0,0,,,,
arch,depth (deep vs shallow),bpb_trained,8,600M,0.1,1.7B,8,0.75,0,,,,
arch,depth (deep vs shallow),bpb_trained,8,1B,0.1,1.7B,8,0.0,0,,,,
arch,depth (deep vs shallow),bpb_trained,8,1.7B,0.1,1.7B,8,0.5,0,,,,
arch,depth (deep vs shallow),bpb_trained,8,175M,0.2,1.7B,8,0.0,0,,,,
arch,depth (deep vs shallow),bpb_trained,8,350M,0.2,1.7B,8,0.0,0,,,,
arch,depth (deep vs shallow),bpb_trained,8,600M,0.2,1.7B,8,0.0,0,,,,
arch,depth (deep vs shallow),bpb_trained,8,1B,0.2,1.7B,8,0.125,0,,,,
arch,depth (deep vs shallow),bpb_trained,8,1.7B,0.2,1.7B,8,1.0,0,,,,
arch,depth (deep vs shallow),bpb_trained,8,175M,0.3,1.7B,8,1.0,0,,,,
arch,depth (deep vs shallow),bpb_trained,8,350M,0.3,1.7B,8,0.0,0,,,,
arch,depth (deep vs shallow),bpb_trained,8,600M,0.3,1.7B,8,0.0,0,,,,
arch,depth (deep vs shallow),bpb_trained,8,1B,0.3,1.7B,8,0.5,0,,,,
arch,depth (deep vs shallow),bpb_trained,8,1.7B,0.3,1.7B,8,1.0,0,,,,
arch,depth (deep vs shallow),bpb_trained,8,175M,0.4,1.7B,8,1.0,0,,,,
arch,depth (deep vs shallow),bpb_trained,8,350M,0.4,1.7B,8,0.0,0,,,,
arch,depth (deep vs shallow),bpb_trained,8,600M,0.4,1.7B,8,0.0,0,,,,
arch,depth (deep vs shallow),bpb_trained,8,1B,0.4,1.7B,8,1.0,0,,,,
arch,depth (deep vs shallow),bpb_trained,8,1.7B,0.4,1.7B,8,1.0,0,,,,
arch,depth (deep vs shallow),bpb_trained,8,175M,0.5,1.7B,8,1.0,0,,,,
arch,depth (deep vs shallow),bpb_trained,8,350M,0.5,1.7B,8,0.0,0,,,,
arch,depth (deep vs shallow),bpb_trained,8,600M,0.5,1.7B,8,0.0,0,,,,
arch,depth (deep vs shallow),bpb_trained,8,1B,0.5,1.7B,8,1.0,0,,,,
arch,depth (deep vs shallow),bpb_trained,8,1.7B,0.5,1.7B,8,1.0,0,,,,
arch,depth (deep vs shallow),bpb_trained,8,175M,0.6,1.7B,8,1.0,0,,,,
arch,depth (deep vs shallow),bpb_trained,8,350M,0.6,1.7B,8,0.125,0,,,,
arch,depth (deep vs shallow),bpb_trained,8,600M,0.6,1.7B,8,0.0,0,,,,
arch,depth (deep vs shallow),bpb_trained,8,1B,0.6,1.7B,8,1.0,0,,,,
arch,depth (deep vs shallow),bpb_trained,8,1.7B,0.6,1.7B,8,1.0,0,,,,
arch,depth (deep vs shallow),bpb_trained,8,175M,0.7,1.7B,8,0.0,0,,,,
arch,depth (deep vs shallow),bpb_trained,8,350M,0.7,1.7B,8,0.0,0,,,,
arch,depth (deep vs shallow),bpb_trained,8,600M,0.7,1.7B,8,0.0,0,,,,
arch,depth (deep vs shallow),bpb_trained,8,1B,0.7,1.7B,8,1.0,0,,,,
arch,depth (deep vs shallow),bpb_trained,8,1.7B,0.7,1.7B,8,1.0,0,,,,
arch,depth (deep vs shallow),bpb_trained,8,175M,0.8,1.7B,8,1.0,0,,,,
arch,depth (deep vs shallow),bpb_trained,8,350M,0.8,1.7B,8,0.0,0,,,,
arch,depth (deep vs shallow),bpb_trained,8,600M,0.8,1.7B,8,0.0,0,,,,
arch,depth (deep vs shallow),bpb_trained,8,1B,0.8,1.7B,8,1.0,0,,,,
arch,depth (deep vs shallow),bpb_trained,8,1.7B,0.8,1.7B,8,1.0,0,,,,
arch,depth (deep vs shallow),bpb_trained,8,175M,0.9,1.7B,8,1.0,0,,,,
arch,depth (deep vs shallow),bpb_trained,8,350M,0.9,1.7B,8,0.25,0,,,,
arch,depth (deep vs shallow),bpb_trained,8,600M,0.9,1.7B,8,0.0,0,,,,
arch,depth (deep vs shallow),bpb_trained,8,1B,0.9,1.7B,8,1.0,0,,,,
arch,depth (deep vs shallow),bpb_trained,8,1.7B,0.9,1.7B,8,1.0,0,,,,
arch,depth (deep vs shallow),bpb_trained,8,175M,1.0,1.7B,8,1.0,0,,0.039858875,0.0046117499999999,deep
arch,depth (deep vs shallow),bpb_trained,8,350M,1.0,1.7B,8,0.25,0,,0.0011167499999999,0.0046117499999999,deep
arch,depth (deep vs shallow),bpb_trained,8,600M,1.0,1.7B,8,0.0,0,,0.00140825,0.0046117499999999,deep
arch,depth (deep vs shallow),bpb_trained,8,1B,1.0,1.7B,8,1.0,0,,0.003008,0.0046117499999999,deep
arch,depth (deep vs shallow),benchmark,8,175M,0.1,1.7B,116,0.5086206896551724,13,0.3076923076923077,,,
arch,depth (deep vs shallow),benchmark,8,350M,0.1,1.7B,116,0.3362068965517241,13,0.3076923076923077,,,
arch,depth (deep vs shallow),benchmark,8,600M,0.1,1.7B,116,0.5086206896551724,13,0.5384615384615384,,,
arch,depth (deep vs shallow),benchmark,8,1B,0.1,1.7B,116,0.5775862068965517,13,0.3076923076923077,,,
arch,depth (deep vs shallow),benchmark,8,1.7B,0.1,1.7B,116,0.5344827586206896,13,0.3846153846153846,,,
arch,depth (deep vs shallow),benchmark,8,175M,0.2,1.7B,116,0.5,13,0.3846153846153846,,,
arch,depth (deep vs shallow),benchmark,8,350M,0.2,1.7B,116,0.4482758620689655,13,0.4615384615384615,,,
arch,depth (deep vs shallow),benchmark,8,600M,0.2,1.7B,116,0.4655172413793103,13,0.2307692307692307,,,
arch,depth (deep vs shallow),benchmark,8,1B,0.2,1.7B,116,0.5172413793103449,13,0.6153846153846154,,,
arch,depth (deep vs shallow),benchmark,8,1.7B,0.2,1.7B,116,0.4913793103448275,13,0.4615384615384615,,,
arch,depth (deep vs shallow),benchmark,8,175M,0.3,1.7B,116,0.3448275862068966,13,0.1538461538461538,,,
arch,depth (deep vs shallow),benchmark,8,350M,0.3,1.7B,116,0.5,13,0.6153846153846154,,,
arch,depth (deep vs shallow),benchmark,8,600M,0.3,1.7B,116,0.4568965517241379,13,0.3076923076923077,,,
arch,depth (deep vs shallow),benchmark,8,1B,0.3,1.7B,116,0.5775862068965517,13,0.6923076923076923,,,
arch,depth (deep vs shallow),benchmark,8,1.7B,0.3,1.7B,116,0.5431034482758621,13,0.3076923076923077,,,
arch,depth (deep vs shallow),benchmark,8,175M,0.4,1.7B,116,0.5344827586206896,13,0.4615384615384615,,,
arch,depth (deep vs shallow),benchmark,8,350M,0.4,1.7B,116,0.5948275862068966,13,0.7692307692307693,,,
arch,depth (deep vs shallow),benchmark,8,600M,0.4,1.7B,116,0.5,13,0.5384615384615384,,,
arch,depth (deep vs shallow),benchmark,8,1B,0.4,1.7B,116,0.5344827586206896,13,0.6153846153846154,,,
arch,depth (deep vs shallow),benchmark,8,1.7B,0.4,1.7B,116,0.5689655172413793,13,0.3846153846153846,,,
arch,depth (deep vs shallow),benchmark,8,175M,0.5,1.7B,116,0.5086206896551724,13,0.2307692307692307,,,
arch,depth (deep vs shallow),benchmark,8,350M,0.5,1.7B,116,0.3879310344827586,13,0.3076923076923077,,,
arch,depth (deep vs shallow),benchmark,8,600M,0.5,1.7B,116,0.5,13,0.3076923076923077,,,
arch,depth (deep vs shallow),benchmark,8,1B,0.5,1.7B,116,0.5258620689655172,13,0.4615384615384615,,,
arch,depth (deep vs shallow),benchmark,8,1.7B,0.5,1.7B,116,0.5517241379310345,13,0.6923076923076923,,,
arch,depth (deep vs shallow),benchmark,8,175M,0.6,1.7B,116,0.4568965517241379,13,0.3076923076923077,,,
arch,depth (deep vs shallow),benchmark,8,350M,0.6,1.7B,116,0.5258620689655172,13,0.5384615384615384,,,
arch,depth (deep vs shallow),benchmark,8,600M,0.6,1.7B,116,0.4568965517241379,13,0.3076923076923077,,,
arch,depth (deep vs shallow),benchmark,8,1B,0.6,1.7B,116,0.4568965517241379,13,0.4615384615384615,,,
arch,depth (deep vs shallow),benchmark,8,1.7B,0.6,1.7B,116,0.5172413793103449,13,0.5384615384615384,,,
arch,depth (deep vs shallow),benchmark,8,175M,0.7,1.7B,116,0.5172413793103449,13,0.5384615384615384,,,
arch,depth (deep vs shallow),benchmark,8,350M,0.7,1.7B,116,0.5517241379310345,13,0.5384615384615384,,,
arch,depth (deep vs shallow),benchmark,8,600M,0.7,1.7B,116,0.5172413793103449,13,0.5384615384615384,,,
arch,depth (deep vs shallow),benchmark,8,1B,0.7,1.7B,116,0.4741379310344827,13,0.3846153846153846,,,
arch,depth (deep vs shallow),benchmark,8,1.7B,0.7,1.7B,116,0.5775862068965517,13,0.7692307692307693,,,
arch,depth (deep vs shallow),benchmark,8,175M,0.8,1.7B,116,0.4655172413793103,13,0.2307692307692307,,,
arch,depth (deep vs shallow),benchmark,8,350M,0.8,1.7B,116,0.603448275862069,13,0.6923076923076923,,,
arch,depth (deep vs shallow),benchmark,8,600M,0.8,1.7B,116,0.5603448275862069,13,0.4615384615384615,,,
arch,depth (deep vs shallow),benchmark,8,1B,0.8,1.7B,116,0.5172413793103449,13,0.4615384615384615,,,
arch,depth (deep vs shallow),benchmark,8,1.7B,0.8,1.7B,116,0.5689655172413793,13,0.6153846153846154,,,
arch,depth (deep vs shallow),benchmark,8,175M,0.9,1.7B,116,0.5086206896551724,13,0.1538461538461538,,,
arch,depth (deep vs shallow),benchmark,8,350M,0.9,1.7B,116,0.5431034482758621,13,0.6923076923076923,,,
arch,depth (deep vs shallow),benchmark,8,600M,0.9,1.7B,116,0.5086206896551724,13,0.3846153846153846,,,
arch,depth (deep vs shallow),benchmark,8,1B,0.9,1.7B,116,0.4741379310344827,13,0.3846153846153846,,,
arch,depth (deep vs shallow),benchmark,8,1.7B,0.9,1.7B,116,0.7241379310344828,13,0.7692307692307693,,,
arch,depth (deep vs shallow),benchmark,8,175M,1.0,1.7B,116,0.5689655172413793,13,0.3846153846153846,0.0138359310344827,0.0148577672413793,shallow
arch,depth (deep vs shallow),benchmark,8,350M,1.0,1.7B,116,0.5689655172413793,13,0.6923076923076923,0.0138995086206896,0.0148577672413793,shallow
arch,depth (deep vs shallow),benchmark,8,600M,1.0,1.7B,116,0.4913793103448275,13,0.5384615384615384,0.0139891551724137,0.0148577672413793,shallow
arch,depth (deep vs shallow),benchmark,8,1B,1.0,1.7B,116,0.4482758620689655,13,0.5384615384615384,0.0152657931034482,0.0148577672413793,shallow
arch,depth (deep vs shallow),bpb_macro,8,175M,0.1,1.7B,1,0.0,0,,,,
arch,depth (deep vs shallow),bpb_macro,8,350M,0.1,1.7B,1,1.0,0,,,,
arch,depth (deep vs shallow),bpb_macro,8,600M,0.1,1.7B,1,1.0,0,,,,
arch,depth (deep vs shallow),bpb_macro,8,1B,0.1,1.7B,1,1.0,0,,,,
arch,depth (deep vs shallow),bpb_macro,8,1.7B,0.1,1.7B,1,1.0,0,,,,
arch,depth (deep vs shallow),bpb_macro,8,175M,0.2,1.7B,1,0.0,0,,,,
arch,depth (deep vs shallow),bpb_macro,8,350M,0.2,1.7B,1,1.0,0,,,,
arch,depth (deep vs shallow),bpb_macro,8,600M,0.2,1.7B,1,1.0,0,,,,
arch,depth (deep vs shallow),bpb_macro,8,1B,0.2,1.7B,1,0.0,0,,,,
arch,depth (deep vs shallow),bpb_macro,8,1.7B,0.2,1.7B,1,1.0,0,,,,
arch,depth (deep vs shallow),bpb_macro,8,175M,0.3,1.7B,1,1.0,0,,,,
arch,depth (deep vs shallow),bpb_macro,8,350M,0.3,1.7B,1,1.0,0,,,,
arch,depth (deep vs shallow),bpb_macro,8,600M,0.3,1.7B,1,0.0,0,,,,
arch,depth (deep vs shallow),bpb_macro,8,1B,0.3,1.7B,1,0.0,0,,,,
arch,depth (deep vs shallow),bpb_macro,8,1.7B,0.3,1.7B,1,0.0,0,,,,
arch,depth (deep vs shallow),bpb_macro,8,175M,0.4,1.7B,1,1.0,0,,,,
arch,depth (deep vs shallow),bpb_macro,8,350M,0.4,1.7B,1,1.0,0,,,,
arch,depth (deep vs shallow),bpb_macro,8,600M,0.4,1.7B,1,0.0,0,,,,
arch,depth (deep vs shallow),bpb_macro,8,1B,0.4,1.7B,1,0.0,0,,,,
arch,depth (deep vs shallow),bpb_macro,8,1.7B,0.4,1.7B,1,1.0,0,,,,
arch,depth (deep vs shallow),bpb_macro,8,175M,0.5,1.7B,1,1.0,0,,,,
arch,depth (deep vs shallow),bpb_macro,8,350M,0.5,1.7B,1,1.0,0,,,,
arch,depth (deep vs shallow),bpb_macro,8,600M,0.5,1.7B,1,0.0,0,,,,
arch,depth (deep vs shallow),bpb_macro,8,1B,0.5,1.7B,1,1.0,0,,,,
arch,depth (deep vs shallow),bpb_macro,8,1.7B,0.5,1.7B,1,1.0,0,,,,
arch,depth (deep vs shallow),bpb_macro,8,175M,0.6,1.7B,1,1.0,0,,,,
arch,depth (deep vs shallow),bpb_macro,8,350M,0.6,1.7B,1,1.0,0,,,,
arch,depth (deep vs shallow),bpb_macro,8,600M,0.6,1.7B,1,0.0,0,,,,
arch,depth (deep vs shallow),bpb_macro,8,1B,0.6,1.7B,1,0.0,0,,,,
arch,depth (deep vs shallow),bpb_macro,8,1.7B,0.6,1.7B,1,0.0,0,,,,
arch,depth (deep vs shallow),bpb_macro,8,175M,0.7,1.7B,1,0.0,0,,,,
arch,depth (deep vs shallow),bpb_macro,8,350M,0.7,1.7B,1,1.0,0,,,,
arch,depth (deep vs shallow),bpb_macro,8,600M,0.7,1.7B,1,0.0,0,,,,
arch,depth (deep vs shallow),bpb_macro,8,1B,0.7,1.7B,1,0.0,0,,,,
arch,depth (deep vs shallow),bpb_macro,8,1.7B,0.7,1.7B,1,1.0,0,,,,
arch,depth (deep vs shallow),bpb_macro,8,175M,0.8,1.7B,1,1.0,0,,,,
arch,depth (deep vs shallow),bpb_macro,8,350M,0.8,1.7B,1,1.0,0,,,,
arch,depth (deep vs shallow),bpb_macro,8,600M,0.8,1.7B,1,0.0,0,,,,
arch,depth (deep vs shallow),bpb_macro,8,1B,0.8,1.7B,1,0.0,0,,,,
arch,depth (deep vs shallow),bpb_macro,8,1.7B,0.8,1.7B,1,1.0,0,,,,
arch,depth (deep vs shallow),bpb_macro,8,175M,0.9,1.7B,1,1.0,0,,,,
arch,depth (deep vs shallow),bpb_macro,8,350M,0.9,1.7B,1,1.0,0,,,,
arch,depth (deep vs shallow),bpb_macro,8,600M,0.9,1.7B,1,0.0,0,,,,
arch,depth (deep vs shallow),bpb_macro,8,1B,0.9,1.7B,1,0.0,0,,,,
arch,depth (deep vs shallow),bpb_macro,8,1.7B,0.9,1.7B,1,0.0,0,,,,
arch,depth (deep vs shallow),bpb_macro,8,175M,1.0,1.7B,1,1.0,0,,0.089928,0.0106959999999998,deep
arch,depth (deep vs shallow),bpb_macro,8,350M,1.0,1.7B,1,1.0,0,,0.0093510000000001,0.0106959999999998,deep
arch,depth (deep vs shallow),bpb_macro,8,600M,1.0,1.7B,1,0.0,0,,0.006205,0.0106959999999998,deep
arch,depth (deep vs shallow),bpb_macro,8,1B,1.0,1.7B,1,0.0,0,,0.0304170000000001,0.0106959999999998,deep
arch,depth (deep vs shallow),loss,8,175M,0.1,1.7B,1,1.0,0,,,,
arch,depth (deep vs shallow),loss,8,350M,0.1,1.7B,1,0.0,0,,,,
arch,depth (deep vs shallow),loss,8,600M,0.1,1.7B,1,0.0,0,,,,
arch,depth (deep vs shallow),loss,8,1B,0.1,1.7B,1,1.0,0,,,,
arch,depth (deep vs shallow),loss,8,1.7B,0.1,1.7B,1,1.0,0,,,,
arch,depth (deep vs shallow),loss,8,175M,0.2,1.7B,1,0.0,0,,,,
arch,depth (deep vs shallow),loss,8,350M,0.2,1.7B,1,0.0,0,,,,
arch,depth (deep vs shallow),loss,8,600M,0.2,1.7B,1,1.0,0,,,,
arch,depth (deep vs shallow),loss,8,1B,0.2,1.7B,1,1.0,0,,,,
arch,depth (deep vs shallow),loss,8,1.7B,0.2,1.7B,1,1.0,0,,,,
arch,depth (deep vs shallow),loss,8,175M,0.3,1.7B,1,1.0,0,,,,
arch,depth (deep vs shallow),loss,8,350M,0.3,1.7B,1,0.0,0,,,,
arch,depth (deep vs shallow),loss,8,600M,0.3,1.7B,1,0.0,0,,,,
arch,depth (deep vs shallow),loss,8,1B,0.3,1.7B,1,1.0,0,,,,
arch,depth (deep vs shallow),loss,8,1.7B,0.3,1.7B,1,1.0,0,,,,
arch,depth (deep vs shallow),loss,8,175M,0.4,1.7B,1,1.0,0,,,,
arch,depth (deep vs shallow),loss,8,350M,0.4,1.7B,1,0.0,0,,,,
arch,depth (deep vs shallow),loss,8,600M,0.4,1.7B,1,0.0,0,,,,
arch,depth (deep vs shallow),loss,8,1B,0.4,1.7B,1,1.0,0,,,,
arch,depth (deep vs shallow),loss,8,1.7B,0.4,1.7B,1,0.0,0,,,,
arch,depth (deep vs shallow),loss,8,175M,0.5,1.7B,1,1.0,0,,,,
arch,depth (deep vs shallow),loss,8,350M,0.5,1.7B,1,1.0,0,,,,
arch,depth (deep vs shallow),loss,8,600M,0.5,1.7B,1,1.0,0,,,,
arch,depth (deep vs shallow),loss,8,1B,0.5,1.7B,1,1.0,0,,,,
arch,depth (deep vs shallow),loss,8,1.7B,0.5,1.7B,1,1.0,0,,,,
arch,depth (deep vs shallow),loss,8,175M,0.6,1.7B,1,1.0,0,,,,
arch,depth (deep vs shallow),loss,8,350M,0.6,1.7B,1,1.0,0,,,,
arch,depth (deep vs shallow),loss,8,600M,0.6,1.7B,1,0.0,0,,,,
arch,depth (deep vs shallow),loss,8,1B,0.6,1.7B,1,0.0,0,,,,
arch,depth (deep vs shallow),loss,8,1.7B,0.6,1.7B,1,1.0,0,,,,
arch,depth (deep vs shallow),loss,8,175M,0.7,1.7B,1,0.0,0,,,,
arch,depth (deep vs shallow),loss,8,350M,0.7,1.7B,1,0.0,0,,,,
arch,depth (deep vs shallow),loss,8,600M,0.7,1.7B,1,0.0,0,,,,
arch,depth (deep vs shallow),loss,8,1B,0.7,1.7B,1,0.0,0,,,,
arch,depth (deep vs shallow),loss,8,1.7B,0.7,1.7B,1,1.0,0,,,,
arch,depth (deep vs shallow),loss,8,175M,0.8,1.7B,1,1.0,0,,,,
arch,depth (deep vs shallow),loss,8,350M,0.8,1.7B,1,0.0,0,,,,
arch,depth (deep vs shallow),loss,8,600M,0.8,1.7B,1,0.0,0,,,,
arch,depth (deep vs shallow),loss,8,1B,0.8,1.7B,1,0.0,0,,,,
arch,depth (deep vs shallow),loss,8,1.7B,0.8,1.7B,1,1.0,0,,,,
arch,depth (deep vs shallow),loss,8,175M,0.9,1.7B,1,1.0,0,,,,
arch,depth (deep vs shallow),loss,8,350M,0.9,1.7B,1,1.0,0,,,,
arch,depth (deep vs shallow),loss,8,600M,0.9,1.7B,1,0.0,0,,,,
arch,depth (deep vs shallow),loss,8,1B,0.9,1.7B,1,0.0,0,,,,
arch,depth (deep vs shallow),loss,8,1.7B,0.9,1.7B,1,0.0,0,,,,
arch,depth (deep vs shallow),loss,8,175M,1.0,1.7B,1,1.0,0,,0.1360999999999999,0.0455,deep
arch,depth (deep vs shallow),loss,8,350M,1.0,1.7B,1,1.0,0,,0.0032999999999998,0.0455,deep
arch,depth (deep vs shallow),loss,8,600M,1.0,1.7B,1,1.0,0,,0.0178000000000002,0.0455,deep
arch,depth (deep vs shallow),loss,8,1B,1.0,1.7B,1,0.0,0,,0.0129000000000001,0.0455,deep
arch,depth (deep vs shallow),bpb_trained,15,175M,0.1,1.7B,15,1.0,0,,,,
arch,depth (deep vs shallow),bpb_trained,15,350M,0.1,1.7B,15,0.0,0,,,,
arch,depth (deep vs shallow),bpb_trained,15,600M,0.1,1.7B,15,0.0,0,,,,
arch,depth (deep vs shallow),bpb_trained,15,1B,0.1,1.7B,15,0.6,0,,,,
arch,depth (deep vs shallow),bpb_trained,15,1.7B,0.1,1.7B,15,1.0,0,,,,
arch,depth (deep vs shallow),bpb_trained,15,175M,0.2,1.7B,15,0.0,0,,,,
arch,depth (deep vs shallow),bpb_trained,15,350M,0.2,1.7B,15,0.0,0,,,,
arch,depth (deep vs shallow),bpb_trained,15,600M,0.2,1.7B,15,0.0,0,,,,
arch,depth (deep vs shallow),bpb_trained,15,1B,0.2,1.7B,15,0.2,0,,,,
arch,depth (deep vs shallow),bpb_trained,15,1.7B,0.2,1.7B,15,1.0,0,,,,
arch,depth (deep vs shallow),bpb_trained,15,175M,0.3,1.7B,15,1.0,0,,,,
arch,depth (deep vs shallow),bpb_trained,15,350M,0.3,1.7B,15,0.0,0,,,,
arch,depth (deep vs shallow),bpb_trained,15,600M,0.3,1.7B,15,0.0,0,,,,
arch,depth (deep vs shallow),bpb_trained,15,1B,0.3,1.7B,15,0.5333333333333333,0,,,,
arch,depth (deep vs shallow),bpb_trained,15,1.7B,0.3,1.7B,15,1.0,0,,,,
arch,depth (deep vs shallow),bpb_trained,15,175M,0.4,1.7B,15,1.0,0,,,,
arch,depth (deep vs shallow),bpb_trained,15,350M,0.4,1.7B,15,0.0,0,,,,
arch,depth (deep vs shallow),bpb_trained,15,600M,0.4,1.7B,15,0.0,0,,,,
arch,depth (deep vs shallow),bpb_trained,15,1B,0.4,1.7B,15,0.9333333333333332,0,,,,
arch,depth (deep vs shallow),bpb_trained,15,1.7B,0.4,1.7B,15,1.0,0,,,,
arch,depth (deep vs shallow),bpb_trained,15,175M,0.5,1.7B,15,1.0,0,,,,
arch,depth (deep vs shallow),bpb_trained,15,350M,0.5,1.7B,15,0.0,0,,,,
arch,depth (deep vs shallow),bpb_trained,15,600M,0.5,1.7B,15,0.0,0,,,,
arch,depth (deep vs shallow),bpb_trained,15,1B,0.5,1.7B,15,0.9333333333333332,0,,,,
arch,depth (deep vs shallow),bpb_trained,15,1.7B,0.5,1.7B,15,1.0,0,,,,
arch,depth (deep vs shallow),bpb_trained,15,175M,0.6,1.7B,15,1.0,0,,,,
arch,depth (deep vs shallow),bpb_trained,15,350M,0.6,1.7B,15,0.2,0,,,,
arch,depth (deep vs shallow),bpb_trained,15,600M,0.6,1.7B,15,0.0,0,,,,
arch,depth (deep vs shallow),bpb_trained,15,1B,0.6,1.7B,15,0.7333333333333333,0,,,,
arch,depth (deep vs shallow),bpb_trained,15,1.7B,0.6,1.7B,15,1.0,0,,,,
arch,depth (deep vs shallow),bpb_trained,15,175M,0.7,1.7B,15,1.0,0,,,,
arch,depth (deep vs shallow),bpb_trained,15,350M,0.7,1.7B,15,0.0,0,,,,
arch,depth (deep vs shallow),bpb_trained,15,600M,0.7,1.7B,15,0.0,0,,,,
arch,depth (deep vs shallow),bpb_trained,15,1B,0.7,1.7B,15,0.9333333333333332,0,,,,
arch,depth (deep vs shallow),bpb_trained,15,1.7B,0.7,1.7B,15,1.0,0,,,,
arch,depth (deep vs shallow),bpb_trained,15,175M,0.8,1.7B,15,1.0,0,,,,
arch,depth (deep vs shallow),bpb_trained,15,350M,0.8,1.7B,15,0.0,0,,,,
arch,depth (deep vs shallow),bpb_trained,15,600M,0.8,1.7B,15,0.0,0,,,,
arch,depth (deep vs shallow),bpb_trained,15,1B,0.8,1.7B,15,0.9333333333333332,0,,,,
arch,depth (deep vs shallow),bpb_trained,15,1.7B,0.8,1.7B,15,1.0,0,,,,
arch,depth (deep vs shallow),bpb_trained,15,175M,0.9,1.7B,15,1.0,0,,,,
arch,depth (deep vs shallow),bpb_trained,15,350M,0.9,1.7B,15,0.0,0,,,,
arch,depth (deep vs shallow),bpb_trained,15,600M,0.9,1.7B,15,0.0,0,,,,
arch,depth (deep vs shallow),bpb_trained,15,1B,0.9,1.7B,15,1.0,0,,,,
arch,depth (deep vs shallow),bpb_trained,15,1.7B,0.9,1.7B,15,1.0,0,,,,
arch,depth (deep vs shallow),bpb_trained,15,175M,1.0,1.7B,15,1.0,0,,0.0500711333333333,0.0054621333333333,deep
arch,depth (deep vs shallow),bpb_trained,15,350M,1.0,1.7B,15,0.0,0,,0.0008721333333333,0.0054621333333333,deep
arch,depth (deep vs shallow),bpb_trained,15,600M,1.0,1.7B,15,0.0,0,,0.0077826666666666,0.0054621333333333,deep
arch,depth (deep vs shallow),bpb_trained,15,1B,1.0,1.7B,15,1.0,0,,0.0028642666666666,0.0054621333333333,deep
arch,depth (deep vs shallow),benchmark,15,175M,0.1,1.7B,205,0.4878048780487805,34,0.6176470588235294,,,
arch,depth (deep vs shallow),benchmark,15,350M,0.1,1.7B,205,0.4146341463414634,34,0.2352941176470588,,,
arch,depth (deep vs shallow),benchmark,15,600M,0.1,1.7B,205,0.4536585365853658,34,0.4705882352941176,,,
arch,depth (deep vs shallow),benchmark,15,1B,0.1,1.7B,205,0.4926829268292683,34,0.5588235294117647,,,
arch,depth (deep vs shallow),benchmark,15,1.7B,0.1,1.7B,205,0.5365853658536586,34,0.5588235294117647,,,
arch,depth (deep vs shallow),benchmark,15,175M,0.2,1.7B,205,0.4585365853658537,34,0.3529411764705882,,,
arch,depth (deep vs shallow),benchmark,15,350M,0.2,1.7B,205,0.4926829268292683,34,0.5294117647058824,,,
arch,depth (deep vs shallow),benchmark,15,600M,0.2,1.7B,205,0.4341463414634146,34,0.2941176470588235,,,
arch,depth (deep vs shallow),benchmark,15,1B,0.2,1.7B,205,0.4341463414634146,34,0.5294117647058824,,,
arch,depth (deep vs shallow),benchmark,15,1.7B,0.2,1.7B,205,0.4878048780487805,34,0.6470588235294118,,,
arch,depth (deep vs shallow),benchmark,15,175M,0.3,1.7B,205,0.5365853658536586,34,0.5588235294117647,,,
arch,depth (deep vs shallow),benchmark,15,350M,0.3,1.7B,205,0.473170731707317,34,0.5,,,
arch,depth (deep vs shallow),benchmark,15,600M,0.3,1.7B,205,0.3902439024390244,34,0.4411764705882353,,,
arch,depth (deep vs shallow),benchmark,15,1B,0.3,1.7B,205,0.4780487804878048,34,0.5,,,
arch,depth (deep vs shallow),benchmark,15,1.7B,0.3,1.7B,205,0.5853658536585366,34,0.6764705882352942,,,
arch,depth (deep vs shallow),benchmark,15,175M,0.4,1.7B,205,0.5073170731707317,34,0.5294117647058824,,,
arch,depth (deep vs shallow),benchmark,15,350M,0.4,1.7B,205,0.4634146341463415,34,0.4705882352941176,,,
arch,depth (deep vs shallow),benchmark,15,600M,0.4,1.7B,205,0.4341463414634146,34,0.4411764705882353,,,
arch,depth (deep vs shallow),benchmark,15,1B,0.4,1.7B,205,0.5463414634146342,34,0.6470588235294118,,,
arch,depth (deep vs shallow),benchmark,15,1.7B,0.4,1.7B,205,0.5951219512195122,34,0.7352941176470589,,,
arch,depth (deep vs shallow),benchmark,15,175M,0.5,1.7B,205,0.5219512195121951,34,0.5882352941176471,,,
arch,depth (deep vs shallow),benchmark,15,350M,0.5,1.7B,205,0.473170731707317,34,0.5294117647058824,,,
arch,depth (deep vs shallow),benchmark,15,600M,0.5,1.7B,205,0.4536585365853658,34,0.5,,,
arch,depth (deep vs shallow),benchmark,15,1B,0.5,1.7B,205,0.473170731707317,34,0.5294117647058824,,,
arch,depth (deep vs shallow),benchmark,15,1.7B,0.5,1.7B,205,0.5804878048780487,34,0.6764705882352942,,,
arch,depth (deep vs shallow),benchmark,15,175M,0.6,1.7B,205,0.5365853658536586,34,0.6764705882352942,,,
arch,depth (deep vs shallow),benchmark,15,350M,0.6,1.7B,205,0.4341463414634146,34,0.5588235294117647,,,
arch,depth (deep vs shallow),benchmark,15,600M,0.6,1.7B,205,0.4195121951219512,34,0.4705882352941176,,,
arch,depth (deep vs shallow),benchmark,15,1B,0.6,1.7B,205,0.5024390243902439,34,0.5,,,
arch,depth (deep vs shallow),benchmark,15,1.7B,0.6,1.7B,205,0.6536585365853659,34,0.6764705882352942,,,
arch,depth (deep vs shallow),benchmark,15,175M,0.7,1.7B,205,0.5219512195121951,34,0.6176470588235294,,,
arch,depth (deep vs shallow),benchmark,15,350M,0.7,1.7B,205,0.4439024390243902,34,0.4705882352941176,,,
arch,depth (deep vs shallow),benchmark,15,600M,0.7,1.7B,205,0.4,34,0.5,,,
arch,depth (deep vs shallow),benchmark,15,1B,0.7,1.7B,205,0.5365853658536586,34,0.6470588235294118,,,
arch,depth (deep vs shallow),benchmark,15,1.7B,0.7,1.7B,205,0.624390243902439,34,0.6764705882352942,,,
arch,depth (deep vs shallow),benchmark,15,175M,0.8,1.7B,205,0.5609756097560976,34,0.7058823529411765,,,
arch,depth (deep vs shallow),benchmark,15,350M,0.8,1.7B,205,0.4829268292682926,34,0.5882352941176471,,,
arch,depth (deep vs shallow),benchmark,15,600M,0.8,1.7B,205,0.4,34,0.2352941176470588,,,
arch,depth (deep vs shallow),benchmark,15,1B,0.8,1.7B,205,0.5951219512195122,34,0.6470588235294118,,,
arch,depth (deep vs shallow),benchmark,15,1.7B,0.8,1.7B,205,0.6731707317073171,34,0.7647058823529411,,,
arch,depth (deep vs shallow),benchmark,15,175M,0.9,1.7B,205,0.551219512195122,34,0.5588235294117647,,,
arch,depth (deep vs shallow),benchmark,15,350M,0.9,1.7B,205,0.4585365853658537,34,0.4705882352941176,,,
arch,depth (deep vs shallow),benchmark,15,600M,0.9,1.7B,205,0.424390243902439,34,0.2941176470588235,,,
arch,depth (deep vs shallow),benchmark,15,1B,0.9,1.7B,205,0.5756097560975609,34,0.5882352941176471,,,
arch,depth (deep vs shallow),benchmark,15,1.7B,0.9,1.7B,205,0.7317073170731707,34,0.9117647058823528,,,
arch,depth (deep vs shallow),benchmark,15,175M,1.0,1.7B,205,0.5609756097560976,34,0.5294117647058824,0.0141756536585365,0.015689931707317,deep
arch,depth (deep vs shallow),benchmark,15,350M,1.0,1.7B,205,0.4585365853658537,34,0.5882352941176471,0.0130918146341463,0.015689931707317,deep
arch,depth (deep vs shallow),benchmark,15,600M,1.0,1.7B,205,0.4341463414634146,34,0.2941176470588235,0.0152228487804878,0.015689931707317,deep
arch,depth (deep vs shallow),benchmark,15,1B,1.0,1.7B,205,0.5707317073170731,34,0.6470588235294118,0.0127231658536585,0.015689931707317,deep
arch,depth (deep vs shallow),bpb_macro,15,175M,0.1,1.7B,1,0.0,1,0.0,,,
arch,depth (deep vs shallow),bpb_macro,15,350M,0.1,1.7B,1,0.0,1,0.0,,,
arch,depth (deep vs shallow),bpb_macro,15,600M,0.1,1.7B,1,0.0,1,0.0,,,
arch,depth (deep vs shallow),bpb_macro,15,1B,0.1,1.7B,1,1.0,1,1.0,,,
arch,depth (deep vs shallow),bpb_macro,15,1.7B,0.1,1.7B,1,0.0,1,0.0,,,
arch,depth (deep vs shallow),bpb_macro,15,175M,0.2,1.7B,1,0.0,1,0.0,,,
arch,depth (deep vs shallow),bpb_macro,15,350M,0.2,1.7B,1,0.0,1,0.0,,,
arch,depth (deep vs shallow),bpb_macro,15,600M,0.2,1.7B,1,0.0,1,0.0,,,
arch,depth (deep vs shallow),bpb_macro,15,1B,0.2,1.7B,1,0.0,1,0.0,,,
arch,depth (deep vs shallow),bpb_macro,15,1.7B,0.2,1.7B,1,1.0,1,1.0,,,
arch,depth (deep vs shallow),bpb_macro,15,175M,0.3,1.7B,1,1.0,1,1.0,,,
arch,depth (deep vs shallow),bpb_macro,15,350M,0.3,1.7B,1,0.0,1,0.0,,,
arch,depth (deep vs shallow),bpb_macro,15,600M,0.3,1.7B,1,0.0,1,0.0,,,
arch,depth (deep vs shallow),bpb_macro,15,1B,0.3,1.7B,1,0.0,1,0.0,,,
arch,depth (deep vs shallow),bpb_macro,15,1.7B,0.3,1.7B,1,1.0,1,1.0,,,
arch,depth (deep vs shallow),bpb_macro,15,175M,0.4,1.7B,1,1.0,1,1.0,,,
arch,depth (deep vs shallow),bpb_macro,15,350M,0.4,1.7B,1,1.0,1,1.0,,,
arch,depth (deep vs shallow),bpb_macro,15,600M,0.4,1.7B,1,0.0,1,0.0,,,
arch,depth (deep vs shallow),bpb_macro,15,1B,0.4,1.7B,1,0.0,1,0.0,,,
arch,depth (deep vs shallow),bpb_macro,15,1.7B,0.4,1.7B,1,0.0,1,0.0,,,
arch,depth (deep vs shallow),bpb_macro,15,175M,0.5,1.7B,1,1.0,1,1.0,,,
arch,depth (deep vs shallow),bpb_macro,15,350M,0.5,1.7B,1,0.0,1,0.0,,,
arch,depth (deep vs shallow),bpb_macro,15,600M,0.5,1.7B,1,0.0,1,0.0,,,
arch,depth (deep vs shallow),bpb_macro,15,1B,0.5,1.7B,1,1.0,1,1.0,,,
arch,depth (deep vs shallow),bpb_macro,15,1.7B,0.5,1.7B,1,0.0,1,0.0,,,
arch,depth (deep vs shallow),bpb_macro,15,175M,0.6,1.7B,1,1.0,1,1.0,,,
arch,depth (deep vs shallow),bpb_macro,15,350M,0.6,1.7B,1,1.0,1,1.0,,,
arch,depth (deep vs shallow),bpb_macro,15,600M,0.6,1.7B,1,0.0,1,0.0,,,
arch,depth (deep vs shallow),bpb_macro,15,1B,0.6,1.7B,1,0.0,1,0.0,,,
arch,depth (deep vs shallow),bpb_macro,15,1.7B,0.6,1.7B,1,1.0,1,1.0,,,
arch,depth (deep vs shallow),bpb_macro,15,175M,0.7,1.7B,1,1.0,1,1.0,,,
arch,depth (deep vs shallow),bpb_macro,15,350M,0.7,1.7B,1,0.0,1,0.0,,,
arch,depth (deep vs shallow),bpb_macro,15,600M,0.7,1.7B,1,0.0,1,0.0,,,
arch,depth (deep vs shallow),bpb_macro,15,1B,0.7,1.7B,1,1.0,1,1.0,,,
arch,depth (deep vs shallow),bpb_macro,15,1.7B,0.7,1.7B,1,1.0,1,1.0,,,
arch,depth (deep vs shallow),bpb_macro,15,175M,0.8,1.7B,1,1.0,1,1.0,,,
arch,depth (deep vs shallow),bpb_macro,15,350M,0.8,1.7B,1,0.0,1,0.0,,,
arch,depth (deep vs shallow),bpb_macro,15,600M,0.8,1.7B,1,0.0,1,0.0,,,
arch,depth (deep vs shallow),bpb_macro,15,1B,0.8,1.7B,1,0.0,1,0.0,,,
arch,depth (deep vs shallow),bpb_macro,15,1.7B,0.8,1.7B,1,1.0,1,1.0,,,
arch,depth (deep vs shallow),bpb_macro,15,175M,0.9,1.7B,1,1.0,1,1.0,,,
arch,depth (deep vs shallow),bpb_macro,15,350M,0.9,1.7B,1,0.0,1,0.0,,,
arch,depth (deep vs shallow),bpb_macro,15,600M,0.9,1.7B,1,0.0,1,0.0,,,
arch,depth (deep vs shallow),bpb_macro,15,1B,0.9,1.7B,1,1.0,1,1.0,,,
arch,depth (deep vs shallow),bpb_macro,15,1.7B,0.9,1.7B,1,1.0,1,1.0,,,
arch,depth (deep vs shallow),bpb_macro,15,175M,1.0,1.7B,1,1.0,1,1.0,0.0747789999999999,0.0298709999999999,deep
arch,depth (deep vs shallow),bpb_macro,15,350M,1.0,1.7B,1,1.0,1,1.0,0.0002649999999999,0.0298709999999999,deep
arch,depth (deep vs shallow),bpb_macro,15,600M,1.0,1.7B,1,0.0,1,0.0,0.024688,0.0298709999999999,deep
arch,depth (deep vs shallow),bpb_macro,15,1B,1.0,1.7B,1,1.0,1,1.0,0.0025219999999999,0.0298709999999999,deep
arch,depth (deep vs shallow),loss,15,175M,0.1,1.7B,1,1.0,1,1.0,,,
arch,depth (deep vs shallow),loss,15,350M,0.1,1.7B,1,0.0,1,0.0,,,
arch,depth (deep vs shallow),loss,15,600M,0.1,1.7B,1,0.0,1,0.0,,,
arch,depth (deep vs shallow),loss,15,1B,0.1,1.7B,1,0.0,1,0.0,,,
arch,depth (deep vs shallow),loss,15,1.7B,0.1,1.7B,1,1.0,1,1.0,,,
arch,depth (deep vs shallow),loss,15,175M,0.2,1.7B,1,0.0,1,0.0,,,
arch,depth (deep vs shallow),loss,15,350M,0.2,1.7B,1,0.0,1,0.0,,,
arch,depth (deep vs shallow),loss,15,600M,0.2,1.7B,1,0.0,1,0.0,,,
arch,depth (deep vs shallow),loss,15,1B,0.2,1.7B,1,1.0,1,1.0,,,
arch,depth (deep vs shallow),loss,15,1.7B,0.2,1.7B,1,1.0,1,1.0,,,
arch,depth (deep vs shallow),loss,15,175M,0.3,1.7B,1,1.0,1,1.0,,,
arch,depth (deep vs shallow),loss,15,350M,0.3,1.7B,1,0.0,1,0.0,,,
arch,depth (deep vs shallow),loss,15,600M,0.3,1.7B,1,0.0,1,0.0,,,
arch,depth (deep vs shallow),loss,15,1B,0.3,1.7B,1,1.0,1,1.0,,,
arch,depth (deep vs shallow),loss,15,1.7B,0.3,1.7B,1,1.0,1,1.0,,,
arch,depth (deep vs shallow),loss,15,175M,0.4,1.7B,1,1.0,1,1.0,,,
arch,depth (deep vs shallow),loss,15,350M,0.4,1.7B,1,0.0,1,0.0,,,
arch,depth (deep vs shallow),loss,15,600M,0.4,1.7B,1,0.0,1,0.0,,,
arch,depth (deep vs shallow),loss,15,1B,0.4,1.7B,1,0.0,1,0.0,,,
arch,depth (deep vs shallow),loss,15,1.7B,0.4,1.7B,1,0.0,1,0.0,,,
arch,depth (deep vs shallow),loss,15,175M,0.5,1.7B,1,1.0,1,1.0,,,
arch,depth (deep vs shallow),loss,15,350M,0.5,1.7B,1,0.0,1,0.0,,,
arch,depth (deep vs shallow),loss,15,600M,0.5,1.7B,1,0.0,1,0.0,,,
arch,depth (deep vs shallow),loss,15,1B,0.5,1.7B,1,1.0,1,1.0,,,
arch,depth (deep vs shallow),loss,15,1.7B,0.5,1.7B,1,1.0,1,1.0,,,
arch,depth (deep vs shallow),loss,15,175M,0.6,1.7B,1,1.0,1,1.0,,,
arch,depth (deep vs shallow),loss,15,350M,0.6,1.7B,1,1.0,1,1.0,,,
arch,depth (deep vs shallow),loss,15,600M,0.6,1.7B,1,0.0,1,0.0,,,
arch,depth (deep vs shallow),loss,15,1B,0.6,1.7B,1,1.0,1,1.0,,,
arch,depth (deep vs shallow),loss,15,1.7B,0.6,1.7B,1,1.0,1,1.0,,,
arch,depth (deep vs shallow),loss,15,175M,0.7,1.7B,1,1.0,1,1.0,,,
arch,depth (deep vs shallow),loss,15,350M,0.7,1.7B,1,0.0,1,0.0,,,
arch,depth (deep vs shallow),loss,15,600M,0.7,1.7B,1,0.0,1,0.0,,,
arch,depth (deep vs shallow),loss,15,1B,0.7,1.7B,1,0.0,1,0.0,,,
arch,depth (deep vs shallow),loss,15,1.7B,0.7,1.7B,1,1.0,1,1.0,,,
arch,depth (deep vs shallow),loss,15,175M,0.8,1.7B,1,1.0,1,1.0,,,
arch,depth (deep vs shallow),loss,15,350M,0.8,1.7B,1,1.0,1,1.0,,,
arch,depth (deep vs shallow),loss,15,600M,0.8,1.7B,1,0.0,1,0.0,,,
arch,depth (deep vs shallow),loss,15,1B,0.8,1.7B,1,1.0,1,1.0,,,
arch,depth (deep vs shallow),loss,15,1.7B,0.8,1.7B,1,1.0,1,1.0,,,
arch,depth (deep vs shallow),loss,15,175M,0.9,1.7B,1,1.0,1,1.0,,,
arch,depth (deep vs shallow),loss,15,350M,0.9,1.7B,1,1.0,1,1.0,,,
arch,depth (deep vs shallow),loss,15,600M,0.9,1.7B,1,0.0,1,0.0,,,
arch,depth (deep vs shallow),loss,15,1B,0.9,1.7B,1,0.0,1,0.0,,,
arch,depth (deep vs shallow),loss,15,1.7B,0.9,1.7B,1,1.0,1,1.0,,,
arch,depth (deep vs shallow),loss,15,175M,1.0,1.7B,1,1.0,1,1.0,0.1507999999999998,0.0660000000000002,deep
arch,depth (deep vs shallow),loss,15,350M,1.0,1.7B,1,0.0,1,0.0,0.0259,0.0660000000000002,deep
arch,depth (deep vs shallow),loss,15,600M,1.0,1.7B,1,0.0,1,0.0,0.0198999999999998,0.0660000000000002,deep
arch,depth (deep vs shallow),loss,15,1B,1.0,1.7B,1,0.0,1,0.0,0.0009000000000001,0.0660000000000002,deep
arch,depth (deep vs shallow),bpb_trained,30,175M,0.1,1.7B,30,1.0,0,,,,
arch,depth (deep vs shallow),bpb_trained,30,350M,0.1,1.7B,30,0.9666666666666668,0,,,,
arch,depth (deep vs shallow),bpb_trained,30,600M,0.1,1.7B,30,0.0,0,,,,
arch,depth (deep vs shallow),bpb_trained,30,1B,0.1,1.7B,30,0.4666666666666667,0,,,,
arch,depth (deep vs shallow),bpb_trained,30,1.7B,0.1,1.7B,30,1.0,0,,,,
arch,depth (deep vs shallow),bpb_trained,30,175M,0.2,1.7B,30,1.0,0,,,,
arch,depth (deep vs shallow),bpb_trained,30,350M,0.2,1.7B,30,0.9666666666666668,0,,,,
arch,depth (deep vs shallow),bpb_trained,30,600M,0.2,1.7B,30,0.0,0,,,,
arch,depth (deep vs shallow),bpb_trained,30,1B,0.2,1.7B,30,0.7666666666666667,0,,,,
arch,depth (deep vs shallow),bpb_trained,30,1.7B,0.2,1.7B,30,1.0,0,,,,
arch,depth (deep vs shallow),bpb_trained,30,175M,0.3,1.7B,30,1.0,0,,,,
arch,depth (deep vs shallow),bpb_trained,30,350M,0.3,1.7B,30,0.7666666666666667,0,,,,
arch,depth (deep vs shallow),bpb_trained,30,600M,0.3,1.7B,30,0.0,0,,,,
arch,depth (deep vs shallow),bpb_trained,30,1B,0.3,1.7B,30,1.0,0,,,,
arch,depth (deep vs shallow),bpb_trained,30,1.7B,0.3,1.7B,30,1.0,0,,,,
arch,depth (deep vs shallow),bpb_trained,30,175M,0.4,1.7B,30,1.0,0,,,,
arch,depth (deep vs shallow),bpb_trained,30,350M,0.4,1.7B,30,0.5,0,,,,
arch,depth (deep vs shallow),bpb_trained,30,600M,0.4,1.7B,30,0.0,0,,,,
arch,depth (deep vs shallow),bpb_trained,30,1B,0.4,1.7B,30,1.0,0,,,,
arch,depth (deep vs shallow),bpb_trained,30,1.7B,0.4,1.7B,30,1.0,0,,,,
arch,depth (deep vs shallow),bpb_trained,30,175M,0.5,1.7B,30,1.0,0,,,,
arch,depth (deep vs shallow),bpb_trained,30,350M,0.5,1.7B,30,0.8666666666666667,0,,,,
arch,depth (deep vs shallow),bpb_trained,30,600M,0.5,1.7B,30,0.0,0,,,,
arch,depth (deep vs shallow),bpb_trained,30,1B,0.5,1.7B,30,1.0,0,,,,
arch,depth (deep vs shallow),bpb_trained,30,1.7B,0.5,1.7B,30,1.0,0,,,,
arch,depth (deep vs shallow),bpb_trained,30,175M,0.6,1.7B,30,1.0,0,,,,
arch,depth (deep vs shallow),bpb_trained,30,350M,0.6,1.7B,30,0.9333333333333332,0,,,,
arch,depth (deep vs shallow),bpb_trained,30,600M,0.6,1.7B,30,0.0,0,,,,
arch,depth (deep vs shallow),bpb_trained,30,1B,0.6,1.7B,30,1.0,0,,,,
arch,depth (deep vs shallow),bpb_trained,30,1.7B,0.6,1.7B,30,0.9666666666666668,0,,,,
arch,depth (deep vs shallow),bpb_trained,30,175M,0.7,1.7B,30,1.0,0,,,,
arch,depth (deep vs shallow),bpb_trained,30,350M,0.7,1.7B,30,0.8333333333333334,0,,,,
arch,depth (deep vs shallow),bpb_trained,30,600M,0.7,1.7B,30,0.0,0,,,,
arch,depth (deep vs shallow),bpb_trained,30,1B,0.7,1.7B,30,1.0,0,,,,
arch,depth (deep vs shallow),bpb_trained,30,1.7B,0.7,1.7B,30,1.0,0,,,,
arch,depth (deep vs shallow),bpb_trained,30,175M,0.8,1.7B,30,1.0,0,,,,
arch,depth (deep vs shallow),bpb_trained,30,350M,0.8,1.7B,30,0.8333333333333334,0,,,,
arch,depth (deep vs shallow),bpb_trained,30,600M,0.8,1.7B,30,0.0,0,,,,
arch,depth (deep vs shallow),bpb_trained,30,1B,0.8,1.7B,30,1.0,0,,,,
arch,depth (deep vs shallow),bpb_trained,30,1.7B,0.8,1.7B,30,1.0,0,,,,
arch,depth (deep vs shallow),bpb_trained,30,175M,0.9,1.7B,30,1.0,0,,,,
arch,depth (deep vs shallow),bpb_trained,30,350M,0.9,1.7B,30,0.9,0,,,,
arch,depth (deep vs shallow),bpb_trained,30,600M,0.9,1.7B,30,0.0,0,,,,
arch,depth (deep vs shallow),bpb_trained,30,1B,0.9,1.7B,30,1.0,0,,,,
arch,depth (deep vs shallow),bpb_trained,30,1.7B,0.9,1.7B,30,1.0,0,,,,
arch,depth (deep vs shallow),bpb_trained,30,175M,1.0,1.7B,30,1.0,0,,0.0768474333333333,0.0049149,deep
arch,depth (deep vs shallow),bpb_trained,30,350M,1.0,1.7B,30,0.9666666666666668,0,,0.0029388666666666,0.0049149,deep
arch,depth (deep vs shallow),bpb_trained,30,600M,1.0,1.7B,30,0.0,0,,0.0049428666666666,0.0049149,deep
arch,depth (deep vs shallow),bpb_trained,30,1B,1.0,1.7B,30,1.0,0,,0.0064646333333333,0.0049149,deep
arch,depth (deep vs shallow),benchmark,30,175M,0.1,1.7B,328,0.6036585365853658,64,0.71875,,,
arch,depth (deep vs shallow),benchmark,30,350M,0.1,1.7B,328,0.4725609756097561,64,0.46875,,,
arch,depth (deep vs shallow),benchmark,30,600M,0.1,1.7B,328,0.423780487804878,64,0.40625,,,
arch,depth (deep vs shallow),benchmark,30,1B,0.1,1.7B,328,0.4329268292682927,64,0.40625,,,
arch,depth (deep vs shallow),benchmark,30,1.7B,0.1,1.7B,328,0.4847560975609756,64,0.59375,,,
arch,depth (deep vs shallow),benchmark,30,175M,0.2,1.7B,328,0.5579268292682927,64,0.6875,,,
arch,depth (deep vs shallow),benchmark,30,350M,0.2,1.7B,328,0.4725609756097561,64,0.4375,,,
arch,depth (deep vs shallow),benchmark,30,600M,0.2,1.7B,328,0.4573170731707317,64,0.421875,,,
arch,depth (deep vs shallow),benchmark,30,1B,0.2,1.7B,328,0.5609756097560976,64,0.625,,,
arch,depth (deep vs shallow),benchmark,30,1.7B,0.2,1.7B,328,0.5152439024390244,64,0.625,,,
arch,depth (deep vs shallow),benchmark,30,175M,0.3,1.7B,328,0.5121951219512195,64,0.671875,,,
arch,depth (deep vs shallow),benchmark,30,350M,0.3,1.7B,328,0.5,64,0.578125,,,
arch,depth (deep vs shallow),benchmark,30,600M,0.3,1.7B,328,0.4268292682926829,64,0.265625,,,
arch,depth (deep vs shallow),benchmark,30,1B,0.3,1.7B,328,0.5121951219512195,64,0.5625,,,
arch,depth (deep vs shallow),benchmark,30,1.7B,0.3,1.7B,328,0.600609756097561,64,0.6875,,,
arch,depth (deep vs shallow),benchmark,30,175M,0.4,1.7B,328,0.5457317073170732,64,0.671875,,,
arch,depth (deep vs shallow),benchmark,30,350M,0.4,1.7B,328,0.5365853658536586,64,0.546875,,,
arch,depth (deep vs shallow),benchmark,30,600M,0.4,1.7B,328,0.5304878048780488,64,0.515625,,,
arch,depth (deep vs shallow),benchmark,30,1B,0.4,1.7B,328,0.5152439024390244,64,0.578125,,,
arch,depth (deep vs shallow),benchmark,30,1.7B,0.4,1.7B,328,0.6036585365853658,64,0.765625,,,
arch,depth (deep vs shallow),benchmark,30,175M,0.5,1.7B,328,0.524390243902439,64,0.53125,,,
arch,depth (deep vs shallow),benchmark,30,350M,0.5,1.7B,328,0.524390243902439,64,0.5,,,
arch,depth (deep vs shallow),benchmark,30,600M,0.5,1.7B,328,0.4542682926829268,64,0.4375,,,
arch,depth (deep vs shallow),benchmark,30,1B,0.5,1.7B,328,0.5396341463414634,64,0.65625,,,
arch,depth (deep vs shallow),benchmark,30,1.7B,0.5,1.7B,328,0.5975609756097561,64,0.640625,,,
arch,depth (deep vs shallow),benchmark,30,175M,0.6,1.7B,84,0.5119047619047619,14,0.7142857142857143,,,
arch,depth (deep vs shallow),benchmark,30,350M,0.6,1.7B,328,0.4939024390243902,64,0.421875,,,
arch,depth (deep vs shallow),benchmark,30,600M,0.6,1.7B,328,0.5335365853658537,64,0.515625,,,
arch,depth (deep vs shallow),benchmark,30,1B,0.6,1.7B,328,0.5213414634146342,64,0.53125,,,
arch,depth (deep vs shallow),benchmark,30,1.7B,0.6,1.7B,328,0.6219512195121951,64,0.75,,,
arch,depth (deep vs shallow),benchmark,30,175M,0.7,1.7B,328,0.524390243902439,64,0.65625,,,
arch,depth (deep vs shallow),benchmark,30,350M,0.7,1.7B,328,0.4847560975609756,64,0.53125,,,
arch,depth (deep vs shallow),benchmark,30,600M,0.7,1.7B,328,0.4969512195121951,64,0.546875,,,
arch,depth (deep vs shallow),benchmark,30,1B,0.7,1.7B,328,0.5335365853658537,64,0.578125,,,
arch,depth (deep vs shallow),benchmark,30,1.7B,0.7,1.7B,328,0.6158536585365854,64,0.75,,,
arch,depth (deep vs shallow),benchmark,30,175M,0.8,1.7B,328,0.5426829268292683,64,0.6875,,,
arch,depth (deep vs shallow),benchmark,30,350M,0.8,1.7B,328,0.4786585365853658,64,0.453125,,,
arch,depth (deep vs shallow),benchmark,30,600M,0.8,1.7B,328,0.5121951219512195,64,0.5,,,
arch,depth (deep vs shallow),benchmark,30,1B,0.8,1.7B,328,0.5548780487804879,64,0.625,,,
arch,depth (deep vs shallow),benchmark,30,1.7B,0.8,1.7B,328,0.6432926829268293,64,0.734375,,,
arch,depth (deep vs shallow),benchmark,30,175M,0.9,1.7B,328,0.5274390243902439,64,0.640625,,,
arch,depth (deep vs shallow),benchmark,30,350M,0.9,1.7B,328,0.4878048780487805,64,0.515625,,,
arch,depth (deep vs shallow),benchmark,30,600M,0.9,1.7B,328,0.5121951219512195,64,0.484375,,,
arch,depth (deep vs shallow),benchmark,30,1B,0.9,1.7B,328,0.573170731707317,64,0.703125,,,
arch,depth (deep vs shallow),benchmark,30,1.7B,0.9,1.7B,328,0.698170731707317,64,0.8125,,,
arch,depth (deep vs shallow),benchmark,30,175M,1.0,1.7B,328,0.5487804878048781,64,0.65625,0.0158570152439024,0.0145778658536585,deep
arch,depth (deep vs shallow),benchmark,30,350M,1.0,1.7B,328,0.5182926829268293,64,0.578125,0.0131502469512195,0.0145778658536585,deep
arch,depth (deep vs shallow),benchmark,30,600M,1.0,1.7B,328,0.5274390243902439,64,0.546875,0.0153459664634146,0.0145778658536585,deep
arch,depth (deep vs shallow),benchmark,30,1B,1.0,1.7B,328,0.524390243902439,64,0.609375,0.0140371371951219,0.0145778658536585,deep
arch,depth (deep vs shallow),bpb_macro,30,175M,0.1,1.7B,1,1.0,0,,,,
arch,depth (deep vs shallow),bpb_macro,30,350M,0.1,1.7B,1,0.0,0,,,,
arch,depth (deep vs shallow),bpb_macro,30,600M,0.1,1.7B,1,0.0,0,,,,
arch,depth (deep vs shallow),bpb_macro,30,1B,0.1,1.7B,1,0.0,0,,,,
arch,depth (deep vs shallow),bpb_macro,30,1.7B,0.1,1.7B,1,1.0,0,,,,
arch,depth (deep vs shallow),bpb_macro,30,175M,0.2,1.7B,1,1.0,0,,,,
arch,depth (deep vs shallow),bpb_macro,30,350M,0.2,1.7B,1,0.0,0,,,,
arch,depth (deep vs shallow),bpb_macro,30,600M,0.2,1.7B,1,0.0,0,,,,
arch,depth (deep vs shallow),bpb_macro,30,1B,0.2,1.7B,1,1.0,0,,,,
arch,depth (deep vs shallow),bpb_macro,30,1.7B,0.2,1.7B,1,1.0,0,,,,
arch,depth (deep vs shallow),bpb_macro,30,175M,0.3,1.7B,1,1.0,0,,,,
arch,depth (deep vs shallow),bpb_macro,30,350M,0.3,1.7B,1,1.0,0,,,,
arch,depth (deep vs shallow),bpb_macro,30,600M,0.3,1.7B,1,0.0,0,,,,
arch,depth (deep vs shallow),bpb_macro,30,1B,0.3,1.7B,1,1.0,0,,,,
arch,depth (deep vs shallow),bpb_macro,30,1.7B,0.3,1.7B,1,0.0,0,,,,
arch,depth (deep vs shallow),bpb_macro,30,175M,0.4,1.7B,1,1.0,0,,,,
arch,depth (deep vs shallow),bpb_macro,30,350M,0.4,1.7B,1,0.0,0,,,,
arch,depth (deep vs shallow),bpb_macro,30,600M,0.4,1.7B,1,0.0,0,,,,
arch,depth (deep vs shallow),bpb_macro,30,1B,0.4,1.7B,1,1.0,0,,,,
arch,depth (deep vs shallow),bpb_macro,30,1.7B,0.4,1.7B,1,1.0,0,,,,
arch,depth (deep vs shallow),bpb_macro,30,175M,0.5,1.7B,1,1.0,0,,,,
arch,depth (deep vs shallow),bpb_macro,30,350M,0.5,1.7B,1,0.0,0,,,,
arch,depth (deep vs shallow),bpb_macro,30,600M,0.5,1.7B,1,0.0,0,,,,
arch,depth (deep vs shallow),bpb_macro,30,1B,0.5,1.7B,1,1.0,0,,,,
arch,depth (deep vs shallow),bpb_macro,30,1.7B,0.5,1.7B,1,1.0,0,,,,
arch,depth (deep vs shallow),bpb_macro,30,175M,0.6,1.7B,1,1.0,0,,,,
arch,depth (deep vs shallow),bpb_macro,30,350M,0.6,1.7B,1,0.0,0,,,,
arch,depth (deep vs shallow),bpb_macro,30,600M,0.6,1.7B,1,0.0,0,,,,
arch,depth (deep vs shallow),bpb_macro,30,1B,0.6,1.7B,1,1.0,0,,,,
arch,depth (deep vs shallow),bpb_macro,30,1.7B,0.6,1.7B,1,0.0,0,,,,
arch,depth (deep vs shallow),bpb_macro,30,175M,0.7,1.7B,1,1.0,0,,,,
arch,depth (deep vs shallow),bpb_macro,30,350M,0.7,1.7B,1,0.0,0,,,,
arch,depth (deep vs shallow),bpb_macro,30,600M,0.7,1.7B,1,1.0,0,,,,
arch,depth (deep vs shallow),bpb_macro,30,1B,0.7,1.7B,1,1.0,0,,,,
arch,depth (deep vs shallow),bpb_macro,30,1.7B,0.7,1.7B,1,1.0,0,,,,
arch,depth (deep vs shallow),bpb_macro,30,175M,0.8,1.7B,1,1.0,0,,,,
arch,depth (deep vs shallow),bpb_macro,30,350M,0.8,1.7B,1,0.0,0,,,,
arch,depth (deep vs shallow),bpb_macro,30,600M,0.8,1.7B,1,0.0,0,,,,
arch,depth (deep vs shallow),bpb_macro,30,1B,0.8,1.7B,1,1.0,0,,,,
arch,depth (deep vs shallow),bpb_macro,30,1.7B,0.8,1.7B,1,1.0,0,,,,
arch,depth (deep vs shallow),bpb_macro,30,175M,0.9,1.7B,1,1.0,0,,,,
arch,depth (deep vs shallow),bpb_macro,30,350M,0.9,1.7B,1,0.0,0,,,,
arch,depth (deep vs shallow),bpb_macro,30,600M,0.9,1.7B,1,0.0,0,,,,
arch,depth (deep vs shallow),bpb_macro,30,1B,0.9,1.7B,1,1.0,0,,,,
arch,depth (deep vs shallow),bpb_macro,30,1.7B,0.9,1.7B,1,1.0,0,,,,
arch,depth (deep vs shallow),bpb_macro,30,175M,1.0,1.7B,1,1.0,0,,0.119888,0.0069240000000001,deep
arch,depth (deep vs shallow),bpb_macro,30,350M,1.0,1.7B,1,0.0,0,,0.0076249999999999,0.0069240000000001,deep
arch,depth (deep vs shallow),bpb_macro,30,600M,1.0,1.7B,1,0.0,0,,0.0107269999999999,0.0069240000000001,deep
arch,depth (deep vs shallow),bpb_macro,30,1B,1.0,1.7B,1,1.0,0,,0.0020279999999999,0.0069240000000001,deep
arch,depth (deep vs shallow),loss,30,175M,0.1,1.7B,1,1.0,0,,,,
arch,depth (deep vs shallow),loss,30,350M,0.1,1.7B,1,1.0,0,,,,
arch,depth (deep vs shallow),loss,30,600M,0.1,1.7B,1,0.0,0,,,,
arch,depth (deep vs shallow),loss,30,1B,0.1,1.7B,1,1.0,0,,,,
arch,depth (deep vs shallow),loss,30,1.7B,0.1,1.7B,1,1.0,0,,,,
arch,depth (deep vs shallow),loss,30,175M,0.2,1.7B,1,1.0,0,,,,
arch,depth (deep vs shallow),loss,30,350M,0.2,1.7B,1,0.0,0,,,,
arch,depth (deep vs shallow),loss,30,600M,0.2,1.7B,1,0.0,0,,,,
arch,depth (deep vs shallow),loss,30,1B,0.2,1.7B,1,1.0,0,,,,
arch,depth (deep vs shallow),loss,30,1.7B,0.2,1.7B,1,1.0,0,,,,
arch,depth (deep vs shallow),loss,30,175M,0.3,1.7B,1,1.0,0,,,,
arch,depth (deep vs shallow),loss,30,350M,0.3,1.7B,1,1.0,0,,,,
arch,depth (deep vs shallow),loss,30,600M,0.3,1.7B,1,0.0,0,,,,
arch,depth (deep vs shallow),loss,30,1B,0.3,1.7B,1,1.0,0,,,,
arch,depth (deep vs shallow),loss,30,1.7B,0.3,1.7B,1,1.0,0,,,,
arch,depth (deep vs shallow),loss,30,175M,0.4,1.7B,1,1.0,0,,,,
arch,depth (deep vs shallow),loss,30,350M,0.4,1.7B,1,0.0,0,,,,
arch,depth (deep vs shallow),loss,30,600M,0.4,1.7B,1,0.0,0,,,,
arch,depth (deep vs shallow),loss,30,1B,0.4,1.7B,1,1.0,0,,,,
arch,depth (deep vs shallow),loss,30,1.7B,0.4,1.7B,1,0.0,0,,,,
arch,depth (deep vs shallow),loss,30,175M,0.5,1.7B,1,1.0,0,,,,
arch,depth (deep vs shallow),loss,30,350M,0.5,1.7B,1,1.0,0,,,,
arch,depth (deep vs shallow),loss,30,600M,0.5,1.7B,1,0.0,0,,,,
arch,depth (deep vs shallow),loss,30,1B,0.5,1.7B,1,1.0,0,,,,
arch,depth (deep vs shallow),loss,30,1.7B,0.5,1.7B,1,1.0,0,,,,
arch,depth (deep vs shallow),loss,30,175M,0.6,1.7B,1,1.0,0,,,,
arch,depth (deep vs shallow),loss,30,350M,0.6,1.7B,1,1.0,0,,,,
arch,depth (deep vs shallow),loss,30,600M,0.6,1.7B,1,1.0,0,,,,
arch,depth (deep vs shallow),loss,30,1B,0.6,1.7B,1,1.0,0,,,,
arch,depth (deep vs shallow),loss,30,1.7B,0.6,1.7B,1,1.0,0,,,,
arch,depth (deep vs shallow),loss,30,175M,0.7,1.7B,1,1.0,0,,,,
arch,depth (deep vs shallow),loss,30,350M,0.7,1.7B,1,0.0,0,,,,
arch,depth (deep vs shallow),loss,30,600M,0.7,1.7B,1,0.0,0,,,,
arch,depth (deep vs shallow),loss,30,1B,0.7,1.7B,1,1.0,0,,,,
arch,depth (deep vs shallow),loss,30,1.7B,0.7,1.7B,1,1.0,0,,,,
arch,depth (deep vs shallow),loss,30,175M,0.8,1.7B,1,1.0,0,,,,
arch,depth (deep vs shallow),loss,30,350M,0.8,1.7B,1,0.0,0,,,,
arch,depth (deep vs shallow),loss,30,600M,0.8,1.7B,1,0.0,0,,,,
arch,depth (deep vs shallow),loss,30,1B,0.8,1.7B,1,1.0,0,,,,
arch,depth (deep vs shallow),loss,30,1.7B,0.8,1.7B,1,1.0,0,,,,
arch,depth (deep vs shallow),loss,30,175M,0.9,1.7B,1,1.0,0,,,,
arch,depth (deep vs shallow),loss,30,350M,0.9,1.7B,1,0.0,0,,,,
arch,depth (deep vs shallow),loss,30,600M,0.9,1.7B,1,1.0,0,,,,
arch,depth (deep vs shallow),loss,30,1B,0.9,1.7B,1,0.0,0,,,,
arch,depth (deep vs shallow),loss,30,1.7B,0.9,1.7B,1,1.0,0,,,,
arch,depth (deep vs shallow),loss,30,175M,1.0,1.7B,1,1.0,0,,0.1838000000000001,0.0188000000000001,deep
arch,depth (deep vs shallow),loss,30,350M,1.0,1.7B,1,1.0,0,,0.0363000000000002,0.0188000000000001,deep
arch,depth (deep vs shallow),loss,30,600M,1.0,1.7B,1,0.0,0,,0.0081000000000002,0.0188000000000001,deep
arch,depth (deep vs shallow),loss,30,1B,1.0,1.7B,1,1.0,0,,0.0070999999999998,0.0188000000000001,deep
arch,depth (deep vs shallow),bpb_trained,50,175M,0.1,1.7B,50,0.64,0,,,,
arch,depth (deep vs shallow),bpb_trained,50,350M,0.1,1.7B,50,0.02,0,,,,
arch,depth (deep vs shallow),bpb_trained,50,600M,0.1,1.7B,50,0.0,0,,,,
arch,depth (deep vs shallow),bpb_trained,50,1B,0.1,1.7B,50,0.0,0,,,,
arch,depth (deep vs shallow),bpb_trained,50,1.7B,0.1,1.7B,50,0.26,0,,,,
arch,depth (deep vs shallow),bpb_trained,50,175M,0.2,1.7B,50,1.0,0,,,,
arch,depth (deep vs shallow),bpb_trained,50,350M,0.2,1.7B,50,0.06,0,,,,
arch,depth (deep vs shallow),bpb_trained,50,600M,0.2,1.7B,50,0.0,0,,,,
arch,depth (deep vs shallow),bpb_trained,50,1B,0.2,1.7B,50,0.04,0,,,,
arch,depth (deep vs shallow),bpb_trained,50,1.7B,0.2,1.7B,50,0.92,0,,,,
arch,depth (deep vs shallow),bpb_trained,50,175M,0.3,1.7B,50,1.0,0,,,,
arch,depth (deep vs shallow),bpb_trained,50,350M,0.3,1.7B,50,0.02,0,,,,
arch,depth (deep vs shallow),bpb_trained,50,600M,0.3,1.7B,50,0.0,0,,,,
arch,depth (deep vs shallow),bpb_trained,50,1B,0.3,1.7B,50,0.14,0,,,,
arch,depth (deep vs shallow),bpb_trained,50,1.7B,0.3,1.7B,50,1.0,0,,,,
arch,depth (deep vs shallow),bpb_trained,50,175M,0.4,1.7B,50,0.98,0,,,,
arch,depth (deep vs shallow),bpb_trained,50,350M,0.4,1.7B,50,0.18,0,,,,
arch,depth (deep vs shallow),bpb_trained,50,600M,0.4,1.7B,50,0.0,0,,,,
arch,depth (deep vs shallow),bpb_trained,50,1B,0.4,1.7B,50,0.4,0,,,,
arch,depth (deep vs shallow),bpb_trained,50,1.7B,0.4,1.7B,50,1.0,0,,,,
arch,depth (deep vs shallow),bpb_trained,50,175M,0.5,1.7B,50,1.0,0,,,,
arch,depth (deep vs shallow),bpb_trained,50,350M,0.5,1.7B,50,0.56,0,,,,
arch,depth (deep vs shallow),bpb_trained,50,600M,0.5,1.7B,50,0.0,0,,,,
arch,depth (deep vs shallow),bpb_trained,50,1B,0.5,1.7B,50,0.48,0,,,,
arch,depth (deep vs shallow),bpb_trained,50,1.7B,0.5,1.7B,50,1.0,0,,,,
arch,depth (deep vs shallow),bpb_trained,50,175M,0.6,1.7B,50,1.0,0,,,,
arch,depth (deep vs shallow),bpb_trained,50,350M,0.6,1.7B,50,0.54,0,,,,
arch,depth (deep vs shallow),bpb_trained,50,600M,0.6,1.7B,50,0.0,0,,,,
arch,depth (deep vs shallow),bpb_trained,50,1B,0.6,1.7B,50,0.74,0,,,,
arch,depth (deep vs shallow),bpb_trained,50,1.7B,0.6,1.7B,50,1.0,0,,,,
arch,depth (deep vs shallow),bpb_trained,50,175M,0.7,1.7B,50,1.0,0,,,,
arch,depth (deep vs shallow),bpb_trained,50,350M,0.7,1.7B,50,0.32,0,,,,
arch,depth (deep vs shallow),bpb_trained,50,600M,0.7,1.7B,50,0.0,0,,,,
arch,depth (deep vs shallow),bpb_trained,50,1B,0.7,1.7B,50,0.66,0,,,,
arch,depth (deep vs shallow),bpb_trained,50,1.7B,0.7,1.7B,50,1.0,0,,,,
arch,depth (deep vs shallow),bpb_trained,50,175M,0.8,1.7B,50,1.0,0,,,,
arch,depth (deep vs shallow),bpb_trained,50,350M,0.8,1.7B,50,0.42,0,,,,
arch,depth (deep vs shallow),bpb_trained,50,600M,0.8,1.7B,50,0.02,0,,,,
arch,depth (deep vs shallow),bpb_trained,50,1B,0.8,1.7B,50,0.76,0,,,,
arch,depth (deep vs shallow),bpb_trained,50,1.7B,0.8,1.7B,50,1.0,0,,,,
arch,depth (deep vs shallow),bpb_trained,50,175M,0.9,1.7B,50,1.0,0,,,,
arch,depth (deep vs shallow),bpb_trained,50,350M,0.9,1.7B,50,0.6,0,,,,
arch,depth (deep vs shallow),bpb_trained,50,600M,0.9,1.7B,50,0.0,0,,,,
arch,depth (deep vs shallow),bpb_trained,50,1B,0.9,1.7B,50,0.74,0,,,,
arch,depth (deep vs shallow),bpb_trained,50,1.7B,0.9,1.7B,50,1.0,0,,,,
arch,depth (deep vs shallow),bpb_trained,50,175M,1.0,1.7B,50,1.0,0,,0.03561598,0.0062568999999999,deep
arch,depth (deep vs shallow),bpb_trained,50,350M,1.0,1.7B,50,0.74,0,,0.0021926,0.0062568999999999,deep
arch,depth (deep vs shallow),bpb_trained,50,600M,1.0,1.7B,50,0.0,0,,0.0091365199999999,0.0062568999999999,deep
arch,depth (deep vs shallow),bpb_trained,50,1B,1.0,1.7B,50,0.78,0,,0.0031120999999999,0.0062568999999999,deep
arch,depth (deep vs shallow),benchmark,50,175M,0.1,1.7B,461,0.4750542299349241,90,0.4333333333333333,,,
arch,depth (deep vs shallow),benchmark,50,350M,0.1,1.7B,461,0.4772234273318872,90,0.4444444444444444,,,
arch,depth (deep vs shallow),benchmark,50,600M,0.1,1.7B,461,0.4229934924078091,90,0.4444444444444444,,,
arch,depth (deep vs shallow),benchmark,50,1B,0.1,1.7B,461,0.4989154013015184,90,0.4666666666666667,,,
arch,depth (deep vs shallow),benchmark,50,1.7B,0.1,1.7B,461,0.4620390455531453,90,0.4555555555555555,,,
arch,depth (deep vs shallow),benchmark,50,175M,0.2,1.7B,461,0.4663774403470715,90,0.4444444444444444,,,
arch,depth (deep vs shallow),benchmark,50,350M,0.2,1.7B,461,0.4772234273318872,90,0.5111111111111111,,,
arch,depth (deep vs shallow),benchmark,50,600M,0.2,1.7B,461,0.4880694143167028,90,0.5444444444444444,,,
arch,depth (deep vs shallow),benchmark,50,1B,0.2,1.7B,461,0.4837310195227766,90,0.5555555555555556,,,
arch,depth (deep vs shallow),benchmark,50,1.7B,0.2,1.7B,461,0.5010845986984815,90,0.5333333333333333,,,
arch,depth (deep vs shallow),benchmark,50,175M,0.3,1.7B,461,0.5140997830802603,90,0.5111111111111111,,,
arch,depth (deep vs shallow),benchmark,50,350M,0.3,1.7B,461,0.4490238611713666,90,0.5555555555555556,,,
arch,depth (deep vs shallow),benchmark,50,600M,0.3,1.7B,461,0.4815618221258134,90,0.5555555555555556,,,
arch,depth (deep vs shallow),benchmark,50,1B,0.3,1.7B,461,0.4468546637744034,90,0.4666666666666667,,,
arch,depth (deep vs shallow),benchmark,50,1.7B,0.3,1.7B,461,0.559652928416486,90,0.6111111111111112,,,
arch,depth (deep vs shallow),benchmark,50,175M,0.4,1.7B,461,0.5314533622559653,90,0.5555555555555556,,,
arch,depth (deep vs shallow),benchmark,50,350M,0.4,1.7B,461,0.4728850325379609,90,0.4777777777777778,,,
arch,depth (deep vs shallow),benchmark,50,600M,0.4,1.7B,461,0.4815618221258134,90,0.5333333333333333,,,
arch,depth (deep vs shallow),benchmark,50,1B,0.4,1.7B,461,0.5357917570498916,90,0.4777777777777778,,,
arch,depth (deep vs shallow),benchmark,50,1.7B,0.4,1.7B,461,0.5249457700650759,90,0.5666666666666667,,,
arch,depth (deep vs shallow),benchmark,50,175M,0.5,1.7B,461,0.5140997830802603,90,0.4555555555555555,,,
arch,depth (deep vs shallow),benchmark,50,350M,0.5,1.7B,461,0.4490238611713666,90,0.4555555555555555,,,
arch,depth (deep vs shallow),benchmark,50,600M,0.5,1.7B,461,0.4685466377440347,90,0.4333333333333333,,,
arch,depth (deep vs shallow),benchmark,50,1B,0.5,1.7B,461,0.4533622559652928,90,0.5666666666666667,,,
arch,depth (deep vs shallow),benchmark,50,1.7B,0.5,1.7B,461,0.5835140997830802,90,0.7,,,
arch,depth (deep vs shallow),benchmark,50,175M,0.6,1.7B,461,0.5075921908893709,90,0.4666666666666667,,,
arch,depth (deep vs shallow),benchmark,50,350M,0.6,1.7B,461,0.457700650759219,90,0.4333333333333333,,,
arch,depth (deep vs shallow),benchmark,50,600M,0.6,1.7B,461,0.4772234273318872,90,0.4777777777777778,,,
arch,depth (deep vs shallow),benchmark,50,1B,0.6,1.7B,461,0.4750542299349241,90,0.4333333333333333,,,
arch,depth (deep vs shallow),benchmark,50,1.7B,0.6,1.7B,461,0.6095444685466378,90,0.7111111111111111,,,
arch,depth (deep vs shallow),benchmark,50,175M,0.7,1.7B,461,0.5119305856832972,90,0.5,,,
arch,depth (deep vs shallow),benchmark,50,350M,0.7,1.7B,461,0.4316702819956616,90,0.4111111111111111,,,
arch,depth (deep vs shallow),benchmark,50,600M,0.7,1.7B,461,0.4490238611713666,90,0.4333333333333333,,,
arch,depth (deep vs shallow),benchmark,50,1B,0.7,1.7B,461,0.4685466377440347,90,0.4111111111111111,,,
arch,depth (deep vs shallow),benchmark,50,1.7B,0.7,1.7B,461,0.5835140997830802,90,0.6888888888888889,,,
arch,depth (deep vs shallow),benchmark,50,175M,0.8,1.7B,461,0.4750542299349241,90,0.4555555555555555,,,
arch,depth (deep vs shallow),benchmark,50,350M,0.8,1.7B,461,0.4468546637744034,90,0.3333333333333333,,,
arch,depth (deep vs shallow),benchmark,50,600M,0.8,1.7B,461,0.4945770065075922,90,0.5777777777777777,,,
arch,depth (deep vs shallow),benchmark,50,1B,0.8,1.7B,461,0.5010845986984815,90,0.5777777777777777,,,
arch,depth (deep vs shallow),benchmark,50,1.7B,0.8,1.7B,461,0.6160520607375272,90,0.7666666666666667,,,
arch,depth (deep vs shallow),benchmark,50,175M,0.9,1.7B,461,0.4880694143167028,90,0.4888888888888889,,,
arch,depth (deep vs shallow),benchmark,50,350M,0.9,1.7B,461,0.4598698481561822,90,0.4222222222222222,,,
arch,depth (deep vs shallow),benchmark,50,600M,0.9,1.7B,461,0.4902386117136659,90,0.4777777777777778,,,
arch,depth (deep vs shallow),benchmark,50,1B,0.9,1.7B,461,0.5357917570498916,90,0.6555555555555556,,,
arch,depth (deep vs shallow),benchmark,50,1.7B,0.9,1.7B,461,0.7527114967462039,90,0.8666666666666667,,,
arch,depth (deep vs shallow),benchmark,50,175M,1.0,1.7B,461,0.5097613882863341,90,0.5111111111111111,0.0154052603036876,0.015985262472885,deep
arch,depth (deep vs shallow),benchmark,50,350M,1.0,1.7B,461,0.4229934924078091,90,0.3888888888888889,0.0146528655097613,0.015985262472885,deep
arch,depth (deep vs shallow),benchmark,50,600M,1.0,1.7B,461,0.4533622559652928,90,0.4444444444444444,0.0139742451193058,0.015985262472885,deep
arch,depth (deep vs shallow),benchmark,50,1B,1.0,1.7B,461,0.5422993492407809,90,0.6,0.013873093275488,0.015985262472885,deep
arch,depth (deep vs shallow),bpb_macro,50,175M,0.1,1.7B,1,0.0,0,,,,
arch,depth (deep vs shallow),bpb_macro,50,350M,0.1,1.7B,1,0.0,0,,,,
arch,depth (deep vs shallow),bpb_macro,50,600M,0.1,1.7B,1,0.0,0,,,,
arch,depth (deep vs shallow),bpb_macro,50,1B,0.1,1.7B,1,0.0,0,,,,
arch,depth (deep vs shallow),bpb_macro,50,1.7B,0.1,1.7B,1,0.0,0,,,,
arch,depth (deep vs shallow),bpb_macro,50,175M,0.2,1.7B,1,1.0,0,,,,
arch,depth (deep vs shallow),bpb_macro,50,350M,0.2,1.7B,1,0.0,0,,,,
arch,depth (deep vs shallow),bpb_macro,50,600M,0.2,1.7B,1,0.0,0,,,,
arch,depth (deep vs shallow),bpb_macro,50,1B,0.2,1.7B,1,0.0,0,,,,
arch,depth (deep vs shallow),bpb_macro,50,1.7B,0.2,1.7B,1,0.0,0,,,,
arch,depth (deep vs shallow),bpb_macro,50,175M,0.3,1.7B,1,1.0,0,,,,
arch,depth (deep vs shallow),bpb_macro,50,350M,0.3,1.7B,1,0.0,0,,,,
arch,depth (deep vs shallow),bpb_macro,50,600M,0.3,1.7B,1,0.0,0,,,,
arch,depth (deep vs shallow),bpb_macro,50,1B,0.3,1.7B,1,1.0,0,,,,
arch,depth (deep vs shallow),bpb_macro,50,1.7B,0.3,1.7B,1,1.0,0,,,,
arch,depth (deep vs shallow),bpb_macro,50,175M,0.4,1.7B,1,1.0,0,,,,
arch,depth (deep vs shallow),bpb_macro,50,350M,0.4,1.7B,1,1.0,0,,,,
arch,depth (deep vs shallow),bpb_macro,50,600M,0.4,1.7B,1,0.0,0,,,,
arch,depth (deep vs shallow),bpb_macro,50,1B,0.4,1.7B,1,0.0,0,,,,
arch,depth (deep vs shallow),bpb_macro,50,1.7B,0.4,1.7B,1,0.0,0,,,,
arch,depth (deep vs shallow),bpb_macro,50,175M,0.5,1.7B,1,1.0,0,,,,
arch,depth (deep vs shallow),bpb_macro,50,350M,0.5,1.7B,1,0.0,0,,,,
arch,depth (deep vs shallow),bpb_macro,50,600M,0.5,1.7B,1,0.0,0,,,,
arch,depth (deep vs shallow),bpb_macro,50,1B,0.5,1.7B,1,1.0,0,,,,
arch,depth (deep vs shallow),bpb_macro,50,1.7B,0.5,1.7B,1,1.0,0,,,,
arch,depth (deep vs shallow),bpb_macro,50,175M,0.6,1.7B,1,1.0,0,,,,
arch,depth (deep vs shallow),bpb_macro,50,350M,0.6,1.7B,1,1.0,0,,,,
arch,depth (deep vs shallow),bpb_macro,50,600M,0.6,1.7B,1,0.0,0,,,,
arch,depth (deep vs shallow),bpb_macro,50,1B,0.6,1.7B,1,0.0,0,,,,
arch,depth (deep vs shallow),bpb_macro,50,1.7B,0.6,1.7B,1,1.0,0,,,,
arch,depth (deep vs shallow),bpb_macro,50,175M,0.7,1.7B,1,1.0,0,,,,
arch,depth (deep vs shallow),bpb_macro,50,350M,0.7,1.7B,1,1.0,0,,,,
arch,depth (deep vs shallow),bpb_macro,50,600M,0.7,1.7B,1,0.0,0,,,,
arch,depth (deep vs shallow),bpb_macro,50,1B,0.7,1.7B,1,0.0,0,,,,
arch,depth (deep vs shallow),bpb_macro,50,1.7B,0.7,1.7B,1,1.0,0,,,,
arch,depth (deep vs shallow),bpb_macro,50,175M,0.8,1.7B,1,1.0,0,,,,
arch,depth (deep vs shallow),bpb_macro,50,350M,0.8,1.7B,1,1.0,0,,,,
arch,depth (deep vs shallow),bpb_macro,50,600M,0.8,1.7B,1,0.0,0,,,,
arch,depth (deep vs shallow),bpb_macro,50,1B,0.8,1.7B,1,1.0,0,,,,
arch,depth (deep vs shallow),bpb_macro,50,1.7B,0.8,1.7B,1,1.0,0,,,,
arch,depth (deep vs shallow),bpb_macro,50,175M,0.9,1.7B,1,1.0,0,,,,
arch,depth (deep vs shallow),bpb_macro,50,350M,0.9,1.7B,1,1.0,0,,,,
arch,depth (deep vs shallow),bpb_macro,50,600M,0.9,1.7B,1,0.0,0,,,,
arch,depth (deep vs shallow),bpb_macro,50,1B,0.9,1.7B,1,1.0,0,,,,
arch,depth (deep vs shallow),bpb_macro,50,1.7B,0.9,1.7B,1,1.0,0,,,,
arch,depth (deep vs shallow),bpb_macro,50,175M,1.0,1.7B,1,1.0,0,,0.0544919999999999,0.007965,deep
arch,depth (deep vs shallow),bpb_macro,50,350M,1.0,1.7B,1,1.0,0,,0.00469,0.007965,deep
arch,depth (deep vs shallow),bpb_macro,50,600M,1.0,1.7B,1,0.0,0,,0.0256340000000001,0.007965,deep
arch,depth (deep vs shallow),bpb_macro,50,1B,1.0,1.7B,1,0.0,0,,0.000188,0.007965,deep
arch,depth (deep vs shallow),loss,50,175M,0.1,1.7B,1,0.0,0,,,,
arch,depth (deep vs shallow),loss,50,350M,0.1,1.7B,1,0.0,0,,,,
arch,depth (deep vs shallow),loss,50,600M,0.1,1.7B,1,0.0,0,,,,
arch,depth (deep vs shallow),loss,50,1B,0.1,1.7B,1,0.0,0,,,,
arch,depth (deep vs shallow),loss,50,1.7B,0.1,1.7B,1,1.0,0,,,,
arch,depth (deep vs shallow),loss,50,175M,0.2,1.7B,1,1.0,0,,,,
arch,depth (deep vs shallow),loss,50,350M,0.2,1.7B,1,0.0,0,,,,
arch,depth (deep vs shallow),loss,50,600M,0.2,1.7B,1,0.0,0,,,,
arch,depth (deep vs shallow),loss,50,1B,0.2,1.7B,1,1.0,0,,,,
arch,depth (deep vs shallow),loss,50,1.7B,0.2,1.7B,1,1.0,0,,,,
arch,depth (deep vs shallow),loss,50,175M,0.3,1.7B,1,1.0,0,,,,
arch,depth (deep vs shallow),loss,50,350M,0.3,1.7B,1,1.0,0,,,,
arch,depth (deep vs shallow),loss,50,600M,0.3,1.7B,1,0.0,0,,,,
arch,depth (deep vs shallow),loss,50,1B,0.3,1.7B,1,1.0,0,,,,
arch,depth (deep vs shallow),loss,50,1.7B,0.3,1.7B,1,1.0,0,,,,
arch,depth (deep vs shallow),loss,50,175M,0.4,1.7B,1,1.0,0,,,,
arch,depth (deep vs shallow),loss,50,350M,0.4,1.7B,1,0.0,0,,,,
arch,depth (deep vs shallow),loss,50,600M,0.4,1.7B,1,0.0,0,,,,
arch,depth (deep vs shallow),loss,50,1B,0.4,1.7B,1,0.0,0,,,,
arch,depth (deep vs shallow),loss,50,1.7B,0.4,1.7B,1,0.0,0,,,,
arch,depth (deep vs shallow),loss,50,175M,0.5,1.7B,1,1.0,0,,,,
arch,depth (deep vs shallow),loss,50,350M,0.5,1.7B,1,1.0,0,,,,
arch,depth (deep vs shallow),loss,50,600M,0.5,1.7B,1,0.0,0,,,,
arch,depth (deep vs shallow),loss,50,1B,0.5,1.7B,1,1.0,0,,,,
arch,depth (deep vs shallow),loss,50,1.7B,0.5,1.7B,1,0.0,0,,,,
arch,depth (deep vs shallow),loss,50,175M,0.6,1.7B,1,1.0,0,,,,
arch,depth (deep vs shallow),loss,50,350M,0.6,1.7B,1,1.0,0,,,,
arch,depth (deep vs shallow),loss,50,600M,0.6,1.7B,1,0.0,0,,,,
arch,depth (deep vs shallow),loss,50,1B,0.6,1.7B,1,1.0,0,,,,
arch,depth (deep vs shallow),loss,50,1.7B,0.6,1.7B,1,1.0,0,,,,
arch,depth (deep vs shallow),loss,50,175M,0.7,1.7B,1,1.0,0,,,,
arch,depth (deep vs shallow),loss,50,350M,0.7,1.7B,1,0.0,0,,,,
arch,depth (deep vs shallow),loss,50,600M,0.7,1.7B,1,0.0,0,,,,
arch,depth (deep vs shallow),loss,50,1B,0.7,1.7B,1,0.0,0,,,,
arch,depth (deep vs shallow),loss,50,1.7B,0.7,1.7B,1,1.0,0,,,,
arch,depth (deep vs shallow),loss,50,175M,0.8,1.7B,1,1.0,0,,,,
arch,depth (deep vs shallow),loss,50,350M,0.8,1.7B,1,1.0,0,,,,
arch,depth (deep vs shallow),loss,50,600M,0.8,1.7B,1,0.0,0,,,,
arch,depth (deep vs shallow),loss,50,1B,0.8,1.7B,1,0.0,0,,,,
arch,depth (deep vs shallow),loss,50,1.7B,0.8,1.7B,1,1.0,0,,,,
arch,depth (deep vs shallow),loss,50,175M,0.9,1.7B,1,1.0,0,,,,
arch,depth (deep vs shallow),loss,50,350M,0.9,1.7B,1,1.0,0,,,,
arch,depth (deep vs shallow),loss,50,600M,0.9,1.7B,1,0.0,0,,,,
arch,depth (deep vs shallow),loss,50,1B,0.9,1.7B,1,0.0,0,,,,
arch,depth (deep vs shallow),loss,50,1.7B,0.9,1.7B,1,1.0,0,,,,
arch,depth (deep vs shallow),loss,50,175M,1.0,1.7B,1,1.0,0,,0.1075999999999997,0.0337999999999998,deep
arch,depth (deep vs shallow),loss,50,350M,1.0,1.7B,1,1.0,0,,0.0028999999999999,0.0337999999999998,deep
arch,depth (deep vs shallow),loss,50,600M,1.0,1.7B,1,0.0,0,,0.0217,0.0337999999999998,deep
arch,depth (deep vs shallow),loss,50,1B,1.0,1.7B,1,0.0,0,,0.0165999999999999,0.0337999999999998,deep
scheme,language lists (A vs B),bpb_trained,8,175M,0.1,1.7B,5,0.2,0,,,,
scheme,language lists (A vs B),bpb_trained,8,350M,0.1,1.7B,5,0.8,0,,,,
scheme,language lists (A vs B),bpb_trained,8,600M,0.1,1.7B,5,1.0,0,,,,
scheme,language lists (A vs B),bpb_trained,8,1B,0.1,1.7B,5,0.8,0,,,,
scheme,language lists (A vs B),bpb_trained,8,1.7B,0.1,1.7B,5,1.0,0,,,,
scheme,language lists (A vs B),bpb_trained,8,175M,0.2,1.7B,5,0.8,0,,,,
scheme,language lists (A vs B),bpb_trained,8,350M,0.2,1.7B,5,0.8,0,,,,
scheme,language lists (A vs B),bpb_trained,8,600M,0.2,1.7B,5,1.0,0,,,,
scheme,language lists (A vs B),bpb_trained,8,1B,0.2,1.7B,5,1.0,0,,,,
scheme,language lists (A vs B),bpb_trained,8,1.7B,0.2,1.7B,5,1.0,0,,,,
scheme,language lists (A vs B),bpb_trained,8,175M,0.3,1.7B,5,1.0,0,,,,
scheme,language lists (A vs B),bpb_trained,8,350M,0.3,1.7B,5,1.0,0,,,,
scheme,language lists (A vs B),bpb_trained,8,600M,0.3,1.7B,5,1.0,0,,,,
scheme,language lists (A vs B),bpb_trained,8,1B,0.3,1.7B,5,1.0,0,,,,
scheme,language lists (A vs B),bpb_trained,8,1.7B,0.3,1.7B,5,1.0,0,,,,
scheme,language lists (A vs B),bpb_trained,8,175M,0.4,1.7B,5,1.0,0,,,,
scheme,language lists (A vs B),bpb_trained,8,350M,0.4,1.7B,5,1.0,0,,,,
scheme,language lists (A vs B),bpb_trained,8,600M,0.4,1.7B,5,1.0,0,,,,
scheme,language lists (A vs B),bpb_trained,8,1B,0.4,1.7B,5,1.0,0,,,,
scheme,language lists (A vs B),bpb_trained,8,1.7B,0.4,1.7B,5,1.0,0,,,,
scheme,language lists (A vs B),bpb_trained,8,175M,0.5,1.7B,5,1.0,0,,,,
scheme,language lists (A vs B),bpb_trained,8,350M,0.5,1.7B,5,1.0,0,,,,
scheme,language lists (A vs B),bpb_trained,8,600M,0.5,1.7B,5,1.0,0,,,,
scheme,language lists (A vs B),bpb_trained,8,1B,0.5,1.7B,5,1.0,0,,,,
scheme,language lists (A vs B),bpb_trained,8,1.7B,0.5,1.7B,5,1.0,0,,,,
scheme,language lists (A vs B),bpb_trained,8,175M,0.6,1.7B,5,1.0,0,,,,
scheme,language lists (A vs B),bpb_trained,8,350M,0.6,1.7B,5,1.0,0,,,,
scheme,language lists (A vs B),bpb_trained,8,600M,0.6,1.7B,5,1.0,0,,,,
scheme,language lists (A vs B),bpb_trained,8,1B,0.6,1.7B,5,1.0,0,,,,
scheme,language lists (A vs B),bpb_trained,8,1.7B,0.6,1.7B,5,1.0,0,,,,
scheme,language lists (A vs B),bpb_trained,8,175M,0.7,1.7B,5,0.8,0,,,,
scheme,language lists (A vs B),bpb_trained,8,350M,0.7,1.7B,5,1.0,0,,,,
scheme,language lists (A vs B),bpb_trained,8,600M,0.7,1.7B,5,1.0,0,,,,
scheme,language lists (A vs B),bpb_trained,8,1B,0.7,1.7B,5,1.0,0,,,,
scheme,language lists (A vs B),bpb_trained,8,1.7B,0.7,1.7B,5,1.0,0,,,,
scheme,language lists (A vs B),bpb_trained,8,175M,0.8,1.7B,5,1.0,0,,,,
scheme,language lists (A vs B),bpb_trained,8,350M,0.8,1.7B,5,1.0,0,,,,
scheme,language lists (A vs B),bpb_trained,8,600M,0.8,1.7B,5,0.8,0,,,,
scheme,language lists (A vs B),bpb_trained,8,1B,0.8,1.7B,5,1.0,0,,,,
scheme,language lists (A vs B),bpb_trained,8,1.7B,0.8,1.7B,5,1.0,0,,,,
scheme,language lists (A vs B),bpb_trained,8,175M,0.9,1.7B,5,1.0,0,,,,
scheme,language lists (A vs B),bpb_trained,8,350M,0.9,1.7B,5,1.0,0,,,,
scheme,language lists (A vs B),bpb_trained,8,600M,0.9,1.7B,5,1.0,0,,,,
scheme,language lists (A vs B),bpb_trained,8,1B,0.9,1.7B,5,1.0,0,,,,
scheme,language lists (A vs B),bpb_trained,8,1.7B,0.9,1.7B,5,1.0,0,,,,
scheme,language lists (A vs B),bpb_trained,8,175M,1.0,1.7B,5,1.0,0,,0.0109098,0.0043101999999999,B
scheme,language lists (A vs B),bpb_trained,8,350M,1.0,1.7B,5,1.0,0,,0.0062774,0.0043101999999999,B
scheme,language lists (A vs B),bpb_trained,8,600M,1.0,1.7B,5,1.0,0,,0.0066757999999999,0.0043101999999999,B
scheme,language lists (A vs B),bpb_trained,8,1B,1.0,1.7B,5,1.0,0,,0.0055884,0.0043101999999999,B
scheme,language lists (A vs B),benchmark,8,175M,0.1,1.7B,68,0.4705882352941176,10,0.5,,,
scheme,language lists (A vs B),benchmark,8,350M,0.1,1.7B,68,0.5441176470588235,10,0.6,,,
scheme,language lists (A vs B),benchmark,8,600M,0.1,1.7B,68,0.5735294117647058,10,0.6,,,
scheme,language lists (A vs B),benchmark,8,1B,0.1,1.7B,68,0.5588235294117647,10,0.4,,,
scheme,language lists (A vs B),benchmark,8,1.7B,0.1,1.7B,68,0.4705882352941176,10,0.7,,,
scheme,language lists (A vs B),benchmark,8,175M,0.2,1.7B,68,0.5735294117647058,10,0.9,,,
scheme,language lists (A vs B),benchmark,8,350M,0.2,1.7B,68,0.4264705882352941,10,0.4,,,
scheme,language lists (A vs B),benchmark,8,600M,0.2,1.7B,68,0.5441176470588235,10,0.5,,,
scheme,language lists (A vs B),benchmark,8,1B,0.2,1.7B,68,0.4852941176470588,10,0.6,,,
scheme,language lists (A vs B),benchmark,8,1.7B,0.2,1.7B,68,0.5588235294117647,10,0.5,,,
scheme,language lists (A vs B),benchmark,8,175M,0.3,1.7B,68,0.5294117647058824,10,0.4,,,
scheme,language lists (A vs B),benchmark,8,350M,0.3,1.7B,68,0.4264705882352941,10,0.4,,,
scheme,language lists (A vs B),benchmark,8,600M,0.3,1.7B,68,0.5147058823529411,10,0.6,,,
scheme,language lists (A vs B),benchmark,8,1B,0.3,1.7B,68,0.4558823529411764,10,0.4,,,
scheme,language lists (A vs B),benchmark,8,1.7B,0.3,1.7B,68,0.5588235294117647,10,0.4,,,
scheme,language lists (A vs B),benchmark,8,175M,0.4,1.7B,68,0.4852941176470588,10,0.9,,,
scheme,language lists (A vs B),benchmark,8,350M,0.4,1.7B,68,0.4117647058823529,10,0.3,,,
scheme,language lists (A vs B),benchmark,8,600M,0.4,1.7B,68,0.5,10,0.5,,,
scheme,language lists (A vs B),benchmark,8,1B,0.4,1.7B,68,0.5,10,0.0,,,
scheme,language lists (A vs B),benchmark,8,1.7B,0.4,1.7B,68,0.6323529411764706,10,0.5,,,
scheme,language lists (A vs B),benchmark,8,175M,0.5,1.7B,68,0.5441176470588235,10,0.8,,,
scheme,language lists (A vs B),benchmark,8,350M,0.5,1.7B,68,0.4852941176470588,10,0.3,,,
scheme,language lists (A vs B),benchmark,8,600M,0.5,1.7B,68,0.6176470588235294,10,0.7,,,
scheme,language lists (A vs B),benchmark,8,1B,0.5,1.7B,68,0.5294117647058824,10,0.4,,,
scheme,language lists (A vs B),benchmark,8,1.7B,0.5,1.7B,68,0.5441176470588235,10,0.4,,,
scheme,language lists (A vs B),benchmark,8,175M,0.6,1.7B,68,0.5882352941176471,10,0.7,,,
scheme,language lists (A vs B),benchmark,8,350M,0.6,1.7B,68,0.5294117647058824,10,0.5,,,
scheme,language lists (A vs B),benchmark,8,600M,0.6,1.7B,68,0.5294117647058824,10,0.4,,,
scheme,language lists (A vs B),benchmark,8,1B,0.6,1.7B,68,0.4558823529411764,10,0.2,,,
scheme,language lists (A vs B),benchmark,8,1.7B,0.6,1.7B,68,0.5882352941176471,10,0.4,,,
scheme,language lists (A vs B),benchmark,8,175M,0.7,1.7B,68,0.5588235294117647,10,0.4,,,
scheme,language lists (A vs B),benchmark,8,350M,0.7,1.7B,68,0.5147058823529411,10,0.3,,,
scheme,language lists (A vs B),benchmark,8,600M,0.7,1.7B,68,0.3382352941176471,10,0.0,,,
scheme,language lists (A vs B),benchmark,8,1B,0.7,1.7B,68,0.4411764705882353,10,0.5,,,
scheme,language lists (A vs B),benchmark,8,1.7B,0.7,1.7B,68,0.6029411764705882,10,0.8,,,
scheme,language lists (A vs B),benchmark,8,175M,0.8,1.7B,68,0.4705882352941176,10,0.7,,,
scheme,language lists (A vs B),benchmark,8,350M,0.8,1.7B,68,0.4411764705882353,10,0.2,,,
scheme,language lists (A vs B),benchmark,8,600M,0.8,1.7B,68,0.4264705882352941,10,0.4,,,
scheme,language lists (A vs B),benchmark,8,1B,0.8,1.7B,68,0.4852941176470588,10,0.4,,,
scheme,language lists (A vs B),benchmark,8,1.7B,0.8,1.7B,68,0.6764705882352942,10,1.0,,,
scheme,language lists (A vs B),benchmark,8,175M,0.9,1.7B,68,0.5735294117647058,10,0.7,,,
scheme,language lists (A vs B),benchmark,8,350M,0.9,1.7B,68,0.4852941176470588,10,0.3,,,
scheme,language lists (A vs B),benchmark,8,600M,0.9,1.7B,68,0.5,10,0.4,,,
scheme,language lists (A vs B),benchmark,8,1B,0.9,1.7B,68,0.4705882352941176,10,0.4,,,
scheme,language lists (A vs B),benchmark,8,1.7B,0.9,1.7B,68,0.8235294117647058,10,1.0,,,
scheme,language lists (A vs B),benchmark,8,175M,1.0,1.7B,68,0.4705882352941176,10,0.5,0.0152645147058823,0.0165540735294117,B
scheme,language lists (A vs B),benchmark,8,350M,1.0,1.7B,68,0.4558823529411764,10,0.3,0.0100358823529411,0.0165540735294117,B
scheme,language lists (A vs B),benchmark,8,600M,1.0,1.7B,68,0.4117647058823529,10,0.4,0.0121343382352941,0.0165540735294117,B
scheme,language lists (A vs B),benchmark,8,1B,1.0,1.7B,68,0.4852941176470588,10,0.3,0.0119942058823529,0.0165540735294117,B
scheme,language lists (A vs B),bpb_macro,8,175M,0.1,1.7B,1,1.0,0,,,,
scheme,language lists (A vs B),bpb_macro,8,350M,0.1,1.7B,1,1.0,0,,,,
scheme,language lists (A vs B),bpb_macro,8,600M,0.1,1.7B,1,1.0,0,,,,
scheme,language lists (A vs B),bpb_macro,8,1B,0.1,1.7B,1,1.0,0,,,,
scheme,language lists (A vs B),bpb_macro,8,1.7B,0.1,1.7B,1,1.0,0,,,,
scheme,language lists (A vs B),bpb_macro,8,175M,0.2,1.7B,1,1.0,0,,,,
scheme,language lists (A vs B),bpb_macro,8,350M,0.2,1.7B,1,0.0,0,,,,
scheme,language lists (A vs B),bpb_macro,8,600M,0.2,1.7B,1,1.0,0,,,,
scheme,language lists (A vs B),bpb_macro,8,1B,0.2,1.7B,1,1.0,0,,,,
scheme,language lists (A vs B),bpb_macro,8,1.7B,0.2,1.7B,1,0.0,0,,,,
scheme,language lists (A vs B),bpb_macro,8,175M,0.3,1.7B,1,1.0,0,,,,
scheme,language lists (A vs B),bpb_macro,8,350M,0.3,1.7B,1,0.0,0,,,,
scheme,language lists (A vs B),bpb_macro,8,600M,0.3,1.7B,1,1.0,0,,,,
scheme,language lists (A vs B),bpb_macro,8,1B,0.3,1.7B,1,1.0,0,,,,
scheme,language lists (A vs B),bpb_macro,8,1.7B,0.3,1.7B,1,0.0,0,,,,
scheme,language lists (A vs B),bpb_macro,8,175M,0.4,1.7B,1,1.0,0,,,,
scheme,language lists (A vs B),bpb_macro,8,350M,0.4,1.7B,1,1.0,0,,,,
scheme,language lists (A vs B),bpb_macro,8,600M,0.4,1.7B,1,1.0,0,,,,
scheme,language lists (A vs B),bpb_macro,8,1B,0.4,1.7B,1,1.0,0,,,,
scheme,language lists (A vs B),bpb_macro,8,1.7B,0.4,1.7B,1,1.0,0,,,,
scheme,language lists (A vs B),bpb_macro,8,175M,0.5,1.7B,1,1.0,0,,,,
scheme,language lists (A vs B),bpb_macro,8,350M,0.5,1.7B,1,1.0,0,,,,
scheme,language lists (A vs B),bpb_macro,8,600M,0.5,1.7B,1,1.0,0,,,,
scheme,language lists (A vs B),bpb_macro,8,1B,0.5,1.7B,1,1.0,0,,,,
scheme,language lists (A vs B),bpb_macro,8,1.7B,0.5,1.7B,1,1.0,0,,,,
scheme,language lists (A vs B),bpb_macro,8,175M,0.6,1.7B,1,1.0,0,,,,
scheme,language lists (A vs B),bpb_macro,8,350M,0.6,1.7B,1,1.0,0,,,,
scheme,language lists (A vs B),bpb_macro,8,600M,0.6,1.7B,1,1.0,0,,,,
scheme,language lists (A vs B),bpb_macro,8,1B,0.6,1.7B,1,1.0,0,,,,
scheme,language lists (A vs B),bpb_macro,8,1.7B,0.6,1.7B,1,1.0,0,,,,
scheme,language lists (A vs B),bpb_macro,8,175M,0.7,1.7B,1,1.0,0,,,,
scheme,language lists (A vs B),bpb_macro,8,350M,0.7,1.7B,1,1.0,0,,,,
scheme,language lists (A vs B),bpb_macro,8,600M,0.7,1.7B,1,1.0,0,,,,
scheme,language lists (A vs B),bpb_macro,8,1B,0.7,1.7B,1,1.0,0,,,,
scheme,language lists (A vs B),bpb_macro,8,1.7B,0.7,1.7B,1,1.0,0,,,,
scheme,language lists (A vs B),bpb_macro,8,175M,0.8,1.7B,1,1.0,0,,,,
scheme,language lists (A vs B),bpb_macro,8,350M,0.8,1.7B,1,1.0,0,,,,
scheme,language lists (A vs B),bpb_macro,8,600M,0.8,1.7B,1,1.0,0,,,,
scheme,language lists (A vs B),bpb_macro,8,1B,0.8,1.7B,1,1.0,0,,,,
scheme,language lists (A vs B),bpb_macro,8,1.7B,0.8,1.7B,1,1.0,0,,,,
scheme,language lists (A vs B),bpb_macro,8,175M,0.9,1.7B,1,1.0,0,,,,
scheme,language lists (A vs B),bpb_macro,8,350M,0.9,1.7B,1,0.0,0,,,,
scheme,language lists (A vs B),bpb_macro,8,600M,0.9,1.7B,1,1.0,0,,,,
scheme,language lists (A vs B),bpb_macro,8,1B,0.9,1.7B,1,1.0,0,,,,
scheme,language lists (A vs B),bpb_macro,8,1.7B,0.9,1.7B,1,1.0,0,,,,
scheme,language lists (A vs B),bpb_macro,8,175M,1.0,1.7B,1,1.0,0,,0.014205,0.0056979999999999,B
scheme,language lists (A vs B),bpb_macro,8,350M,1.0,1.7B,1,0.0,0,,0.0021120000000001,0.0056979999999999,B
scheme,language lists (A vs B),bpb_macro,8,600M,1.0,1.7B,1,1.0,0,,0.0032509999999998,0.0056979999999999,B
scheme,language lists (A vs B),bpb_macro,8,1B,1.0,1.7B,1,1.0,0,,0.032429,0.0056979999999999,B
scheme,language lists (A vs B),loss,8,175M,0.1,1.7B,1,0.0,0,,,,
scheme,language lists (A vs B),loss,8,350M,0.1,1.7B,1,1.0,0,,,,
scheme,language lists (A vs B),loss,8,600M,0.1,1.7B,1,1.0,0,,,,
scheme,language lists (A vs B),loss,8,1B,0.1,1.7B,1,1.0,0,,,,
scheme,language lists (A vs B),loss,8,1.7B,0.1,1.7B,1,1.0,0,,,,
scheme,language lists (A vs B),loss,8,175M,0.2,1.7B,1,1.0,0,,,,
scheme,language lists (A vs B),loss,8,350M,0.2,1.7B,1,1.0,0,,,,
scheme,language lists (A vs B),loss,8,600M,0.2,1.7B,1,1.0,0,,,,
scheme,language lists (A vs B),loss,8,1B,0.2,1.7B,1,1.0,0,,,,
scheme,language lists (A vs B),loss,8,1.7B,0.2,1.7B,1,1.0,0,,,,
scheme,language lists (A vs B),loss,8,175M,0.3,1.7B,1,1.0,0,,,,
scheme,language lists (A vs B),loss,8,350M,0.3,1.7B,1,1.0,0,,,,
scheme,language lists (A vs B),loss,8,600M,0.3,1.7B,1,1.0,0,,,,
scheme,language lists (A vs B),loss,8,1B,0.3,1.7B,1,1.0,0,,,,
scheme,language lists (A vs B),loss,8,1.7B,0.3,1.7B,1,1.0,0,,,,
scheme,language lists (A vs B),loss,8,175M,0.4,1.7B,1,1.0,0,,,,
scheme,language lists (A vs B),loss,8,350M,0.4,1.7B,1,1.0,0,,,,
scheme,language lists (A vs B),loss,8,600M,0.4,1.7B,1,1.0,0,,,,
scheme,language lists (A vs B),loss,8,1B,0.4,1.7B,1,1.0,0,,,,
scheme,language lists (A vs B),loss,8,1.7B,0.4,1.7B,1,1.0,0,,,,
scheme,language lists (A vs B),loss,8,175M,0.5,1.7B,1,1.0,0,,,,
scheme,language lists (A vs B),loss,8,350M,0.5,1.7B,1,1.0,0,,,,
scheme,language lists (A vs B),loss,8,600M,0.5,1.7B,1,1.0,0,,,,
scheme,language lists (A vs B),loss,8,1B,0.5,1.7B,1,1.0,0,,,,
scheme,language lists (A vs B),loss,8,1.7B,0.5,1.7B,1,1.0,0,,,,
scheme,language lists (A vs B),loss,8,175M,0.6,1.7B,1,1.0,0,,,,
scheme,language lists (A vs B),loss,8,350M,0.6,1.7B,1,1.0,0,,,,
scheme,language lists (A vs B),loss,8,600M,0.6,1.7B,1,1.0,0,,,,
scheme,language lists (A vs B),loss,8,1B,0.6,1.7B,1,1.0,0,,,,
scheme,language lists (A vs B),loss,8,1.7B,0.6,1.7B,1,1.0,0,,,,
scheme,language lists (A vs B),loss,8,175M,0.7,1.7B,1,1.0,0,,,,
scheme,language lists (A vs B),loss,8,350M,0.7,1.7B,1,1.0,0,,,,
scheme,language lists (A vs B),loss,8,600M,0.7,1.7B,1,1.0,0,,,,
scheme,language lists (A vs B),loss,8,1B,0.7,1.7B,1,1.0,0,,,,
scheme,language lists (A vs B),loss,8,1.7B,0.7,1.7B,1,1.0,0,,,,
scheme,language lists (A vs B),loss,8,175M,0.8,1.7B,1,1.0,0,,,,
scheme,language lists (A vs B),loss,8,350M,0.8,1.7B,1,1.0,0,,,,
scheme,language lists (A vs B),loss,8,600M,0.8,1.7B,1,1.0,0,,,,
scheme,language lists (A vs B),loss,8,1B,0.8,1.7B,1,1.0,0,,,,
scheme,language lists (A vs B),loss,8,1.7B,0.8,1.7B,1,1.0,0,,,,
scheme,language lists (A vs B),loss,8,175M,0.9,1.7B,1,1.0,0,,,,
scheme,language lists (A vs B),loss,8,350M,0.9,1.7B,1,1.0,0,,,,
scheme,language lists (A vs B),loss,8,600M,0.9,1.7B,1,1.0,0,,,,
scheme,language lists (A vs B),loss,8,1B,0.9,1.7B,1,1.0,0,,,,
scheme,language lists (A vs B),loss,8,1.7B,0.9,1.7B,1,1.0,0,,,,
scheme,language lists (A vs B),loss,8,175M,1.0,1.7B,1,1.0,0,,0.0748000000000002,0.0182000000000002,B
scheme,language lists (A vs B),loss,8,350M,1.0,1.7B,1,1.0,0,,0.0461,0.0182000000000002,B
scheme,language lists (A vs B),loss,8,600M,1.0,1.7B,1,1.0,0,,0.0135999999999998,0.0182000000000002,B
scheme,language lists (A vs B),loss,8,1B,1.0,1.7B,1,1.0,0,,0.0529999999999999,0.0182000000000002,B
scheme,language lists (A vs B),bpb_trained,15,175M,0.1,1.7B,6,0.3333333333333333,1,,,,
scheme,language lists (A vs B),bpb_trained,15,350M,0.1,1.7B,6,0.8333333333333334,1,,,,
scheme,language lists (A vs B),bpb_trained,15,600M,0.1,1.7B,6,0.8333333333333334,1,,,,
scheme,language lists (A vs B),bpb_trained,15,1B,0.1,1.7B,6,1.0,1,,,,
scheme,language lists (A vs B),bpb_trained,15,1.7B,0.1,1.7B,6,1.0,1,,,,
scheme,language lists (A vs B),bpb_trained,15,175M,0.2,1.7B,6,0.8333333333333334,1,,,,
scheme,language lists (A vs B),bpb_trained,15,350M,0.2,1.7B,6,0.8333333333333334,1,,,,
scheme,language lists (A vs B),bpb_trained,15,600M,0.2,1.7B,6,0.8333333333333334,1,,,,
scheme,language lists (A vs B),bpb_trained,15,1B,0.2,1.7B,6,1.0,1,,,,
scheme,language lists (A vs B),bpb_trained,15,1.7B,0.2,1.7B,6,1.0,1,,,,
scheme,language lists (A vs B),bpb_trained,15,175M,0.3,1.7B,6,0.6666666666666666,1,,,,
scheme,language lists (A vs B),bpb_trained,15,350M,0.3,1.7B,6,0.8333333333333334,1,,,,
scheme,language lists (A vs B),bpb_trained,15,600M,0.3,1.7B,6,0.8333333333333334,1,,,,
scheme,language lists (A vs B),bpb_trained,15,1B,0.3,1.7B,6,1.0,1,,,,
scheme,language lists (A vs B),bpb_trained,15,1.7B,0.3,1.7B,6,1.0,1,,,,
scheme,language lists (A vs B),bpb_trained,15,175M,0.4,1.7B,6,1.0,1,,,,
scheme,language lists (A vs B),bpb_trained,15,350M,0.4,1.7B,6,0.8333333333333334,1,,,,
scheme,language lists (A vs B),bpb_trained,15,600M,0.4,1.7B,6,0.8333333333333334,1,,,,
scheme,language lists (A vs B),bpb_trained,15,1B,0.4,1.7B,6,1.0,1,,,,
scheme,language lists (A vs B),bpb_trained,15,1.7B,0.4,1.7B,6,1.0,1,,,,
scheme,language lists (A vs B),bpb_trained,15,175M,0.5,1.7B,6,1.0,1,,,,
scheme,language lists (A vs B),bpb_trained,15,350M,0.5,1.7B,6,1.0,1,,,,
scheme,language lists (A vs B),bpb_trained,15,600M,0.5,1.7B,6,0.8333333333333334,1,,,,
scheme,language lists (A vs B),bpb_trained,15,1B,0.5,1.7B,6,1.0,1,,,,
scheme,language lists (A vs B),bpb_trained,15,1.7B,0.5,1.7B,6,1.0,1,,,,
scheme,language lists (A vs B),bpb_trained,15,175M,0.6,1.7B,6,0.1666666666666666,1,,,,
scheme,language lists (A vs B),bpb_trained,15,350M,0.6,1.7B,6,1.0,1,,,,
scheme,language lists (A vs B),bpb_trained,15,600M,0.6,1.7B,6,0.8333333333333334,1,,,,
scheme,language lists (A vs B),bpb_trained,15,1B,0.6,1.7B,6,1.0,1,,,,
scheme,language lists (A vs B),bpb_trained,15,1.7B,0.6,1.7B,6,1.0,1,,,,
scheme,language lists (A vs B),bpb_trained,15,175M,0.7,1.7B,6,0.1666666666666666,1,,,,
scheme,language lists (A vs B),bpb_trained,15,350M,0.7,1.7B,6,1.0,1,,,,
scheme,language lists (A vs B),bpb_trained,15,600M,0.7,1.7B,6,0.8333333333333334,1,,,,
scheme,language lists (A vs B),bpb_trained,15,1B,0.7,1.7B,6,1.0,1,,,,
scheme,language lists (A vs B),bpb_trained,15,1.7B,0.7,1.7B,6,1.0,1,,,,
scheme,language lists (A vs B),bpb_trained,15,175M,0.8,1.7B,6,0.1666666666666666,1,,,,
scheme,language lists (A vs B),bpb_trained,15,350M,0.8,1.7B,6,1.0,1,,,,
scheme,language lists (A vs B),bpb_trained,15,600M,0.8,1.7B,6,0.8333333333333334,1,,,,
scheme,language lists (A vs B),bpb_trained,15,1B,0.8,1.7B,6,1.0,1,,,,
scheme,language lists (A vs B),bpb_trained,15,1.7B,0.8,1.7B,6,1.0,1,,,,
scheme,language lists (A vs B),bpb_trained,15,175M,0.9,1.7B,6,0.1666666666666666,1,,,,
scheme,language lists (A vs B),bpb_trained,15,350M,0.9,1.7B,6,1.0,1,,,,
scheme,language lists (A vs B),bpb_trained,15,600M,0.9,1.7B,6,0.8333333333333334,1,,,,
scheme,language lists (A vs B),bpb_trained,15,1B,0.9,1.7B,6,1.0,1,,,,
scheme,language lists (A vs B),bpb_trained,15,1.7B,0.9,1.7B,6,1.0,1,,,,
scheme,language lists (A vs B),bpb_trained,15,175M,1.0,1.7B,6,0.1666666666666666,1,,0.0108204999999999,0.0075425,B
scheme,language lists (A vs B),bpb_trained,15,350M,1.0,1.7B,6,1.0,1,,0.0089901666666666,0.0075425,B
scheme,language lists (A vs B),bpb_trained,15,600M,1.0,1.7B,6,0.8333333333333334,1,,0.0134988333333333,0.0075425,B
scheme,language lists (A vs B),bpb_trained,15,1B,1.0,1.7B,6,1.0,1,,0.0063955,0.0075425,B
scheme,language lists (A vs B),benchmark,15,175M,0.1,1.7B,78,0.4358974358974359,14,0.4285714285714285,,,
scheme,language lists (A vs B),benchmark,15,350M,0.1,1.7B,78,0.3846153846153846,14,0.5,,,
scheme,language lists (A vs B),benchmark,15,600M,0.1,1.7B,78,0.4230769230769231,14,0.5714285714285714,,,
scheme,language lists (A vs B),benchmark,15,1B,0.1,1.7B,78,0.4615384615384615,14,0.3571428571428571,,,
scheme,language lists (A vs B),benchmark,15,1.7B,0.1,1.7B,78,0.5128205128205128,14,0.5,,,
scheme,language lists (A vs B),benchmark,15,175M,0.2,1.7B,78,0.4615384615384615,14,0.4285714285714285,,,
scheme,language lists (A vs B),benchmark,15,350M,0.2,1.7B,78,0.5384615384615384,14,0.5,,,
scheme,language lists (A vs B),benchmark,15,600M,0.2,1.7B,78,0.3846153846153846,14,0.2857142857142857,,,
scheme,language lists (A vs B),benchmark,15,1B,0.2,1.7B,78,0.5769230769230769,14,0.5714285714285714,,,
scheme,language lists (A vs B),benchmark,15,1.7B,0.2,1.7B,78,0.4615384615384615,14,0.5,,,
scheme,language lists (A vs B),benchmark,15,175M,0.3,1.7B,78,0.4230769230769231,14,0.4285714285714285,,,
scheme,language lists (A vs B),benchmark,15,350M,0.3,1.7B,78,0.4871794871794871,14,0.3571428571428571,,,
scheme,language lists (A vs B),benchmark,15,600M,0.3,1.7B,78,0.4743589743589743,14,0.3571428571428571,,,
scheme,language lists (A vs B),benchmark,15,1B,0.3,1.7B,78,0.5,14,0.5,,,
scheme,language lists (A vs B),benchmark,15,1.7B,0.3,1.7B,78,0.4615384615384615,14,0.7142857142857143,,,
scheme,language lists (A vs B),benchmark,15,175M,0.4,1.7B,78,0.4743589743589743,14,0.5714285714285714,,,
scheme,language lists (A vs B),benchmark,15,350M,0.4,1.7B,78,0.4487179487179487,14,0.5,,,
scheme,language lists (A vs B),benchmark,15,600M,0.4,1.7B,78,0.4487179487179487,14,0.5714285714285714,,,
scheme,language lists (A vs B),benchmark,15,1B,0.4,1.7B,78,0.5512820512820513,14,0.5714285714285714,,,
scheme,language lists (A vs B),benchmark,15,1.7B,0.4,1.7B,78,0.6794871794871795,14,0.5714285714285714,,,
scheme,language lists (A vs B),benchmark,15,175M,0.5,1.7B,78,0.4487179487179487,14,0.5714285714285714,,,
scheme,language lists (A vs B),benchmark,15,350M,0.5,1.7B,78,0.3717948717948718,14,0.3571428571428571,,,
scheme,language lists (A vs B),benchmark,15,600M,0.5,1.7B,78,0.5,14,0.5,,,
scheme,language lists (A vs B),benchmark,15,1B,0.5,1.7B,78,0.4615384615384615,14,0.5,,,
scheme,language lists (A vs B),benchmark,15,1.7B,0.5,1.7B,78,0.4615384615384615,14,0.5714285714285714,,,
scheme,language lists (A vs B),benchmark,15,175M,0.6,1.7B,78,0.6153846153846154,14,0.5714285714285714,,,
scheme,language lists (A vs B),benchmark,15,350M,0.6,1.7B,78,0.3974358974358974,14,0.2857142857142857,,,
scheme,language lists (A vs B),benchmark,15,600M,0.6,1.7B,78,0.4615384615384615,14,0.4285714285714285,,,
scheme,language lists (A vs B),benchmark,15,1B,0.6,1.7B,78,0.4230769230769231,14,0.2142857142857142,,,
scheme,language lists (A vs B),benchmark,15,1.7B,0.6,1.7B,78,0.5897435897435898,14,0.6428571428571429,,,
scheme,language lists (A vs B),benchmark,15,175M,0.7,1.7B,78,0.5128205128205128,14,0.6428571428571429,,,
scheme,language lists (A vs B),benchmark,15,350M,0.7,1.7B,78,0.4615384615384615,14,0.3571428571428571,,,
scheme,language lists (A vs B),benchmark,15,600M,0.7,1.7B,78,0.5128205128205128,14,0.6428571428571429,,,
scheme,language lists (A vs B),benchmark,15,1B,0.7,1.7B,78,0.5897435897435898,14,0.6428571428571429,,,
scheme,language lists (A vs B),benchmark,15,1.7B,0.7,1.7B,78,0.5897435897435898,14,0.7857142857142857,,,
scheme,language lists (A vs B),benchmark,15,175M,0.8,1.7B,78,0.4102564102564102,14,0.7142857142857143,,,
scheme,language lists (A vs B),benchmark,15,350M,0.8,1.7B,78,0.4615384615384615,14,0.2142857142857142,,,
scheme,language lists (A vs B),benchmark,15,600M,0.8,1.7B,78,0.4487179487179487,14,0.5,,,
scheme,language lists (A vs B),benchmark,15,1B,0.8,1.7B,78,0.5641025641025641,14,0.6428571428571429,,,
scheme,language lists (A vs B),benchmark,15,1.7B,0.8,1.7B,78,0.5641025641025641,14,0.6428571428571429,,,
scheme,language lists (A vs B),benchmark,15,175M,0.9,1.7B,78,0.5512820512820513,14,0.7142857142857143,,,
scheme,language lists (A vs B),benchmark,15,350M,0.9,1.7B,78,0.5384615384615384,14,0.3571428571428571,,,
scheme,language lists (A vs B),benchmark,15,600M,0.9,1.7B,78,0.3717948717948718,14,0.7142857142857143,,,
scheme,language lists (A vs B),benchmark,15,1B,0.9,1.7B,78,0.5256410256410257,14,0.5714285714285714,,,
scheme,language lists (A vs B),benchmark,15,1.7B,0.9,1.7B,78,0.7564102564102564,14,0.9285714285714286,,,
scheme,language lists (A vs B),benchmark,15,175M,1.0,1.7B,78,0.5,14,0.7142857142857143,0.0161442307692307,0.0161984615384615,A
scheme,language lists (A vs B),benchmark,15,350M,1.0,1.7B,78,0.5,14,0.2857142857142857,0.0136206153846153,0.0161984615384615,A
scheme,language lists (A vs B),benchmark,15,600M,1.0,1.7B,78,0.3461538461538461,14,0.3571428571428571,0.0100905512820512,0.0161984615384615,A
scheme,language lists (A vs B),benchmark,15,1B,1.0,1.7B,78,0.5128205128205128,14,0.5714285714285714,0.0163706666666666,0.0161984615384615,A
scheme,language lists (A vs B),bpb_macro,15,175M,0.1,1.7B,1,1.0,1,1.0,,,
scheme,language lists (A vs B),bpb_macro,15,350M,0.1,1.7B,1,0.0,1,0.0,,,
scheme,language lists (A vs B),bpb_macro,15,600M,0.1,1.7B,1,0.0,1,0.0,,,
scheme,language lists (A vs B),bpb_macro,15,1B,0.1,1.7B,1,1.0,1,1.0,,,
scheme,language lists (A vs B),bpb_macro,15,1.7B,0.1,1.7B,1,1.0,1,1.0,,,
scheme,language lists (A vs B),bpb_macro,15,175M,0.2,1.7B,1,0.0,1,0.0,,,
scheme,language lists (A vs B),bpb_macro,15,350M,0.2,1.7B,1,1.0,1,1.0,,,
scheme,language lists (A vs B),bpb_macro,15,600M,0.2,1.7B,1,1.0,1,1.0,,,
scheme,language lists (A vs B),bpb_macro,15,1B,0.2,1.7B,1,1.0,1,1.0,,,
scheme,language lists (A vs B),bpb_macro,15,1.7B,0.2,1.7B,1,1.0,1,1.0,,,
scheme,language lists (A vs B),bpb_macro,15,175M,0.3,1.7B,1,1.0,1,1.0,,,
scheme,language lists (A vs B),bpb_macro,15,350M,0.3,1.7B,1,1.0,1,1.0,,,
scheme,language lists (A vs B),bpb_macro,15,600M,0.3,1.7B,1,1.0,1,1.0,,,
scheme,language lists (A vs B),bpb_macro,15,1B,0.3,1.7B,1,1.0,1,1.0,,,
scheme,language lists (A vs B),bpb_macro,15,1.7B,0.3,1.7B,1,1.0,1,1.0,,,
scheme,language lists (A vs B),bpb_macro,15,175M,0.4,1.7B,1,1.0,1,1.0,,,
scheme,language lists (A vs B),bpb_macro,15,350M,0.4,1.7B,1,1.0,1,1.0,,,
scheme,language lists (A vs B),bpb_macro,15,600M,0.4,1.7B,1,1.0,1,1.0,,,
scheme,language lists (A vs B),bpb_macro,15,1B,0.4,1.7B,1,1.0,1,1.0,,,
scheme,language lists (A vs B),bpb_macro,15,1.7B,0.4,1.7B,1,1.0,1,1.0,,,
scheme,language lists (A vs B),bpb_macro,15,175M,0.5,1.7B,1,1.0,1,1.0,,,
scheme,language lists (A vs B),bpb_macro,15,350M,0.5,1.7B,1,1.0,1,1.0,,,
scheme,language lists (A vs B),bpb_macro,15,600M,0.5,1.7B,1,1.0,1,1.0,,,
scheme,language lists (A vs B),bpb_macro,15,1B,0.5,1.7B,1,1.0,1,1.0,,,
scheme,language lists (A vs B),bpb_macro,15,1.7B,0.5,1.7B,1,1.0,1,1.0,,,
scheme,language lists (A vs B),bpb_macro,15,175M,0.6,1.7B,1,1.0,1,1.0,,,
scheme,language lists (A vs B),bpb_macro,15,350M,0.6,1.7B,1,1.0,1,1.0,,,
scheme,language lists (A vs B),bpb_macro,15,600M,0.6,1.7B,1,1.0,1,1.0,,,
scheme,language lists (A vs B),bpb_macro,15,1B,0.6,1.7B,1,1.0,1,1.0,,,
scheme,language lists (A vs B),bpb_macro,15,1.7B,0.6,1.7B,1,1.0,1,1.0,,,
scheme,language lists (A vs B),bpb_macro,15,175M,0.7,1.7B,1,1.0,1,1.0,,,
scheme,language lists (A vs B),bpb_macro,15,350M,0.7,1.7B,1,1.0,1,1.0,,,
scheme,language lists (A vs B),bpb_macro,15,600M,0.7,1.7B,1,1.0,1,1.0,,,
scheme,language lists (A vs B),bpb_macro,15,1B,0.7,1.7B,1,1.0,1,1.0,,,
scheme,language lists (A vs B),bpb_macro,15,1.7B,0.7,1.7B,1,1.0,1,1.0,,,
scheme,language lists (A vs B),bpb_macro,15,175M,0.8,1.7B,1,1.0,1,1.0,,,
scheme,language lists (A vs B),bpb_macro,15,350M,0.8,1.7B,1,1.0,1,1.0,,,
scheme,language lists (A vs B),bpb_macro,15,600M,0.8,1.7B,1,1.0,1,1.0,,,
scheme,language lists (A vs B),bpb_macro,15,1B,0.8,1.7B,1,1.0,1,1.0,,,
scheme,language lists (A vs B),bpb_macro,15,1.7B,0.8,1.7B,1,1.0,1,1.0,,,
scheme,language lists (A vs B),bpb_macro,15,175M,0.9,1.7B,1,1.0,1,1.0,,,
scheme,language lists (A vs B),bpb_macro,15,350M,0.9,1.7B,1,1.0,1,1.0,,,
scheme,language lists (A vs B),bpb_macro,15,600M,0.9,1.7B,1,1.0,1,1.0,,,
scheme,language lists (A vs B),bpb_macro,15,1B,0.9,1.7B,1,1.0,1,1.0,,,
scheme,language lists (A vs B),bpb_macro,15,1.7B,0.9,1.7B,1,1.0,1,1.0,,,
scheme,language lists (A vs B),bpb_macro,15,175M,1.0,1.7B,1,1.0,1,1.0,0.103094,0.0221820000000001,A
scheme,language lists (A vs B),bpb_macro,15,350M,1.0,1.7B,1,1.0,1,1.0,0.0311159999999999,0.0221820000000001,A
scheme,language lists (A vs B),bpb_macro,15,600M,1.0,1.7B,1,1.0,1,1.0,0.013889,0.0221820000000001,A
scheme,language lists (A vs B),bpb_macro,15,1B,1.0,1.7B,1,1.0,1,1.0,0.0238629999999999,0.0221820000000001,A
scheme,language lists (A vs B),loss,15,175M,0.1,1.7B,1,0.0,0,,,,
scheme,language lists (A vs B),loss,15,350M,0.1,1.7B,1,1.0,0,,,,
scheme,language lists (A vs B),loss,15,600M,0.1,1.7B,1,1.0,0,,,,
scheme,language lists (A vs B),loss,15,1B,0.1,1.7B,1,1.0,0,,,,
scheme,language lists (A vs B),loss,15,1.7B,0.1,1.7B,1,1.0,0,,,,
scheme,language lists (A vs B),loss,15,175M,0.2,1.7B,1,1.0,0,,,,
scheme,language lists (A vs B),loss,15,350M,0.2,1.7B,1,1.0,0,,,,
scheme,language lists (A vs B),loss,15,600M,0.2,1.7B,1,1.0,0,,,,
scheme,language lists (A vs B),loss,15,1B,0.2,1.7B,1,1.0,0,,,,
scheme,language lists (A vs B),loss,15,1.7B,0.2,1.7B,1,1.0,0,,,,
scheme,language lists (A vs B),loss,15,175M,0.3,1.7B,1,1.0,0,,,,
scheme,language lists (A vs B),loss,15,350M,0.3,1.7B,1,1.0,0,,,,
scheme,language lists (A vs B),loss,15,600M,0.3,1.7B,1,1.0,0,,,,
scheme,language lists (A vs B),loss,15,1B,0.3,1.7B,1,1.0,0,,,,
scheme,language lists (A vs B),loss,15,1.7B,0.3,1.7B,1,1.0,0,,,,
scheme,language lists (A vs B),loss,15,175M,0.4,1.7B,1,1.0,0,,,,
scheme,language lists (A vs B),loss,15,350M,0.4,1.7B,1,1.0,0,,,,
scheme,language lists (A vs B),loss,15,600M,0.4,1.7B,1,1.0,0,,,,
scheme,language lists (A vs B),loss,15,1B,0.4,1.7B,1,1.0,0,,,,
scheme,language lists (A vs B),loss,15,1.7B,0.4,1.7B,1,1.0,0,,,,
scheme,language lists (A vs B),loss,15,175M,0.5,1.7B,1,1.0,0,,,,
scheme,language lists (A vs B),loss,15,350M,0.5,1.7B,1,1.0,0,,,,
scheme,language lists (A vs B),loss,15,600M,0.5,1.7B,1,1.0,0,,,,
scheme,language lists (A vs B),loss,15,1B,0.5,1.7B,1,1.0,0,,,,
scheme,language lists (A vs B),loss,15,1.7B,0.5,1.7B,1,1.0,0,,,,
scheme,language lists (A vs B),loss,15,175M,0.6,1.7B,1,0.0,0,,,,
scheme,language lists (A vs B),loss,15,350M,0.6,1.7B,1,1.0,0,,,,
scheme,language lists (A vs B),loss,15,600M,0.6,1.7B,1,1.0,0,,,,
scheme,language lists (A vs B),loss,15,1B,0.6,1.7B,1,1.0,0,,,,
scheme,language lists (A vs B),loss,15,1.7B,0.6,1.7B,1,1.0,0,,,,
scheme,language lists (A vs B),loss,15,175M,0.7,1.7B,1,1.0,0,,,,
scheme,language lists (A vs B),loss,15,350M,0.7,1.7B,1,1.0,0,,,,
scheme,language lists (A vs B),loss,15,600M,0.7,1.7B,1,1.0,0,,,,
scheme,language lists (A vs B),loss,15,1B,0.7,1.7B,1,1.0,0,,,,
scheme,language lists (A vs B),loss,15,1.7B,0.7,1.7B,1,1.0,0,,,,
scheme,language lists (A vs B),loss,15,175M,0.8,1.7B,1,1.0,0,,,,
scheme,language lists (A vs B),loss,15,350M,0.8,1.7B,1,1.0,0,,,,
scheme,language lists (A vs B),loss,15,600M,0.8,1.7B,1,1.0,0,,,,
scheme,language lists (A vs B),loss,15,1B,0.8,1.7B,1,1.0,0,,,,
scheme,language lists (A vs B),loss,15,1.7B,0.8,1.7B,1,1.0,0,,,,
scheme,language lists (A vs B),loss,15,175M,0.9,1.7B,1,0.0,0,,,,
scheme,language lists (A vs B),loss,15,350M,0.9,1.7B,1,1.0,0,,,,
scheme,language lists (A vs B),loss,15,600M,0.9,1.7B,1,1.0,0,,,,
scheme,language lists (A vs B),loss,15,1B,0.9,1.7B,1,1.0,0,,,,
scheme,language lists (A vs B),loss,15,1.7B,0.9,1.7B,1,1.0,0,,,,
scheme,language lists (A vs B),loss,15,175M,1.0,1.7B,1,1.0,0,,0.0041000000000002,0.0429999999999997,B
scheme,language lists (A vs B),loss,15,350M,1.0,1.7B,1,1.0,0,,0.0716999999999998,0.0429999999999997,B
scheme,language lists (A vs B),loss,15,600M,1.0,1.7B,1,1.0,0,,0.0769999999999999,0.0429999999999997,B
scheme,language lists (A vs B),loss,15,1B,1.0,1.7B,1,1.0,0,,0.0385999999999997,0.0429999999999997,B
scheme,language lists (A vs B),bpb_trained,30,175M,0.1,1.7B,26,0.0384615384615384,0,,,,
scheme,language lists (A vs B),bpb_trained,30,350M,0.1,1.7B,26,0.9615384615384616,0,,,,
scheme,language lists (A vs B),bpb_trained,30,600M,0.1,1.7B,26,1.0,0,,,,
scheme,language lists (A vs B),bpb_trained,30,1B,0.1,1.7B,26,0.5769230769230769,0,,,,
scheme,language lists (A vs B),bpb_trained,30,1.7B,0.1,1.7B,26,1.0,0,,,,
scheme,language lists (A vs B),bpb_trained,30,175M,0.2,1.7B,26,0.9615384615384616,0,,,,
scheme,language lists (A vs B),bpb_trained,30,350M,0.2,1.7B,26,1.0,0,,,,
scheme,language lists (A vs B),bpb_trained,30,600M,0.2,1.7B,26,1.0,0,,,,
scheme,language lists (A vs B),bpb_trained,30,1B,0.2,1.7B,26,0.7307692307692307,0,,,,
scheme,language lists (A vs B),bpb_trained,30,1.7B,0.2,1.7B,26,1.0,0,,,,
scheme,language lists (A vs B),bpb_trained,30,175M,0.3,1.7B,26,0.0384615384615384,0,,,,
scheme,language lists (A vs B),bpb_trained,30,350M,0.3,1.7B,26,1.0,0,,,,
scheme,language lists (A vs B),bpb_trained,30,600M,0.3,1.7B,26,1.0,0,,,,
scheme,language lists (A vs B),bpb_trained,30,1B,0.3,1.7B,26,0.6153846153846154,0,,,,
scheme,language lists (A vs B),bpb_trained,30,1.7B,0.3,1.7B,26,1.0,0,,,,
scheme,language lists (A vs B),bpb_trained,30,175M,0.4,1.7B,26,0.0384615384615384,0,,,,
scheme,language lists (A vs B),bpb_trained,30,350M,0.4,1.7B,26,1.0,0,,,,
scheme,language lists (A vs B),bpb_trained,30,600M,0.4,1.7B,26,1.0,0,,,,
scheme,language lists (A vs B),bpb_trained,30,1B,0.4,1.7B,26,0.5,0,,,,
scheme,language lists (A vs B),bpb_trained,30,1.7B,0.4,1.7B,26,1.0,0,,,,
scheme,language lists (A vs B),bpb_trained,30,175M,0.5,1.7B,26,1.0,0,,,,
scheme,language lists (A vs B),bpb_trained,30,350M,0.5,1.7B,26,1.0,0,,,,
scheme,language lists (A vs B),bpb_trained,30,600M,0.5,1.7B,26,1.0,0,,,,
scheme,language lists (A vs B),bpb_trained,30,1B,0.5,1.7B,26,0.5,0,,,,
scheme,language lists (A vs B),bpb_trained,30,1.7B,0.5,1.7B,26,1.0,0,,,,
scheme,language lists (A vs B),bpb_trained,30,175M,0.6,1.7B,26,0.0384615384615384,0,,,,
scheme,language lists (A vs B),bpb_trained,30,350M,0.6,1.7B,26,1.0,0,,,,
scheme,language lists (A vs B),bpb_trained,30,600M,0.6,1.7B,26,0.7692307692307693,0,,,,
scheme,language lists (A vs B),bpb_trained,30,1B,0.6,1.7B,26,0.5,0,,,,
scheme,language lists (A vs B),bpb_trained,30,1.7B,0.6,1.7B,26,1.0,0,,,,
scheme,language lists (A vs B),bpb_trained,30,175M,0.7,1.7B,26,0.0384615384615384,0,,,,
scheme,language lists (A vs B),bpb_trained,30,350M,0.7,1.7B,26,1.0,0,,,,
scheme,language lists (A vs B),bpb_trained,30,600M,0.7,1.7B,26,1.0,0,,,,
scheme,language lists (A vs B),bpb_trained,30,1B,0.7,1.7B,26,0.4230769230769231,0,,,,
scheme,language lists (A vs B),bpb_trained,30,1.7B,0.7,1.7B,26,1.0,0,,,,
scheme,language lists (A vs B),bpb_trained,30,175M,0.8,1.7B,26,0.0384615384615384,0,,,,
scheme,language lists (A vs B),bpb_trained,30,350M,0.8,1.7B,26,0.9230769230769232,0,,,,
scheme,language lists (A vs B),bpb_trained,30,600M,0.8,1.7B,26,1.0,0,,,,
scheme,language lists (A vs B),bpb_trained,30,1B,0.8,1.7B,26,0.1538461538461538,0,,,,
scheme,language lists (A vs B),bpb_trained,30,1.7B,0.8,1.7B,26,0.9615384615384616,0,,,,
scheme,language lists (A vs B),bpb_trained,30,175M,0.9,1.7B,26,0.0384615384615384,0,,,,
scheme,language lists (A vs B),bpb_trained,30,350M,0.9,1.7B,26,1.0,0,,,,
scheme,language lists (A vs B),bpb_trained,30,600M,0.9,1.7B,26,1.0,0,,,,
scheme,language lists (A vs B),bpb_trained,30,1B,0.9,1.7B,26,0.3076923076923077,0,,,,
scheme,language lists (A vs B),bpb_trained,30,1.7B,0.9,1.7B,26,1.0,0,,,,
scheme,language lists (A vs B),bpb_trained,30,175M,1.0,1.7B,26,0.0384615384615384,0,,0.0157841538461538,0.0025778461538461,B
scheme,language lists (A vs B),bpb_trained,30,350M,1.0,1.7B,26,1.0,0,,0.0033745384615384,0.0025778461538461,B
scheme,language lists (A vs B),bpb_trained,30,600M,1.0,1.7B,26,1.0,0,,0.0041318846153846,0.0025778461538461,B
scheme,language lists (A vs B),bpb_trained,30,1B,1.0,1.7B,26,0.3076923076923077,0,,0.001482423076923,0.0025778461538461,B
scheme,language lists (A vs B),benchmark,30,175M,0.1,1.7B,302,0.5562913907284768,40,0.8,,,
scheme,language lists (A vs B),benchmark,30,350M,0.1,1.7B,302,0.4768211920529801,40,0.45,,,
scheme,language lists (A vs B),benchmark,30,600M,0.1,1.7B,302,0.4635761589403973,40,0.425,,,
scheme,language lists (A vs B),benchmark,30,1B,0.1,1.7B,302,0.543046357615894,40,0.525,,,
scheme,language lists (A vs B),benchmark,30,1.7B,0.1,1.7B,302,0.4470198675496689,40,0.425,,,
scheme,language lists (A vs B),benchmark,30,175M,0.2,1.7B,302,0.3841059602649007,40,0.45,,,
scheme,language lists (A vs B),benchmark,30,350M,0.2,1.7B,302,0.4602649006622517,40,0.475,,,
scheme,language lists (A vs B),benchmark,30,600M,0.2,1.7B,302,0.5364238410596026,40,0.65,,,
scheme,language lists (A vs B),benchmark,30,1B,0.2,1.7B,302,0.4536423841059602,40,0.375,,,
scheme,language lists (A vs B),benchmark,30,1.7B,0.2,1.7B,302,0.4172185430463576,40,0.35,,,
scheme,language lists (A vs B),benchmark,30,175M,0.3,1.7B,302,0.4536423841059602,40,0.375,,,
scheme,language lists (A vs B),benchmark,30,350M,0.3,1.7B,302,0.5331125827814569,40,0.625,,,
scheme,language lists (A vs B),benchmark,30,600M,0.3,1.7B,302,0.4370860927152318,40,0.475,,,
scheme,language lists (A vs B),benchmark,30,1B,0.3,1.7B,302,0.5033112582781457,40,0.525,,,
scheme,language lists (A vs B),benchmark,30,1.7B,0.3,1.7B,302,0.4205298013245033,40,0.425,,,
scheme,language lists (A vs B),benchmark,30,175M,0.4,1.7B,302,0.4933774834437086,40,0.55,,,
scheme,language lists (A vs B),benchmark,30,350M,0.4,1.7B,302,0.4635761589403973,40,0.375,,,
scheme,language lists (A vs B),benchmark,30,600M,0.4,1.7B,302,0.423841059602649,40,0.375,,,
scheme,language lists (A vs B),benchmark,30,1B,0.4,1.7B,302,0.4039735099337748,40,0.3,,,
scheme,language lists (A vs B),benchmark,30,1.7B,0.4,1.7B,302,0.5066225165562914,40,0.3,,,
scheme,language lists (A vs B),benchmark,30,175M,0.5,1.7B,302,0.4900662251655629,40,0.4,,,
scheme,language lists (A vs B),benchmark,30,350M,0.5,1.7B,302,0.5165562913907285,40,0.475,,,
scheme,language lists (A vs B),benchmark,30,600M,0.5,1.7B,302,0.5033112582781457,40,0.5,,,
scheme,language lists (A vs B),benchmark,30,1B,0.5,1.7B,302,0.4470198675496689,40,0.45,,,
scheme,language lists (A vs B),benchmark,30,1.7B,0.5,1.7B,302,0.5264900662251656,40,0.425,,,
scheme,language lists (A vs B),benchmark,30,175M,0.6,1.7B,302,0.4602649006622517,40,0.35,,,
scheme,language lists (A vs B),benchmark,30,350M,0.6,1.7B,302,0.466887417218543,40,0.475,,,
scheme,language lists (A vs B),benchmark,30,600M,0.6,1.7B,302,0.4966887417218543,40,0.6,,,
scheme,language lists (A vs B),benchmark,30,1B,0.6,1.7B,302,0.5298013245033113,40,0.65,,,
scheme,language lists (A vs B),benchmark,30,1.7B,0.6,1.7B,302,0.5596026490066225,40,0.725,,,
scheme,language lists (A vs B),benchmark,30,175M,0.7,1.7B,302,0.4635761589403973,40,0.4,,,
scheme,language lists (A vs B),benchmark,30,350M,0.7,1.7B,302,0.5264900662251656,40,0.55,,,
scheme,language lists (A vs B),benchmark,30,600M,0.7,1.7B,302,0.5298013245033113,40,0.7,,,
scheme,language lists (A vs B),benchmark,30,1B,0.7,1.7B,302,0.4900662251655629,40,0.475,,,
scheme,language lists (A vs B),benchmark,30,1.7B,0.7,1.7B,302,0.5397350993377483,40,0.6,,,
scheme,language lists (A vs B),benchmark,30,175M,0.8,1.7B,302,0.4735099337748344,40,0.5,,,
scheme,language lists (A vs B),benchmark,30,350M,0.8,1.7B,302,0.5,40,0.5,,,
scheme,language lists (A vs B),benchmark,30,600M,0.8,1.7B,302,0.4900662251655629,40,0.575,,,
scheme,language lists (A vs B),benchmark,30,1B,0.8,1.7B,302,0.4801324503311258,40,0.55,,,
scheme,language lists (A vs B),benchmark,30,1.7B,0.8,1.7B,302,0.6026490066225165,40,0.625,,,
scheme,language lists (A vs B),benchmark,30,175M,0.9,1.7B,302,0.4503311258278146,40,0.35,,,
scheme,language lists (A vs B),benchmark,30,350M,0.9,1.7B,302,0.4536423841059602,40,0.55,,,
scheme,language lists (A vs B),benchmark,30,600M,0.9,1.7B,302,0.4602649006622517,40,0.425,,,
scheme,language lists (A vs B),benchmark,30,1B,0.9,1.7B,302,0.4768211920529801,40,0.45,,,
scheme,language lists (A vs B),benchmark,30,1.7B,0.9,1.7B,302,0.695364238410596,40,0.925,,,
scheme,language lists (A vs B),benchmark,30,175M,1.0,1.7B,302,0.4602649006622517,40,0.425,0.0141853774834437,0.0140029470198675,B
scheme,language lists (A vs B),benchmark,30,350M,1.0,1.7B,302,0.4900662251655629,40,0.525,0.0126712947019867,0.0140029470198675,B
scheme,language lists (A vs B),benchmark,30,600M,1.0,1.7B,302,0.4701986754966887,40,0.5,0.0130800629139072,0.0140029470198675,B
scheme,language lists (A vs B),benchmark,30,1B,1.0,1.7B,302,0.4536423841059602,40,0.3,0.0142963079470198,0.0140029470198675,B
scheme,language lists (A vs B),bpb_macro,30,175M,0.1,1.7B,1,1.0,0,,,,
scheme,language lists (A vs B),bpb_macro,30,350M,0.1,1.7B,1,1.0,0,,,,
scheme,language lists (A vs B),bpb_macro,30,600M,0.1,1.7B,1,1.0,0,,,,
scheme,language lists (A vs B),bpb_macro,30,1B,0.1,1.7B,1,1.0,0,,,,
scheme,language lists (A vs B),bpb_macro,30,1.7B,0.1,1.7B,1,1.0,0,,,,
scheme,language lists (A vs B),bpb_macro,30,175M,0.2,1.7B,1,0.0,0,,,,
scheme,language lists (A vs B),bpb_macro,30,350M,0.2,1.7B,1,1.0,0,,,,
scheme,language lists (A vs B),bpb_macro,30,600M,0.2,1.7B,1,1.0,0,,,,
scheme,language lists (A vs B),bpb_macro,30,1B,0.2,1.7B,1,1.0,0,,,,
scheme,language lists (A vs B),bpb_macro,30,1.7B,0.2,1.7B,1,1.0,0,,,,
scheme,language lists (A vs B),bpb_macro,30,175M,0.3,1.7B,1,1.0,0,,,,
scheme,language lists (A vs B),bpb_macro,30,350M,0.3,1.7B,1,1.0,0,,,,
scheme,language lists (A vs B),bpb_macro,30,600M,0.3,1.7B,1,1.0,0,,,,
scheme,language lists (A vs B),bpb_macro,30,1B,0.3,1.7B,1,1.0,0,,,,
scheme,language lists (A vs B),bpb_macro,30,1.7B,0.3,1.7B,1,1.0,0,,,,
scheme,language lists (A vs B),bpb_macro,30,175M,0.4,1.7B,1,1.0,0,,,,
scheme,language lists (A vs B),bpb_macro,30,350M,0.4,1.7B,1,1.0,0,,,,
scheme,language lists (A vs B),bpb_macro,30,600M,0.4,1.7B,1,1.0,0,,,,
scheme,language lists (A vs B),bpb_macro,30,1B,0.4,1.7B,1,1.0,0,,,,
scheme,language lists (A vs B),bpb_macro,30,1.7B,0.4,1.7B,1,1.0,0,,,,
scheme,language lists (A vs B),bpb_macro,30,175M,0.5,1.7B,1,1.0,0,,,,
scheme,language lists (A vs B),bpb_macro,30,350M,0.5,1.7B,1,1.0,0,,,,
scheme,language lists (A vs B),bpb_macro,30,600M,0.5,1.7B,1,1.0,0,,,,
scheme,language lists (A vs B),bpb_macro,30,1B,0.5,1.7B,1,1.0,0,,,,
scheme,language lists (A vs B),bpb_macro,30,1.7B,0.5,1.7B,1,1.0,0,,,,
scheme,language lists (A vs B),bpb_macro,30,175M,0.6,1.7B,1,1.0,0,,,,
scheme,language lists (A vs B),bpb_macro,30,350M,0.6,1.7B,1,1.0,0,,,,
scheme,language lists (A vs B),bpb_macro,30,600M,0.6,1.7B,1,1.0,0,,,,
scheme,language lists (A vs B),bpb_macro,30,1B,0.6,1.7B,1,1.0,0,,,,
scheme,language lists (A vs B),bpb_macro,30,1.7B,0.6,1.7B,1,1.0,0,,,,
scheme,language lists (A vs B),bpb_macro,30,175M,0.7,1.7B,1,1.0,0,,,,
scheme,language lists (A vs B),bpb_macro,30,350M,0.7,1.7B,1,1.0,0,,,,
scheme,language lists (A vs B),bpb_macro,30,600M,0.7,1.7B,1,1.0,0,,,,
scheme,language lists (A vs B),bpb_macro,30,1B,0.7,1.7B,1,1.0,0,,,,
scheme,language lists (A vs B),bpb_macro,30,1.7B,0.7,1.7B,1,1.0,0,,,,
scheme,language lists (A vs B),bpb_macro,30,175M,0.8,1.7B,1,1.0,0,,,,
scheme,language lists (A vs B),bpb_macro,30,350M,0.8,1.7B,1,1.0,0,,,,
scheme,language lists (A vs B),bpb_macro,30,600M,0.8,1.7B,1,1.0,0,,,,
scheme,language lists (A vs B),bpb_macro,30,1B,0.8,1.7B,1,1.0,0,,,,
scheme,language lists (A vs B),bpb_macro,30,1.7B,0.8,1.7B,1,1.0,0,,,,
scheme,language lists (A vs B),bpb_macro,30,175M,0.9,1.7B,1,1.0,0,,,,
scheme,language lists (A vs B),bpb_macro,30,350M,0.9,1.7B,1,1.0,0,,,,
scheme,language lists (A vs B),bpb_macro,30,600M,0.9,1.7B,1,1.0,0,,,,
scheme,language lists (A vs B),bpb_macro,30,1B,0.9,1.7B,1,1.0,0,,,,
scheme,language lists (A vs B),bpb_macro,30,1.7B,0.9,1.7B,1,1.0,0,,,,
scheme,language lists (A vs B),bpb_macro,30,175M,1.0,1.7B,1,1.0,0,,0.0525209999999998,0.016771,A
scheme,language lists (A vs B),bpb_macro,30,350M,1.0,1.7B,1,1.0,0,,0.010666,0.016771,A
scheme,language lists (A vs B),bpb_macro,30,600M,1.0,1.7B,1,1.0,0,,0.0183740000000001,0.016771,A
scheme,language lists (A vs B),bpb_macro,30,1B,1.0,1.7B,1,1.0,0,,0.016718,0.016771,A
scheme,language lists (A vs B),loss,30,175M,0.1,1.7B,1,0.0,0,,,,
scheme,language lists (A vs B),loss,30,350M,0.1,1.7B,1,1.0,0,,,,
scheme,language lists (A vs B),loss,30,600M,0.1,1.7B,1,1.0,0,,,,
scheme,language lists (A vs B),loss,30,1B,0.1,1.7B,1,1.0,0,,,,
scheme,language lists (A vs B),loss,30,1.7B,0.1,1.7B,1,1.0,0,,,,
scheme,language lists (A vs B),loss,30,175M,0.2,1.7B,1,1.0,0,,,,
scheme,language lists (A vs B),loss,30,350M,0.2,1.7B,1,1.0,0,,,,
scheme,language lists (A vs B),loss,30,600M,0.2,1.7B,1,1.0,0,,,,
scheme,language lists (A vs B),loss,30,1B,0.2,1.7B,1,0.0,0,,,,
scheme,language lists (A vs B),loss,30,1.7B,0.2,1.7B,1,0.0,0,,,,
scheme,language lists (A vs B),loss,30,175M,0.3,1.7B,1,0.0,0,,,,
scheme,language lists (A vs B),loss,30,350M,0.3,1.7B,1,1.0,0,,,,
scheme,language lists (A vs B),loss,30,600M,0.3,1.7B,1,1.0,0,,,,
scheme,language lists (A vs B),loss,30,1B,0.3,1.7B,1,0.0,0,,,,
scheme,language lists (A vs B),loss,30,1.7B,0.3,1.7B,1,0.0,0,,,,
scheme,language lists (A vs B),loss,30,175M,0.4,1.7B,1,0.0,0,,,,
scheme,language lists (A vs B),loss,30,350M,0.4,1.7B,1,0.0,0,,,,
scheme,language lists (A vs B),loss,30,600M,0.4,1.7B,1,1.0,0,,,,
scheme,language lists (A vs B),loss,30,1B,0.4,1.7B,1,0.0,0,,,,
scheme,language lists (A vs B),loss,30,1.7B,0.4,1.7B,1,1.0,0,,,,
scheme,language lists (A vs B),loss,30,175M,0.5,1.7B,1,1.0,0,,,,
scheme,language lists (A vs B),loss,30,350M,0.5,1.7B,1,0.0,0,,,,
scheme,language lists (A vs B),loss,30,600M,0.5,1.7B,1,0.0,0,,,,
scheme,language lists (A vs B),loss,30,1B,0.5,1.7B,1,0.0,0,,,,
scheme,language lists (A vs B),loss,30,1.7B,0.5,1.7B,1,0.0,0,,,,
scheme,language lists (A vs B),loss,30,175M,0.6,1.7B,1,0.0,0,,,,
scheme,language lists (A vs B),loss,30,350M,0.6,1.7B,1,0.0,0,,,,
scheme,language lists (A vs B),loss,30,600M,0.6,1.7B,1,1.0,0,,,,
scheme,language lists (A vs B),loss,30,1B,0.6,1.7B,1,0.0,0,,,,
scheme,language lists (A vs B),loss,30,1.7B,0.6,1.7B,1,0.0,0,,,,
scheme,language lists (A vs B),loss,30,175M,0.7,1.7B,1,0.0,0,,,,
scheme,language lists (A vs B),loss,30,350M,0.7,1.7B,1,1.0,0,,,,
scheme,language lists (A vs B),loss,30,600M,0.7,1.7B,1,1.0,0,,,,
scheme,language lists (A vs B),loss,30,1B,0.7,1.7B,1,1.0,0,,,,
scheme,language lists (A vs B),loss,30,1.7B,0.7,1.7B,1,1.0,0,,,,
scheme,language lists (A vs B),loss,30,175M,0.8,1.7B,1,0.0,0,,,,
scheme,language lists (A vs B),loss,30,350M,0.8,1.7B,1,0.0,0,,,,
scheme,language lists (A vs B),loss,30,600M,0.8,1.7B,1,1.0,0,,,,
scheme,language lists (A vs B),loss,30,1B,0.8,1.7B,1,0.0,0,,,,
scheme,language lists (A vs B),loss,30,1.7B,0.8,1.7B,1,1.0,0,,,,
scheme,language lists (A vs B),loss,30,175M,0.9,1.7B,1,0.0,0,,,,
scheme,language lists (A vs B),loss,30,350M,0.9,1.7B,1,1.0,0,,,,
scheme,language lists (A vs B),loss,30,600M,0.9,1.7B,1,0.0,0,,,,
scheme,language lists (A vs B),loss,30,1B,0.9,1.7B,1,1.0,0,,,,
scheme,language lists (A vs B),loss,30,1.7B,0.9,1.7B,1,1.0,0,,,,
scheme,language lists (A vs B),loss,30,175M,1.0,1.7B,1,0.0,0,,0.0250000000000003,0.0312000000000001,B
scheme,language lists (A vs B),loss,30,350M,1.0,1.7B,1,0.0,0,,0.0173,0.0312000000000001,B
scheme,language lists (A vs B),loss,30,600M,1.0,1.7B,1,0.0,0,,0.0137999999999998,0.0312000000000001,B
scheme,language lists (A vs B),loss,30,1B,1.0,1.7B,1,0.0,0,,0.0078999999999997,0.0312000000000001,B
