L,task,trained,reference_size,k,observed,alpha_own,alpha_pooled,pred_transfer,err_transfer,pred_last,err_last,pred_own,err_own
1,bpb_afr_Latn,False,1.7B,1,1.514037,0.18329536786522677,0.1412960670598242,1.6619869339183042,0.09771883640776555,2.291632,0.5135904868903467,,
1,bpb_afr_Latn,False,1.7B,2,1.514037,0.18329536786522677,0.1412960670598242,1.6184850403433357,0.06898645168072884,1.970483,0.3014761198042055,,
1,bpb_afr_Latn,False,1.7B,3,1.514037,0.18329536786522677,0.1412960670598242,1.592180215963787,0.05161248764976478,1.785119,0.17904582252613366,1.4386732134253968,-0.04977671389444465
1,bpb_afr_Latn,False,1.7B,4,1.514037,0.18329536786522677,0.1412960670598242,1.581211104782327,0.04436754503511267,1.669338,0.1025741114649113,1.4936423367747163,-0.013470386275423801
1,bpb_als_Latn,False,1.7B,1,2.231661,0.11056724976062128,0.14139020407186778,2.0625025391362843,-0.07579935342496713,2.844492,0.2746075680849376,,
1,bpb_als_Latn,False,1.7B,2,2.231661,0.11056724976062128,0.14139020407186778,2.06351210544978,-0.07534697005961931,2.58147,0.156748269562447,,
1,bpb_als_Latn,False,1.7B,3,2.231661,0.11056724976062128,0.14139020407186778,2.074825220009396,-0.07027760040194443,2.430418,0.08906236207022486,2.1197783700503914,-0.05013424079625379
1,bpb_als_Latn,False,1.7B,4,2.231661,0.11056724976062128,0.14139020407186778,2.101072460726645,-0.05851629762466378,2.351813,0.053839718487709395,2.1907857066941196,-0.018316085331006926
1,bpb_amh_Ethi,False,1.7B,1,1.436879,0.13511949627362382,0.14139020407186778,1.4041624935671029,-0.02276914509356539,1.936545,0.34774396452310874,,
1,bpb_amh_Ethi,False,1.7B,2,1.436879,0.13511949627362382,0.14139020407186778,1.3870180294346697,-0.034700883348793,1.713146,0.19226879925171156,,
1,bpb_amh_Ethi,False,1.7B,3,1.436879,0.13511949627362382,0.14139020407186778,1.390909144160797,-0.031992851060668986,1.620625,0.12787854788051045,1.380379203279828,-0.03932119316948185
1,bpb_amh_Ethi,False,1.7B,4,1.436879,0.13511949627362382,0.14139020407186778,1.3968335565973478,-0.027869739485824666,1.524985,0.061317619646469895,1.4087662885818588,-0.019565120944868147
1,bpb_arb_Arab,False,1.7B,1,1.128284,0.14415986752463028,0.1412960670598242,1.1157893290641123,-0.011074047789286865,1.538507,0.36358133235958323,,
1,bpb_arb_Arab,False,1.7B,2,1.128284,0.14415986752463028,0.1412960670598242,1.0897396411772227,-0.03416192981800451,1.330596,0.17930946463833558,,
1,bpb_arb_Arab,False,1.7B,3,1.128284,0.14415986752463028,0.1412960670598242,1.0883418853892008,-0.035400763115314246,1.257646,0.11465375738732445,1.0457937029488036,-0.07311128851529976
1,bpb_arb_Arab,False,1.7B,4,1.128284,0.14415986752463028,0.1412960670598242,1.0929167780895168,-0.031346028048331136,1.192927,0.05729319922998111,1.0886792094367879,-0.035101792246643754
1,bpb_ars_Arab,False,1.7B,1,1.437847,0.10095848864252546,0.14139020407186778,1.2933562360611128,-0.10049105637726911,1.783727,0.24055410624357107,,
1,bpb_ars_Arab,False,1.7B,2,1.437847,0.10095848864252546,0.14139020407186778,1.2830192673497274,-0.10768025572280827,1.59146,0.10683542824792902,,
1,bpb_ars_Arab,False,1.7B,3,1.437847,0.10095848864252546,0.14139020407186778,1.2976697698841344,-0.09749106136874486,1.538072,0.06970491297057337,1.3386759416632596,-0.0689719131011439
1,bpb_ars_Arab,False,1.7B,4,1.437847,0.10095848864252546,0.14139020407186778,1.3186866027324864,-0.0828741842960438,1.491616,0.03739549479186586,1.3930327151622002,-0.031167631074655314
1,bpb_ary_Arab,False,1.7B,1,1.211877,0.13102826850353075,0.14139020407186778,1.163280081687743,-0.04010053686327654,1.604333,0.32384144595532377,,
1,bpb_ary_Arab,False,1.7B,2,1.211877,0.13102826850353075,0.14139020407186778,1.1396933058340717,-0.059563548252775156,1.396173,0.15207483927824358,,
1,bpb_ary_Arab,False,1.7B,3,1.211877,0.13102826850353075,0.14139020407186778,1.1423582474940133,-0.05736452833578558,1.329785,0.09729370224866046,1.118038918868515,-0.07743201754921099
1,bpb_ary_Arab,False,1.7B,4,1.211877,0.13102826850353075,0.14139020407186778,1.15186981832806,-0.049515901095523784,1.272887,0.0503433929350916,1.1681751770079027,-0.03606126941273524
1,bpb_arz_Arab,False,1.7B,1,1.319903,0.11733700987973718,0.14139020407186778,1.2292281423395306,-0.06869812225630932,1.695285,0.2844012022095562,,
1,bpb_arz_Arab,False,1.7B,2,1.319903,0.11733700987973718,0.14139020407186778,1.2104900929398734,-0.08289465745598473,1.490519,0.12926404440326286,,
1,bpb_arz_Arab,False,1.7B,3,1.319903,0.11733700987973718,0.14139020407186778,1.2184182040971876,-0.07688807124676014,1.430267,0.08361523536199243,1.2208040583161264,-0.07508047309830622
1,bpb_arz_Arab,False,1.7B,4,1.319903,0.11733700987973718,0.14139020407186778,1.2330047929472376,-0.06583681304820309,1.377378,0.043544866554587676,1.2738999875944033,-0.03485332816547639
1,bpb_asm_Beng,False,1.7B,1,1.090875,0.11085630234651435,0.14139020407186778,0.9910553784355396,-0.09150417927302436,1.36681,0.25294832130170736,,
1,bpb_asm_Beng,False,1.7B,2,1.090875,0.11085630234651435,0.14139020407186778,0.9678110430154964,-0.11281215261556427,1.181764,0.08331752033917726,,
1,bpb_asm_Beng,False,1.7B,3,1.090875,0.11085630234651435,0.14139020407186778,0.9797119082752979,-0.10190268520655636,1.163227,0.06632473931477023,0.9906580975589808,-0.09186836479066732
1,bpb_asm_Beng,False,1.7B,4,1.090875,0.11085630234651435,0.14139020407186778,0.99341097720506,-0.08934481292076547,1.116359,0.023361063366563593,1.0354223428913198,-0.05083319088683872
1,bpb_azj_Latn,False,1.7B,1,2.182087,0.1177016977540277,0.14139020407186778,2.0294741273284127,-0.06993894957973142,2.798941,0.28268992024607636,,
1,bpb_azj_Latn,False,1.7B,2,2.182087,0.1177016977540277,0.14139020407186778,1.999692543703107,-0.08358716050134257,2.463715,0.12906359828916078,,
1,bpb_azj_Latn,False,1.7B,3,2.182087,0.1177016977540277,0.14139020407186778,1.9959737882031778,-0.08529138013141652,2.304032,0.05588457288824861,1.938991035523935,-0.11140525766207537
1,bpb_azj_Latn,False,1.7B,4,2.182087,0.1177016977540277,0.14139020407186778,2.0283540116087817,-0.07045227270554218,2.29453,0.051530026071371055,2.094592160162911,-0.04009686132454351
1,bpb_bel_Cyrl,False,1.7B,1,1.585622,0.1310639538430134,0.14139020407186778,1.5200523320084178,-0.04135264772536094,2.096374,0.3221146023453256,,
1,bpb_bel_Cyrl,False,1.7B,2,1.585622,0.1310639538430134,0.14139020407186778,1.4680700085993732,-0.07413620106218688,1.772893,0.11810570236790355,,
1,bpb_bel_Cyrl,False,1.7B,3,1.585622,0.1310639538430134,0.14139020407186778,1.475526958406743,-0.06943334640491687,1.727024,0.08917762240937613,1.4285015457794084,-0.09909073803251452
1,bpb_bel_Cyrl,False,1.7B,4,1.585622,0.1310639538430134,0.14139020407186778,1.4900766422329428,-0.060257336090857275,1.654155,0.043221524423853824,1.511096355419092,-0.047000889607301206
1,bpb_ben_Beng,False,1.7B,1,0.852522,0.15535837908075542,0.1412960670598242,0.8546109607378434,0.0024503305930443676,1.178381,0.382229432202336,,
1,bpb_ben_Beng,False,1.7B,2,0.852522,0.15535837908075542,0.1412960670598242,0.8166505020517133,-0.042076917602462696,0.975634,0.14440917653737967,,
1,bpb_ben_Beng,False,1.7B,3,0.852522,0.15535837908075542,0.1412960670598242,0.814799891357277,-0.04424766591680093,0.939698,0.1022565986566916,0.7552124091151093,-0.11414320203454065
1,bpb_ben_Beng,False,1.7B,4,0.852522,0.15535837908075542,0.1412960670598242,0.817762854992041,-0.04077213844095397,0.891083,0.04523167730568825,0.8023110718203869,-0.058896929556789324
1,bpb_bew_Latn,False,1.7B,1,1.654466,0.13585133271680472,0.14139020407186778,1.622626683315757,-0.019244467208297422,2.237839,0.3526050097131039,,
1,bpb_bew_Latn,False,1.7B,2,1.654466,0.13585133271680472,0.14139020407186778,1.597507868401641,-0.03442689762035542,1.966595,0.18865845535659245,,
1,bpb_bew_Latn,False,1.7B,3,1.654466,0.13585133271680472,0.14139020407186778,1.597214715169854,-0.03460408665402981,1.849926,0.11814083819189997,1.5596158314465542,-0.057329778039225794
1,bpb_bew_Latn,False,1.7B,4,1.654466,0.13585133271680472,0.14139020407186778,1.6071096205549718,-0.028623362127132405,1.764718,0.06663902431358518,1.6192303729354651,-0.021297280853480743
1,bpb_bod_Tibt,False,1.7B,1,0.8645,0.14666253204574642,0.1412960670598242,0.8933939823042273,0.03342276726920444,1.231857,0.4249358010410641,,
1,bpb_bod_Tibt,False,1.7B,2,0.8645,0.14666253204574642,0.1412960670598242,0.8559031160533072,-0.009944342332785298,1.025154,0.18583458646616524,,
1,bpb_bod_Tibt,False,1.7B,3,0.8645,0.14666253204574642,0.1412960670598242,0.8469250923008221,-0.020329563561802093,0.960713,0.11129323308270675,0.7636597747625994,-0.11664572034401464
1,bpb_bod_Tibt,False,1.7B,4,0.8645,0.14666253204574642,0.1412960670598242,0.8570905435545668,-0.00857079982120674,0.957488,0.1075627530364372,0.8508737651802748,-0.015761983597137357
1,bpb_bos_Latn,False,1.7B,1,1.93791,0.14771858936953774,0.1412960670598242,1.9680185962791787,0.015536632908225214,2.713604,0.4002734905129754,,
1,bpb_bos_Latn,False,1.7B,2,1.93791,0.14771858936953774,0.1412960670598242,1.9337836254033118,-0.002129291141842597,2.375579,0.22584588551583928,,
1,bpb_bos_Latn,False,1.7B,3,1.93791,0.14771858936953774,0.1412960670598242,1.929538367885806,-0.0043199282289652285,2.225627,0.1484676790975844,1.864407303688728,-0.0379288492815827
1,bpb_bos_Latn,False,1.7B,4,1.93791,0.14771858936953774,0.1412960670598242,1.9326448454683038,-0.0027169241769205905,2.093194,0.08012962418275357,1.9158800835378296,-0.011367873875551729
1,bpb_bul_Cyrl,False,1.7B,1,1.101434,0.15444891742752756,0.1412960670598242,1.1354542559429457,0.03088723967386667,1.565622,0.42143968680828814,,
1,bpb_bul_Cyrl,False,1.7B,2,1.101434,0.15444891742752756,0.1412960670598242,1.0949828189732702,-0.005857074528959351,1.320164,0.19858656987163995,,
1,bpb_bul_Cyrl,False,1.7B,3,1.101434,0.15444891742752756,0.1412960670598242,1.0925547769662842,-0.008061511659995788,1.260152,0.14410123529871052,1.0266593302188098,-0.06788847064934457
1,bpb_bul_Cyrl,False,1.7B,4,1.101434,0.15444891742752756,0.1412960670598242,1.094902139514861,-0.005930324000474821,1.187772,0.07838690289204803,1.0755398480801366,-0.02350949028254388
1,bpb_cat_Latn,False,1.7B,1,1.614834,0.17848360594358312,0.1412960670598242,1.7487490409575306,0.0829280538789315,2.411264,0.49319620468729286,,
1,bpb_cat_Latn,False,1.7B,2,1.614834,0.17848360594358312,0.1412960670598242,1.7020856764386894,0.05403135953211862,2.071182,0.28259746822273973,,
1,bpb_cat_Latn,False,1.7B,3,1.614834,0.17848360594358312,0.1412960670598242,1.6766469032933073,0.038278178000529614,1.88482,0.1671911787837015,1.5214547543948054,-0.057825910034836225
1,bpb_cat_Latn,False,1.7B,4,1.614834,0.17848360594358312,0.1412960670598242,1.6681523781401757,0.03301786941578861,1.770841,0.09660869166737882,1.5860879060521105,-0.017801268704950246
1,bpb_ces_Latn,False,1.7B,1,1.822744,0.1607029053626019,0.1412960670598242,1.8966294361346843,0.04053527875263029,2.615169,0.43474289313255177,,
1,bpb_ces_Latn,False,1.7B,2,1.822744,0.1607029053626019,0.1412960670598242,1.8419775488504453,0.010551974852445198,2.236501,0.22699676970545515,,
1,bpb_ces_Latn,False,1.7B,3,1.822744,0.1607029053626019,0.1412960670598242,1.8271297167628267,0.0024061068163311636,2.082799,0.1426722567733045,1.6968082154519226,-0.06909131756740239
1,bpb_ces_Latn,False,1.7B,4,1.822744,0.1607029053626019,0.1412960670598242,1.8283151112090232,0.003056441940844856,1.974502,0.08325798905386607,1.780810915961766,-0.023005470893462783
1,bpb_ckb_Arab,False,1.7B,1,1.768117,0.09743111355238629,0.14139020407186778,1.561449691349526,-0.11688553905113407,2.153467,0.217943722050068,,
1,bpb_ckb_Arab,False,1.7B,2,1.768117,0.09743111355238629,0.14139020407186778,1.5403573656301366,-0.12881479809869106,1.900039,0.07461157830618681,,
1,bpb_ckb_Arab,False,1.7B,3,1.768117,0.09743111355238629,0.14139020407186778,1.5543312684912831,-0.12091152989803097,1.833742,0.03711575647991623,1.5763180648831019,-0.1084763820023777
1,bpb_ckb_Arab,False,1.7B,4,1.768117,0.09743111355238629,0.14139020407186778,1.5861546744611714,-0.10291305696332795,1.816915,0.0275988523383917,1.6836172081919902,-0.04779083726247172
1,bpb_cmn_Hani,False,1.7B,1,1.497438,0.17007681173186315,0.1412960670598242,1.5565172189558079,0.03945353260422656,2.146205,0.43325132659916477,,
1,bpb_cmn_Hani,False,1.7B,2,1.497438,0.17007681173186315,0.1412960670598242,1.5020557501155325,0.00308376715131608,1.812179,0.21018633158768504,,
1,bpb_cmn_Hani,False,1.7B,3,1.497438,0.17007681173186315,0.1412960670598242,1.4835683681199938,-0.009262241161240884,1.676712,0.11972048258425386,1.3427857897984274,-0.10327787207321612
1,bpb_cmn_Hani,False,1.7B,4,1.497438,0.17007681173186315,0.1412960670598242,1.482888091700141,-0.009716534707853698,1.596145,0.06591725333536338,1.4261087532243175,-0.04763419038095903
1,bpb_cym_Latn,False,1.7B,1,2.137414,0.13530674335489917,0.14139020407186778,2.1298166626153647,-0.003554452897115587,2.937328,0.37424382922540966,,
1,bpb_cym_Latn,False,1.7B,2,2.137414,0.13530674335489917,0.14139020407186778,2.1158259388052274,-0.010100084117897958,2.628241,0.22963590581890073,,
1,bpb_cym_Latn,False,1.7B,3,2.137414,0.13530674335489917,0.14139020407186778,2.1162132370798052,-0.009918884652292398,2.452838,0.14757272105450778,2.0970926764028057,-0.01886453611569608
1,bpb_cym_Latn,False,1.7B,4,2.137414,0.13530674335489917,0.14139020407186778,2.1254698348451555,-0.00558813835543542,2.321265,0.08601562448828338,2.143082662374892,0.002652112494300042
1,bpb_dan_Latn,False,1.7B,1,1.63002,0.1713068600555502,0.1412960670598242,1.7646862258427365,0.08261630277096997,2.433239,0.4927663464251972,,
1,bpb_dan_Latn,False,1.7B,2,1.63002,0.1713068600555502,0.1412960670598242,1.724662139457084,0.058061949827047515,2.107286,0.2927976343848543,,
1,bpb_dan_Latn,False,1.7B,3,1.63002,0.1713068600555502,0.1412960670598242,1.7011769378529433,0.04365402746772635,1.917557,0.17640090305640418,1.5610835740695674,-0.04229176692950552
1,bpb_dan_Latn,False,1.7B,4,1.63002,0.1713068600555502,0.1412960670598242,1.6960309580347341,0.040497023370715764,1.811541,0.11136121029189829,1.628371074390456,-0.0010115983911510253
1,bpb_dclm,True,1.7B,1,0.781838,0.13095442422391787,0.14139020407186778,0.7462437232116463,-0.0455264092924029,1.029179,0.3163583760318634,,
1,bpb_dclm,True,1.7B,2,0.781838,0.13095442422391787,0.14139020407186778,0.7348511111450602,-0.060097985586451214,0.904827,0.15730752406508766,,
1,bpb_dclm,True,1.7B,3,0.781838,0.13095442422391787,0.14139020407186778,0.7355657056570923,-0.0591839925187925,0.853918,0.09219301185155994,0.7216328549659524,-0.07700462887970093
1,bpb_dclm,True,1.7B,4,0.781838,0.13095442422391787,0.14139020407186778,0.7414665280952736,-0.051636620252183255,0.818625,0.04705194682274335,0.752037729150407,-0.038115659317650236
1,bpb_deu_Latn,False,1.7B,1,1.206319,0.19907509981923313,0.1412960670598242,1.3478499710670069,0.1173246637639024,1.858484,0.5406239974666736,,
1,bpb_deu_Latn,False,1.7B,2,1.206319,0.19907509981923313,0.1412960670598242,1.293256805624484,0.07206866975027672,1.551354,0.2860230171289684,,
1,bpb_deu_Latn,False,1.7B,3,1.206319,0.19907509981923313,0.1412960670598242,1.2666017476389049,0.04997247630096596,1.407533,0.16679999237349327,1.1009392356526626,-0.08735646570047999
1,bpb_deu_Latn,False,1.7B,4,1.206319,0.19907509981923313,0.1412960670598242,1.2547370011719252,0.04013697966452099,1.314777,0.08990822493884303,1.1601471531254137,-0.03827498934741656
1,bpb_div_Thaa,False,1.7B,1,1.423159,0.15065261245469397,0.1412960670598242,1.5048655098534465,0.057412074022260624,2.074985,0.4580134756552148,,
1,bpb_div_Thaa,False,1.7B,2,1.423159,0.15065261245469397,0.1412960670598242,2.5381724021435508,0.783477743627768,5.3521399999999995,2.760746339657058,,
1,bpb_div_Thaa,False,1.7B,3,1.423159,0.15065261245469397,0.1412960670598242,2.135287633933536,0.5003858556447563,1.750793,0.23021601943282513,2.4080189186621976,0.6920238136864522
1,bpb_div_Thaa,False,1.7B,4,1.423159,0.15065261245469397,0.1412960670598242,2.089344812677695,0.46810357288096055,2.109759,0.48244785016993874,2.062993476665559,0.44958748577324037
1,bpb_ekk_Latn,False,1.7B,1,2.390604,0.11729114329345403,0.14139020407186778,2.2793439854627073,-0.04654054562666708,3.1435479999999996,0.31495973402537575,,
1,bpb_ekk_Latn,False,1.7B,2,2.390604,0.11729114329345403,0.14139020407186778,2.2547311239068852,-0.05683621214266977,2.788863,0.16659346340924716,,
1,bpb_ekk_Latn,False,1.7B,3,2.390604,0.11729114329345403,0.14139020407186778,2.264162919938825,-0.05289085104064716,2.645355,0.10656344589066181,2.263523692715275,-0.05315824255490456
1,bpb_ekk_Latn,False,1.7B,4,2.390604,0.11729114329345403,0.14139020407186778,2.292048240381823,-0.04122630080857263,2.563039,0.07213030681785844,2.368216180818587,-0.00936492166055653
1,bpb_ell_Grek,False,1.7B,1,0.869903,0.18175429576715268,0.1412960670598242,0.9446707414823264,0.08594951561533465,1.30256,0.4973623495952997,,
1,bpb_ell_Grek,False,1.7B,2,0.869903,0.18175429576715268,0.1412960670598242,0.9041212515900098,0.03933570937220563,1.081822,0.24361221883359419,,
1,bpb_ell_Grek,False,1.7B,3,0.869903,0.18175429576715268,0.1412960670598242,0.8923206754966522,0.02577031634176706,1.006972,0.15756814265498567,0.795545660777153,-0.08547773627961615
1,bpb_ell_Grek,False,1.7B,4,0.869903,0.18175429576715268,0.1412960670598242,0.8885503117467325,0.021436081662820464,0.945642,0.0870660292009569,0.8410981578211285,-0.03311270587510501
1,bpb_epo_Latn,False,1.7B,1,1.979127,0.1412960670598242,0.14139020407186778,1.990920556951553,0.005958969258442141,2.74577,0.38736422675250237,,
1,bpb_epo_Latn,False,1.7B,2,1.979127,0.1412960670598242,0.14139020407186778,1.9545555161384098,-0.012415314359103912,2.399328,0.21231633947695122,,
1,bpb_epo_Latn,False,1.7B,3,1.979127,0.1412960670598242,0.14139020407186778,1.956715902935365,-0.011323728626124133,2.272154,0.14805871477676769,1.9119540879770276,-0.033940677896351516
1,bpb_epo_Latn,False,1.7B,4,1.979127,0.1412960670598242,0.14139020407186778,1.9632292687623245,-0.008032698880706277,2.137391,0.07996657111948852,1.9634799889863985,-0.00790601664956395
1,bpb_eus_Latn,False,1.7B,1,2.348164,0.1132186959687747,0.14139020407186778,2.179521337143468,-0.07181894571952047,3.005878,0.28009713120548646,,
1,bpb_eus_Latn,False,1.7B,2,2.348164,0.1132186959687747,0.14139020407186778,2.162812767417409,-0.07893453463326719,2.68364,0.14286736360833394,,
1,bpb_eus_Latn,False,1.7B,3,2.348164,0.1132186959687747,0.14139020407186778,2.1746814009440496,-0.07388010337265648,2.547414,0.08485352811813812,2.1950461281695786,-0.06520748628733836
1,bpb_eus_Latn,False,1.7B,4,2.348164,0.1132186959687747,0.14139020407186778,2.203011767235933,-0.061815202330019144,2.468673,0.05132052105389562,2.2888304715312278,-0.025268051323831035
1,bpb_fas_Arab,False,1.7B,1,1.06902,0.14703574464503363,0.1412960670598242,1.0659043085797424,-0.0029145305235240625,1.469723,0.3748320892031952,,
1,bpb_fas_Arab,False,1.7B,2,1.06902,0.14703574464503363,0.1412960670598242,1.0366948975254313,-0.030238070826148027,1.260569,0.17918186750481746,,
1,bpb_fas_Arab,False,1.7B,3,1.06902,0.14703574464503363,0.1412960670598242,1.0351669241789114,-0.031667392397792975,1.195741,0.11853940992684875,0.9878619675269183,-0.07591816100080609
1,bpb_fas_Arab,False,1.7B,4,1.06902,0.14703574464503363,0.1412960670598242,1.039019507869038,-0.028063546174030427,1.132466,0.05934968475800255,1.0309610529160946,-0.035601716603903995
1,bpb_fil_Latn,False,1.7B,1,1.444945,0.17351588040127822,0.1412960670598242,1.5326618459214918,0.060706010209033476,2.113312,0.4625553221748926,,
1,bpb_fil_Latn,False,1.7B,2,1.444945,0.17351588040127822,0.1412960670598242,1.478320684604984,0.023098238759941707,1.782682,0.23373692424279138,,
1,bpb_fil_Latn,False,1.7B,3,1.444945,0.17351588040127822,0.1412960670598242,1.4600454837833883,0.010450559559975191,1.649946,0.14187460422369016,1.3202751915965363,-0.08627996802886176
1,bpb_fil_Latn,False,1.7B,4,1.444945,0.17351588040127822,0.1412960670598242,1.4570277151037012,0.008362058835250678,1.560751,0.08014561107862242,1.394716717362668,-0.034761380285984536
1,bpb_fin_Latn,False,1.7B,1,1.989166,0.15912027030429182,0.1412960670598242,2.0277625515225695,0.019403383891826758,2.795982,0.40560516316888584,,
1,bpb_fin_Latn,False,1.7B,2,1.989166,0.15912027030429182,0.1412960670598242,1.982374630297893,-0.003414179461194752,2.42291,0.21805319415272525,,
1,bpb_fin_Latn,False,1.7B,3,1.989166,0.15912027030429182,0.1412960670598242,1.9627434336018494,-0.01328323850204083,2.229087,0.12061386530837538,1.8277586983838938,-0.08114320354163813
1,bpb_fin_Latn,False,1.7B,4,1.989166,0.15912027030429182,0.1412960670598242,1.964827678009872,-0.012235440375578553,2.124559,0.06806520923844471,1.9178896378128631,-0.03583228457913359
1,bpb_fra_Latn,False,1.7B,1,0.967346,0.22452975252123014,0.1412960670598242,1.1216645115330566,0.1595277300294378,1.546608,0.5988157288085131,,
1,bpb_fra_Latn,False,1.7B,2,0.967346,0.22452975252123014,0.1412960670598242,1.0595093331805459,0.09527442422933037,1.251208,0.29344412443944573,,
1,bpb_fra_Latn,False,1.7B,3,0.967346,0.22452975252123014,0.1412960670598242,1.0285867885964302,0.06330804964969113,1.123107,0.16101891153734035,0.8449214710708091,-0.12655712529869453
1,bpb_fra_Latn,False,1.7B,4,0.967346,0.22452975252123014,0.1412960670598242,1.0139845798931553,0.04821292473753468,1.047042,0.08238624029044415,0.9057232322524078,-0.06370292299507335
1,bpb_gle_Latn,False,1.7B,1,1.828697,0.1610345658150763,0.1412960670598242,1.880109882218178,0.028114489288372038,2.592391,0.4176164777434425,,
1,bpb_gle_Latn,False,1.7B,2,1.828697,0.1610345658150763,0.1412960670598242,1.8396660343916105,0.005998278769862068,2.250493,0.23065384806777725,,
1,bpb_gle_Latn,False,1.7B,3,1.828697,0.1610345658150763,0.1412960670598242,1.8221689481027377,-0.0035697832376070803,2.071075,0.13254136688582088,1.7016441109733251,-0.06947727755154347
1,bpb_gle_Latn,False,1.7B,4,1.828697,0.1610345658150763,0.1412960670598242,1.8216096482632684,-0.0038756293342918943,1.961629,0.07269219559063095,1.7734815942908333,-0.030193851528802596
1,bpb_glg_Latn,False,1.7B,1,1.616657,0.13372832571327212,0.14139020407186778,1.5693676351255565,-0.029251328435434022,2.164387,0.338804087694545,,
1,bpb_glg_Latn,False,1.7B,2,1.616657,0.13372832571327212,0.14139020407186778,1.5455797001081937,-0.04396560302637253,1.903293,0.1773016787110685,,
1,bpb_glg_Latn,False,1.7B,3,1.616657,0.13372832571327212,0.14139020407186778,1.547833796813723,-0.04257130806737421,1.798625,0.11255819880160102,1.5215591259799386,-0.0588237789587163
1,bpb_glg_Latn,False,1.7B,4,1.616657,0.13372832571327212,0.14139020407186778,1.5576195905472847,-0.036518203584752544,1.711023,0.05837107067238131,1.5738932699063448,-0.026451949976807197
1,bpb_gmh_Latn,False,1.7B,1,1.919791,0.10184276440678125,0.14139020407186778,1.7389334464522384,-0.09420689728609087,2.398243,0.24922087873107013,,
1,bpb_gmh_Latn,False,1.7B,2,1.919791,0.10184276440678125,0.14139020407186778,1.7425743971798373,-0.09231036233640158,2.18347,0.13734776337632573,,
1,bpb_gmh_Latn,False,1.7B,3,1.919791,0.10184276440678125,0.14139020407186778,1.7597742340749074,-0.08335113870473015,2.079403,0.08314030016809126,1.8321473672197182,-0.04565269489245541
1,bpb_gmh_Latn,False,1.7B,4,1.919791,0.10184276440678125,0.14139020407186778,1.7851506405730952,-0.07013282145134797,2.008685,0.04630399871652685,1.8835347391525072,-0.018885524959484017
1,bpb_guj_Gujr,False,1.7B,1,0.982711,0.11620248180663224,0.14139020407186778,0.9201433761087796,-0.0636683866276254,1.269012,0.29133794167359484,,
1,bpb_guj_Gujr,False,1.7B,2,0.982711,0.11620248180663224,0.14139020407186778,0.901189918913067,-0.08295529518539328,1.103633,0.1230494010955409,,
1,bpb_guj_Gujr,False,1.7B,3,0.982711,0.11620248180663224,0.14139020407186778,0.9077766057165086,-0.07625272769256816,1.067222,0.08599781624506074,0.9048134586167709,-0.0792680059378893
1,bpb_guj_Gujr,False,1.7B,4,0.982711,0.11620248180663224,0.14139020407186778,0.9198522125844809,-0.06396467264080599,1.031617,0.049766411488219836,0.9518247986853854,-0.03142958745207351
1,bpb_heb_Hebr,False,1.7B,1,1.39586,0.09259239949038088,0.14139020407186778,1.2577588430445896,-0.09893625217099886,1.734633,0.24269840814981442,,
1,bpb_heb_Hebr,False,1.7B,2,1.39586,0.09259239949038088,0.14139020407186778,1.2612881843659958,-0.09640781714069056,1.581535,0.13301835427621667,,
1,bpb_heb_Hebr,False,1.7B,3,1.39586,0.09259239949038088,0.14139020407186778,1.2786753199379688,-0.0839515997750715,1.522659,0.09083933918874376,1.3523395408976362,-0.031178240727840832
1,bpb_heb_Hebr,False,1.7B,4,1.39586,0.09259239949038088,0.14139020407186778,1.3003087785425669,-0.06845329865275401,1.473969,0.05595761752611292,1.3892965873173093,-0.004702056569205209
1,bpb_hif_Latn,False,1.7B,1,1.590452,0.1355227860436277,0.14139020407186778,1.558149823023087,-0.02031006089898529,2.148916,0.3511354005024986,,
1,bpb_hif_Latn,False,1.7B,2,1.590452,0.1355227860436277,0.14139020407186778,1.5348781065028103,-0.034942201020332374,1.890541,0.1886815823426297,,
1,bpb_hif_Latn,False,1.7B,3,1.590452,0.1355227860436277,0.14139020407186778,1.5358639348331093,-0.03432235940908033,1.781808,0.12031548264267018,1.5056407361753,-0.05332525836975907
1,bpb_hif_Latn,False,1.7B,4,1.590452,0.1355227860436277,0.14139020407186778,1.544772520160141,-0.028721067872440654,1.694272,0.06527704074061966,1.557116956650826,-0.020959477776867155
1,bpb_hin_Deva,False,1.7B,1,0.718789,0.1410296525315476,0.14139020407186778,0.7104172028843878,-0.01164708574506872,0.979769,0.36308290750136685,,
1,bpb_hin_Deva,False,1.7B,2,0.718789,0.1410296525315476,0.14139020407186778,0.6962060223849513,-0.03141809016978374,0.853119,0.18688377256747105,,
1,bpb_hin_Deva,False,1.7B,3,0.718789,0.1410296525315476,0.14139020407186778,0.6944296677748566,-0.03388940596634536,0.800497,0.11367452757346036,0.6674476122528444,-0.07142762027125564
1,bpb_hin_Deva,False,1.7B,4,0.718789,0.1410296525315476,0.14139020407186778,0.6984633822774888,-0.02827758594317829,0.766078,0.06578982149142519,0.6988050841955982,-0.027802200373686633
1,bpb_hrv_Latn,False,1.7B,1,1.971968,0.15144252953025888,0.1412960670598242,2.0109173641128457,0.019751519351655693,2.772755,0.4060851900233676,,
1,bpb_hrv_Latn,False,1.7B,2,1.971968,0.15144252953025888,0.1412960670598242,1.972598358881498,0.0003196597923992597,2.419168,0.22677852784629368,,
1,bpb_hrv_Latn,False,1.7B,3,1.971968,0.15144252953025888,0.1412960670598242,1.9666425558045537,-0.00270057333356638,2.26468,0.14843648578475913,1.8895808673030123,-0.041779142814177314
1,bpb_hrv_Latn,False,1.7B,4,1.971968,0.15144252953025888,0.1412960670598242,1.967667330644452,-0.0021809022030518997,2.124183,0.07718938644034791,1.9407698782021614,-0.01582080530608942
1,bpb_hun_Latn,False,1.7B,1,1.999703,0.1471663348378684,0.1412960670598242,1.997663573269745,-0.0010198648150525522,2.75448,0.3774445505157516,,
1,bpb_hun_Latn,False,1.7B,2,1.999703,0.1471663348378684,0.1412960670598242,1.9497178809951712,-0.024996271448724548,2.379053,0.18970317092088168,,
1,bpb_hun_Latn,False,1.7B,3,1.999703,0.1471663348378684,0.1412960670598242,1.9437777171739952,-0.027966794481982995,2.238227,0.11927971303738615,1.853478919564238,-0.07312289896837779
1,bpb_hun_Latn,False,1.7B,4,1.999703,0.1471663348378684,0.1412960670598242,1.9511021541268239,-0.02430403208535275,2.126874,0.06359494384916156,1.9356268181262284,-0.03204284930000686
1,bpb_hye_Armn,False,1.7B,1,1.309379,0.18083278236355507,0.1412960670598242,1.356393317503763,0.03590581298750243,1.870264,0.42835955059612213,,
1,bpb_hye_Armn,False,1.7B,2,1.309379,0.18083278236355507,0.1412960670598242,1.2757591876979018,-0.02567615052792073,1.50015,0.14569578403197242,,
1,bpb_hye_Armn,False,1.7B,3,1.309379,0.18083278236355507,0.1412960670598242,1.2631187074172554,-0.035329948458578196,1.434508,0.09556362214454318,1.110730401001883,-0.1517120703769627
1,bpb_hye_Armn,False,1.7B,4,1.309379,0.18083278236355507,0.1412960670598242,1.2608233040805734,-0.037082995770839955,1.351593,0.032239710580359064,1.1949831486014413,-0.08736649312273893
1,bpb_ind_Latn,False,1.7B,1,1.133505,0.20106688277774454,0.1412960670598242,1.282068379228879,0.13106548204805357,1.767781,0.5595705356394547,,
1,bpb_ind_Latn,False,1.7B,2,1.133505,0.20106688277774454,0.1412960670598242,1.2223595737367368,0.07838922081220354,1.457034,0.28542353143567956,,
1,bpb_ind_Latn,False,1.7B,3,1.133505,0.20106688277774454,0.1412960670598242,1.1972125356060277,0.05620401816139118,1.330527,0.17381661307184357,1.0310371060052301,-0.09039915482928602
1,bpb_ind_Latn,False,1.7B,4,1.133505,0.20106688277774454,0.1412960670598242,1.1863558399231595,0.04662603157741654,1.24425,0.09770137758545405,1.093961196840222,-0.03488630677392504
1,bpb_isl_Latn,False,1.7B,1,2.111851,0.12514918868122185,0.14139020407186778,2.0252019181042034,-0.0410299220426994,2.793049,0.32255968815981795,,
1,bpb_isl_Latn,False,1.7B,2,2.111851,0.12514918868122185,0.14139020407186778,2.0165240185751108,-0.04513906588338352,2.510649,0.18883813299328397,,
1,bpb_isl_Latn,False,1.7B,3,2.111851,0.12514918868122185,0.14139020407186778,2.023115964087738,-0.04201765934825055,2.359424,0.11723033490525611,2.0352835370004856,-0.036256091456979944
1,bpb_isl_Latn,False,1.7B,4,2.111851,0.12514918868122185,0.14139020407186778,2.0380889494218546,-0.03492767746310964,2.246019,0.06353099721523907,2.083489317629781,-0.013429774340244316
1,bpb_ita_Latn,False,1.7B,1,1.186476,0.21762450655765803,0.1412960670598242,1.3788816100598713,0.16216561486272896,1.901272,0.6024529783999002,,
1,bpb_ita_Latn,False,1.7B,2,1.186476,0.21762450655765803,0.1412960670598242,1.3189542538301333,0.11165691832800093,1.577304,0.32940236464960093,,
1,bpb_ita_Latn,False,1.7B,3,1.186476,0.21762450655765803,0.1412960670598242,1.28368159957487,0.08192799481394479,1.408706,0.18730256659216024,1.084580332472978,-0.08588093440324301
1,bpb_ita_Latn,False,1.7B,4,1.186476,0.21762450655765803,0.1412960670598242,1.2648384946963547,0.06604642209058977,1.304157,0.09918531853994511,1.1404266330344979,-0.03881188238573912
1,bpb_jpn_Jpan,False,1.7B,1,1.328991,0.14871151774945632,0.1412960670598242,1.3224911721274788,-0.004890799014080032,1.823518,0.3721071098299386,,
1,bpb_jpn_Jpan,False,1.7B,2,1.328991,0.14871151774945632,0.1412960670598242,1.2844686785897492,-0.03350084493442831,1.559686,0.17358657808818861,,
1,bpb_jpn_Jpan,False,1.7B,3,1.328991,0.14871151774945632,0.1412960670598242,1.279296662993161,-0.03739253088007293,1.470194,0.10624827406656626,1.2065742666930173,-0.09211253748669687
1,bpb_jpn_Jpan,False,1.7B,4,1.328991,0.14871151774945632,0.1412960670598242,1.2851044550192108,-0.03302245461465823,1.404111,0.0565240848132155,1.2722420058931572,-0.04270081144781482
1,bpb_kan_Knda,False,1.7B,1,0.87532,0.17887282449613956,0.1412960670598242,0.907964086711226,0.03729388876208242,1.251947,0.43027349997715114,,
1,bpb_kan_Knda,False,1.7B,2,0.87532,0.17887282449613956,0.1412960670598242,0.878793661838291,0.0039684479256626255,1.063379,0.2148459991774438,,
1,bpb_kan_Knda,False,1.7B,3,0.87532,0.17887282449613956,0.1412960670598242,0.8621627789416669,-0.015031326895687357,0.961395,0.09833546588676143,0.764078537111757,-0.12708662305013366
1,bpb_kan_Knda,False,1.7B,4,0.87532,0.17887282449613956,0.1412960670598242,0.8605007573624672,-0.016930085725829137,0.922144,0.053493579490929005,0.8177367003261823,-0.06578542667118048
1,bpb_kat_Geor,False,1.7B,1,1.0061,0.16738008235054463,0.1412960670598242,1.016489969915191,0.010326975365461717,1.401588,0.3930901500844847,,
1,bpb_kat_Geor,False,1.7B,2,1.0061,0.16738008235054463,0.1412960670598242,0.9566385715976241,-0.04916154299013605,1.125578,0.11875360302156841,,
1,bpb_kat_Geor,False,1.7B,3,1.0061,0.16738008235054463,0.1412960670598242,0.9484418715472592,-0.05730854632018762,1.080051,0.07350263393300875,0.8390502258714374,-0.16603694874124103
1,bpb_kat_Geor,False,1.7B,4,1.0061,0.16738008235054463,0.1412960670598242,0.9523768800471478,-0.053397395838238916,1.039357,0.03305536229003091,0.9192673775043714,-0.086306154950431
1,bpb_kaz_Cyrl,False,1.7B,1,1.40129,0.16690435490915873,0.1412960670598242,1.40074909577813,-0.00038600448291933225,1.931424,0.37831854933668274,,
1,bpb_kaz_Cyrl,False,1.7B,2,1.40129,0.16690435490915873,0.1412960670598242,1.3238003797668372,-0.05529877486684608,1.564111,0.11619365013665987,,
1,bpb_kaz_Cyrl,False,1.7B,3,1.40129,0.16690435490915873,0.1412960670598242,1.3130996543505116,-0.06293511382332591,1.496773,0.06813935730648188,1.1710440045371577,-0.16431002537864553
1,bpb_kaz_Cyrl,False,1.7B,4,1.40129,0.16690435490915873,0.1412960670598242,1.3173623732503918,-0.05989311759136801,1.433803,0.023202192265698047,1.2723849596179915,-0.09199026638455171
1,bpb_khk_Cyrl,False,1.7B,1,1.451633,0.14927463335479438,0.1412960670598242,1.4533421685201264,0.0011774109021539746,2.003942,0.3804742658784968,,
1,bpb_khk_Cyrl,False,1.7B,2,1.451633,0.14927463335479438,0.1412960670598242,1.3991878629358583,-0.03612837202250271,1.684097,0.16013964962218413,,
1,bpb_khk_Cyrl,False,1.7B,3,1.451633,0.14927463335479438,0.1412960670598242,1.3845113738039916,-0.046238702341437794,1.570527,0.08190362164541592,1.2574888714619161,-0.1337418814108551
1,bpb_khk_Cyrl,False,1.7B,4,1.451633,0.14927463335479438,0.1412960670598242,1.3978406293213592,-0.037056453441497085,1.55061,0.06818321159687063,1.3827931200280636,-0.04742237188871864
1,bpb_khm_Khmr,False,1.7B,1,1.032859,0.2034720429016806,0.1412960670598242,1.1389245371568573,0.102691206792851,1.570407,0.5204466437335591,,
1,bpb_khm_Khmr,False,1.7B,2,1.032859,0.2034720429016806,0.1412960670598242,1.0879867419247082,0.05337392802377504,1.299377,0.258039093429016,,
1,bpb_khm_Khmr,False,1.7B,3,1.032859,0.2034720429016806,0.1412960670598242,1.060273302695179,0.026542154055083,1.166579,0.12946588062843048,0.8984987704547097,-0.13008574214417482
1,bpb_khm_Khmr,False,1.7B,4,1.032859,0.2034720429016806,0.1412960670598242,1.051777777010363,0.01831690192984999,1.106634,0.07142794902305148,0.9667050172693371,-0.06404938402111311
1,bpb_kir_Cyrl,False,1.7B,1,1.621516,0.11446263766395974,0.14139020407186778,1.4702156917507148,-0.09330793421050745,2.027642,0.2504606800056245,,
1,bpb_kir_Cyrl,False,1.7B,2,1.621516,0.11446263766395974,0.14139020407186778,1.431924773654566,-0.11692220511264398,1.743841,0.07543866357162064,,
1,bpb_kir_Cyrl,False,1.7B,3,1.621516,0.11446263766395974,0.14139020407186778,1.4432226244640047,-0.1099547432994773,1.698674,0.047583865962469725,1.429790245092348,-0.11823858346612175
1,bpb_kir_Cyrl,False,1.7B,4,1.621516,0.11446263766395974,0.14139020407186778,1.4649701186622166,-0.09654291498682921,1.651575,0.018537590748410784,1.5194720892210738,-0.06293117723101478
1,bpb_kmr_Latn,False,1.7B,1,2.451209,0.06449169314521358,0.14139020407186778,2.116657794149485,-0.13648416183626738,2.9191799999999994,0.19091436103571727,,
1,bpb_kmr_Latn,False,1.7B,2,2.451209,0.06449169314521358,0.14139020407186778,2.12903520378744,-0.1314346496820794,2.677704,0.09240134154207165,,
1,bpb_kmr_Latn,False,1.7B,3,2.451209,0.06449169314521358,0.14139020407186778,2.1642969089750386,-0.11704921572373526,2.591405,0.05719463334215891,2.3232283392441193,-0.052211239741646126
1,bpb_kmr_Latn,False,1.7B,4,2.451209,0.06449169314521358,0.14139020407186778,2.2277617047137377,-0.09115799398837973,2.618832,0.06838380570567416,2.4727049970796267,0.00876954885512687
1,bpb_kor_Hang,False,1.7B,1,1.495254,0.1456828368327292,0.1412960670598242,1.467576486051046,-0.018510242372836997,2.023569,0.3533279295691569,,
1,bpb_kor_Hang,False,1.7B,2,1.495254,0.1456828368327292,0.1412960670598242,1.4185390814272123,-0.05130560999856063,1.714213,0.14643599013946787,,
1,bpb_kor_Hang,False,1.7B,3,1.495254,0.1456828368327292,0.1412960670598242,1.4161335900148322,-0.052914361028405806,1.635076,0.09351053399623066,1.337931330832259,-0.1052146786885313
1,bpb_kor_Hang,False,1.7B,4,1.495254,0.1456828368327292,0.1412960670598242,1.4243988194736048,-0.04738671859523216,1.562339,0.04486528710172308,1.4159476833503473,-0.053038692188519684
1,bpb_lao_Laoo,False,1.7B,1,1.231547,0.130118563832717,0.14139020407186778,1.2629171078818313,0.025472115868766167,1.741747,0.41427570364752625,,
1,bpb_lao_Laoo,False,1.7B,2,1.231547,0.130118563832717,0.14139020407186778,1.2471414050757388,0.012662452245621838,1.539941,0.2504118803423662,,
1,bpb_lao_Laoo,False,1.7B,3,1.231547,0.130118563832717,0.14139020407186778,1.235311732317968,0.0030569132302446797,1.404264,0.14024393709700078,1.169516683829324,-0.050367802585427834
1,bpb_lao_Laoo,False,1.7B,4,1.231547,0.130118563832717,0.14139020407186778,1.252043384199996,0.016642794956259168,1.405177,0.14098528111391603,1.2713346707249655,0.032307066417250487
1,bpb_lat_Latn,False,1.7B,1,1.340976,0.16095832058700157,0.1412960670598242,1.3700032019886677,0.021646324757987993,1.88903,0.40869784395843034,,
1,bpb_lat_Latn,False,1.7B,2,1.340976,0.16095832058700157,0.1412960670598242,1.3210832511798853,-0.014834530088617995,1.592655,0.18768344847335075,,
1,bpb_lat_Latn,False,1.7B,3,1.340976,0.16095832058700157,0.1412960670598242,1.3098006839005585,-0.023248228230364647,1.491637,0.11235174977031667,1.2014005925036337,-0.10408494074194186
1,bpb_lat_Latn,False,1.7B,4,1.340976,0.16095832058700157,0.1412960670598242,1.3127811330370873,-0.021025631303552506,1.424673,0.06241498729283756,1.27822884252062,-0.0467921554743559
1,bpb_lit_Latn,False,1.7B,1,2.236109,0.1219048241297504,0.14139020407186778,2.1369072827788997,-0.04436354275265659,2.947107,0.31796213869717443,,
1,bpb_lit_Latn,False,1.7B,2,2.236109,0.1219048241297504,0.14139020407186778,2.126687251818146,-0.04893399569603003,2.646483,0.18352146518796714,,
1,bpb_lit_Latn,False,1.7B,3,2.236109,0.1219048241297504,0.14139020407186778,2.1375331009935743,-0.04408367347317398,2.501968,0.11889357808586268,2.1636868870343458,-0.032387559356746094
1,bpb_lit_Latn,False,1.7B,4,2.236109,0.1219048241297504,0.14139020407186778,2.155011458538386,-0.036267257750679405,2.380362,0.06451071928962317,2.2127334183966942,-0.010453686114275136
1,bpb_ltz_Latn,False,1.7B,1,2.33279,0.08330055626280941,0.14139020407186778,1.9924642659533076,-0.14588785704958118,2.7478989999999994,0.17794529297536393,,
1,bpb_ltz_Latn,False,1.7B,2,2.33279,0.08330055626280941,0.14139020407186778,2.0143067462869673,-0.13652461375135905,2.546292,0.09152216873357656,,
1,bpb_ltz_Latn,False,1.7B,3,2.33279,0.08330055626280941,0.14139020407186778,2.0481693906961986,-0.12200867172090137,2.453561,0.05177105526001052,2.217220338713866,-0.04954139090365361
1,bpb_ltz_Latn,False,1.7B,4,2.33279,0.08330055626280941,0.14139020407186778,2.08575380940624,-0.10589731205713346,2.374312,0.01779928754838629,2.256761509457175,-0.03259122790427986
1,bpb_lvs_Latn,False,1.7B,1,2.263575,0.12477980033351514,0.14139020407186778,2.1437948787430496,-0.05291634748437771,2.956606,0.30616657278861975,,
1,bpb_lvs_Latn,False,1.7B,2,2.263575,0.12477980033351514,0.14139020407186778,2.130734308951408,-0.05868623352378074,2.64803,0.16984416244215456,,
1,bpb_lvs_Latn,False,1.7B,3,2.263575,0.12477980033351514,0.14139020407186778,2.135709529953902,-0.05648828514456024,2.486099,0.09830644003401696,2.135230020585919,-0.05670012233483792
1,bpb_lvs_Latn,False,1.7B,4,2.263575,0.12477980033351514,0.14139020407186778,2.1538138292738056,-0.04849018509490266,2.381164,0.05194835602973181,2.2028956456830358,-0.026806867153491332
1,bpb_mal_Mlym,False,1.7B,1,0.827829,0.1658566682496987,0.1412960670598242,0.8417495256181964,0.016815701815467137,1.160647,0.40203713568865057,,
1,bpb_mal_Mlym,False,1.7B,2,0.827829,0.1658566682496987,0.1412960670598242,0.7986383629108779,-0.03526167492214234,0.947328,0.14435227565113073,,
1,bpb_mal_Mlym,False,1.7B,3,0.827829,0.1658566682496987,0.1412960670598242,0.7938107004236464,-0.04109338954826855,0.90857,0.09753342779728658,0.7176243647094475,-0.1331248787981003
1,bpb_mal_Mlym,False,1.7B,4,0.827829,0.1658566682496987,0.1412960670598242,0.7952782555723776,-0.03932061383162755,0.86196,0.04122952928684536,0.7692183015038843,-0.07080048958917333
1,bpb_mar_Deva,False,1.7B,1,0.880104,0.11164861715404056,0.14139020407186778,0.8230456025798617,-0.06483142608162024,1.1351,0.2897339405343005,,
1,bpb_mar_Deva,False,1.7B,2,0.880104,0.11164861715404056,0.14139020407186778,0.8137986390236019,-0.07533809751620042,1.006138,0.14320353049185094,,
1,bpb_mar_Deva,False,1.7B,3,0.880104,0.11164861715404056,0.14139020407186778,0.8236742192974599,-0.06411717331422209,0.977649,0.11083349240544299,0.8478590353942586,-0.036637675326713026
1,bpb_mar_Deva,False,1.7B,4,0.880104,0.11164861715404056,0.14139020407186778,0.8327524145413062,-0.053802261390351346,0.927642,0.05401407106432873,0.8670371339300265,-0.014846956802802324
1,bpb_mkd_Cyrl,False,1.7B,1,1.169518,0.14842585454711754,0.1412960670598242,1.165830276499577,-0.0031531994380788694,1.607506,0.3745030003813537,,
1,bpb_mkd_Cyrl,False,1.7B,2,1.169518,0.14842585454711754,0.1412960670598242,1.120378762167882,-0.04201665800108937,1.3461,0.15098698780181238,,
1,bpb_mkd_Cyrl,False,1.7B,3,1.169518,0.14842585454711754,0.1412960670598242,1.1212093151509717,-0.041306491092081,1.300883,0.11232405144683531,1.0599977462928338,-0.09364563324990827
1,bpb_mkd_Cyrl,False,1.7B,4,1.169518,0.14842585454711754,0.1412960670598242,1.126082237846703,-0.037139883399226886,1.229651,0.05141690850418718,1.115243507997994,-0.046407573036076365
1,bpb_mlt_Latn,False,1.7B,1,2.339099,0.10096569929021658,0.14139020407186778,2.1226332313892535,-0.09254237149036723,2.927421,0.2515165027217744,,
1,bpb_mlt_Latn,False,1.7B,2,2.339099,0.10096569929021658,0.14139020407186778,2.141611220598568,-0.08442899569510826,2.701804,0.15506184218795357,,
1,bpb_mlt_Latn,False,1.7B,3,2.339099,0.10096569929021658,0.14139020407186778,2.161166226016195,-0.07606893679310078,2.549962,0.09014710364973855,2.266577332448313,-0.031004103525197897
1,bpb_mlt_Latn,False,1.7B,4,2.339099,0.10096569929021658,0.14139020407186778,2.1910332959601497,-0.06330031522387479,2.461017,0.05212177851386366,2.314538723804188,-0.01049988743349988
1,bpb_mya_Mymr,False,1.7B,1,0.999964,0.19773540079951923,0.1412960670598242,1.0567785931116858,0.05681663851067218,1.45714,0.45719245892852156,,
1,bpb_mya_Mymr,False,1.7B,2,0.999964,0.19773540079951923,0.1412960670598242,0.9778308071736308,-0.022133989649996563,1.131166,0.13120672344204384,,
1,bpb_mya_Mymr,False,1.7B,3,0.999964,0.19773540079951923,0.1412960670598242,0.9514669231605551,-0.048498822797065515,1.043666,0.043703573328639854,0.7646250240761372,-0.23534744843200633
1,bpb_mya_Mymr,False,1.7B,4,0.999964,0.19773540079951923,0.1412960670598242,0.9537246691573105,-0.046240995518528165,1.035315,0.035352272681816566,0.8834310366566498,-0.1165371586810627
1,bpb_nld_Latn,False,1.7B,1,1.343887,0.2052935332789763,0.1412960670598242,1.5375129872046382,0.14407906855609004,2.120001,0.5775143297018274,,
1,bpb_nld_Latn,False,1.7B,2,1.343887,0.2052935332789763,0.1412960670598242,1.4751513936816913,0.09767517185722556,1.769446,0.31666278489188454,,
1,bpb_nld_Latn,False,1.7B,3,1.343887,0.2052935332789763,0.1412960670598242,1.4416908013201082,0.07277680438913996,1.595332,0.18710278468353359,1.2430078519133756,-0.07506520123092526
1,bpb_nld_Latn,False,1.7B,4,1.343887,0.2052935332789763,0.1412960670598242,1.4253316595434884,0.06060380042629204,1.484598,0.10470448780291797,1.3068110891199554,-0.02758856278842246
1,bpb_nno_Latn,False,1.7B,1,1.978078,0.1253545753768582,0.14139020407186778,1.9199577985749465,-0.02938215855241981,2.647902,0.33862365387006993,,
1,bpb_nno_Latn,False,1.7B,2,1.978078,0.1253545753768582,0.14139020407186778,1.9081378217863516,-0.03535764424539801,2.371239,0.19875909847842202,,
1,bpb_nno_Latn,False,1.7B,3,1.978078,0.1253545753768582,0.14139020407186778,1.9091517742017692,-0.03484504948653735,2.214381,0.1194609110459749,1.895565422909098,-0.041713510332202317
1,bpb_nno_Latn,False,1.7B,4,1.978078,0.1253545753768582,0.14139020407186778,1.9266608386589714,-0.025993495373301045,2.134435,0.07904491127245733,1.9690303644797307,-0.004573952857404676
1,bpb_nob_Latn,False,1.7B,1,1.667173,0.1688139791404081,0.1412960670598242,1.8007343612110718,0.08011247855565784,2.482944,0.4893139464230766,,
1,bpb_nob_Latn,False,1.7B,2,1.667173,0.1688139791404081,0.1412960670598242,1.7615035966046888,0.05658116860379144,2.154271,0.29217003874223013,,
1,bpb_nob_Latn,False,1.7B,3,1.667173,0.1688139791404081,0.1412960670598242,1.7416287166468554,0.0446598623219398,1.972457,0.18311476973295507,1.6147662223131427,-0.03143451680590875
1,bpb_nob_Latn,False,1.7B,4,1.667173,0.1688139791404081,0.1412960670598242,1.7360180546785304,0.04129448754180305,1.853155,0.11155530949697487,1.6724089530145487,0.0031406176890752856
1,bpb_npi_Deva,False,1.7B,1,0.804228,0.12778921725611467,0.14139020407186778,0.7821260751937356,-0.027482162777551257,1.078666,0.34124402532615106,,
1,bpb_npi_Deva,False,1.7B,2,0.804228,0.12778921725611467,0.14139020407186778,0.7668573375042665,-0.046467746081625495,0.940156,0.16901674649477502,,
1,bpb_npi_Deva,False,1.7B,3,0.804228,0.12778921725611467,0.14139020407186778,0.7676730671021641,-0.045453444667228636,0.891354,0.10833494979035786,0.748571156653666,-0.06920530415048223
1,bpb_npi_Deva,False,1.7B,4,0.804228,0.12778921725611467,0.14139020407186778,0.7757391660512889,-0.035423827507511746,0.862814,0.07284750095743982,0.7901845440949304,-0.017462033036737854
1,bpb_nrm_Latn,False,1.7B,1,1.461111,0.13610867148317404,0.14139020407186778,1.420964196239097,-0.02747690200190332,1.959717,0.34125128070351934,,
1,bpb_nrm_Latn,False,1.7B,2,1.461111,0.13610867148317404,0.14139020407186778,1.3967910649820556,-0.044021251648878434,1.71683,0.17501681939291402,,
1,bpb_nrm_Latn,False,1.7B,3,1.461111,0.13610867148317404,0.14139020407186778,1.3959294020529882,-0.04461098297597639,1.615392,0.10559156696513809,1.3576956207767066,-0.07077859192305955
1,bpb_nrm_Latn,False,1.7B,4,1.461111,0.13610867148317404,0.14139020407186778,1.4051797062492766,-0.038279975820265176,1.544971,0.057394681170698215,1.4152833665510767,-0.03136492261636753
1,bpb_ory_Orya,False,1.7B,1,1.260978,0.15232262576657682,0.1412960670598242,1.234780449032288,-0.02077558130888241,1.702578,0.35020436518321496,,
1,bpb_ory_Orya,False,1.7B,2,1.260978,0.15232262576657682,0.1412960670598242,1.2030168943351398,-0.04596519976150268,1.465334,0.16206151098591728,,
1,bpb_ory_Orya,False,1.7B,3,1.260978,0.15232262576657682,0.1412960670598242,1.1922609447842287,-0.05449504687295988,1.356683,0.07589743833754448,1.1087165547542952,-0.12074869287624744
1,bpb_ory_Orya,False,1.7B,4,1.260978,0.15232262576657682,0.1412960670598242,1.1978781920806125,-0.050040371774438104,1.309478,0.038462209491363045,1.1800938073319482,-0.06414401573068816
1,bpb_pan_Guru,False,1.7B,1,1.021976,0.14139020407186778,0.1412960670598242,0.9957038194717373,-0.025707238260255373,1.372927,0.34340434609031917,,
1,bpb_pan_Guru,False,1.7B,2,1.021976,0.14139020407186778,0.1412960670598242,0.9527158182490743,-0.06777084956097379,1.139671,0.11516415258283962,,
1,bpb_pan_Guru,False,1.7B,3,1.021976,0.14139020407186778,0.1412960670598242,0.9534020046075045,-0.06709941857000119,1.106138,0.08235222744956835,0.8954650670063145,-0.1237905126868787
1,bpb_pan_Guru,False,1.7B,4,1.021976,0.14139020407186778,0.1412960670598242,0.9618540986801866,-0.05882907359841467,1.06456,0.04166829749426597,0.9617312778332718,-0.05894925337456864
1,bpb_pbt_Arab,False,1.7B,1,1.580524,0.1063261030354174,0.14139020407186778,1.5182961726837345,-0.03937164340197651,2.093952,0.32484669641207586,,
1,bpb_pbt_Arab,False,1.7B,2,1.580524,0.1063261030354174,0.14139020407186778,1.4781136968007655,-0.06479515856718057,1.799313,0.1384281415530545,,
1,bpb_pbt_Arab,False,1.7B,3,1.580524,0.1063261030354174,0.14139020407186778,1.5367769999709753,-0.027678795152129777,1.924719,0.21777271335329298,1.711461666997677,0.08284446613760812
1,bpb_pbt_Arab,False,1.7B,4,1.580524,0.1063261030354174,0.14139020407186778,1.5406446408573735,-0.02523173273080733,1.673249,0.05866725212650991,1.6156971250913243,0.022254091106066284
1,bpb_plt_Latn,False,1.7B,1,2.202758,0.08025940846234057,0.14139020407186778,1.9393110803813591,-0.11959866658917641,2.674593,0.2142019232253384,,
1,bpb_plt_Latn,False,1.7B,2,2.202758,0.08025940846234057,0.14139020407186778,1.9473368959235557,-0.11595513627754135,2.445019,0.10998076048299432,,
1,bpb_plt_Latn,False,1.7B,3,2.202758,0.08025940846234057,0.14139020407186778,1.9852092005109623,-0.0987620063071104,2.390491,0.08522633898049613,2.148571920571169,-0.024599197655317165
1,bpb_plt_Latn,False,1.7B,4,2.202758,0.08025940846234057,0.14139020407186778,2.0248188855174836,-0.08078014674445247,2.315843,0.05133791365188544,2.1998873822837135,-0.00130319250516249
1,bpb_pol_Latn,False,1.7B,1,1.740664,0.17312638104933084,0.1412960670598242,1.8708797319549693,0.07480808010906716,2.579664,0.48199997242431636,,
1,bpb_pol_Latn,False,1.7B,2,1.740664,0.17312638104933084,0.1412960670598242,1.8036711146570248,0.036197172261289254,2.173961,0.24892627181351473,,
1,bpb_pol_Latn,False,1.7B,3,1.740664,0.17312638104933084,0.1412960670598242,1.781979865996299,0.023735692813948647,2.015123,0.15767488728439263,1.6123073629016722,-0.0737400423621835
1,bpb_pol_Latn,False,1.7B,4,1.740664,0.17312638104933084,0.1412960670598242,1.7785042374369602,0.02173896710505887,1.90578,0.09485805416783483,1.7033447858634483,-0.021439642651627025
1,bpb_por_Latn,False,1.7B,1,1.078828,0.23214179269532417,0.1412960670598242,1.2760865862398831,0.18284526007842145,1.759533,0.6309671235822579,,
1,bpb_por_Latn,False,1.7B,2,1.078828,0.23214179269532417,0.1412960670598242,1.2042007288094636,0.11621197151859584,1.420694,0.3168864730985848,,
1,bpb_por_Latn,False,1.7B,3,1.078828,0.23214179269532417,0.1412960670598242,1.1656001011616894,0.08043182153382147,1.265199,0.1727532099648879,0.9454289413133304,-0.12365183206838298
1,bpb_por_Latn,False,1.7B,4,1.078828,0.23214179269532417,0.1412960670598242,1.1466852773439498,0.06289906949388584,1.176765,0.09078092151853694,1.0137336845971545,-0.060337992157086566
1,bpb_ron_Latn,False,1.7B,1,1.548366,0.18400209063339915,0.1412960670598242,1.7129141266292973,0.1062721130722952,2.361853,0.5253841791927749,,
1,bpb_ron_Latn,False,1.7B,2,1.548366,0.18400209063339915,0.1412960670598242,1.6694149601155046,0.07817851859024591,2.034117,0.3137184619140438,,
1,bpb_ron_Latn,False,1.7B,3,1.548366,0.18400209063339915,0.1412960670598242,1.643024274549093,0.06113430193448652,1.843789,0.1907966204372868,1.4889227134297265,-0.038390978987056956
1,bpb_ron_Latn,False,1.7B,4,1.548366,0.18400209063339915,0.1412960670598242,1.6304524167186865,0.053014866458373895,1.717363,0.10914538293917593,1.5386807955389894,-0.006255113106985371
1,bpb_rus_Cyrl,False,1.7B,1,0.887575,0.18441618548116304,0.1412960670598242,0.9621273075886708,0.08399550188848358,1.32663,0.49466805622060106,,
1,bpb_rus_Cyrl,False,1.7B,2,0.887575,0.18441618548116304,0.1412960670598242,0.9193505732074206,0.03580043737985031,1.098279,0.23739289637495423,,
1,bpb_rus_Cyrl,False,1.7B,3,0.887575,0.18441618548116304,0.1412960670598242,0.9056760492461853,0.02039382502457288,1.018273,0.1472529082049404,0.799913710642741,-0.09876493745008481
1,bpb_rus_Cyrl,False,1.7B,4,0.887575,0.18441618548116304,0.1412960670598242,0.9018312988828254,0.016062078002225644,0.959719,0.08128214517083061,0.8505928949886102,-0.04166645636863337
1,bpb_sin_Sinh,False,1.7B,1,1.111572,0.13478199512778982,0.14139020407186778,1.0884714649056364,-0.020781861268872916,1.501161,0.35048471893858424,,
1,bpb_sin_Sinh,False,1.7B,2,1.111572,0.13478199512778982,0.14139020407186778,1.0605729634189176,-0.04588010185672399,1.292146,0.16244921606517618,,
1,bpb_sin_Sinh,False,1.7B,3,1.111572,0.13478199512778982,0.14139020407186778,1.0609474773087837,-0.045543179111399275,1.23013,0.10665795827890585,1.0222544899174089,-0.08035242888682978
1,bpb_sin_Sinh,False,1.7B,4,1.111572,0.13478199512778982,0.14139020407186778,1.0701154083816802,-0.03729546229872633,1.183652,0.06484510225158598,1.0797513155617589,-0.028626741621992236
1,bpb_slk_Latn,False,1.7B,1,2.153457,0.13623389032869793,0.14139020407186778,2.136274282328673,-0.007979132005573755,2.946234,0.36814155100380463,,
1,bpb_slk_Latn,False,1.7B,2,2.153457,0.13623389032869793,0.14139020407186778,2.0961669487604464,-0.026603759090408376,2.57183,0.19427970932319516,,
1,bpb_slk_Latn,False,1.7B,3,2.153457,0.13623389032869793,0.14139020407186778,2.097611395508813,-0.02593300190864597,2.433738,0.1301539803209444,2.044828091906914,-0.050443964329487896
1,bpb_slk_Latn,False,1.7B,4,2.153457,0.13623389032869793,0.14139020407186778,2.1106945627979217,-0.019857576539526113,2.31798,0.07639948232075215,2.125510007797927,-0.012977734035122583
1,bpb_slv_Latn,False,1.7B,1,2.25519,0.11408033579219022,0.14139020407186778,2.1431749298484966,-0.049669903711662106,2.955751,0.31064389253233654,,
1,bpb_slv_Latn,False,1.7B,2,2.25519,0.11408033579219022,0.14139020407186778,2.1350837775485565,-0.05325769556065933,2.659621,0.17933344862295428,,
1,bpb_slv_Latn,False,1.7B,3,2.25519,0.11408033579219022,0.14139020407186778,2.1501828596203607,-0.046562436149344,2.52666,0.12037566679525909,2.1960009746691926,-0.026245693414216616
1,bpb_slv_Latn,False,1.7B,4,2.25519,0.11408033579219022,0.14139020407186778,2.1736217099911657,-0.036169143180323673,2.420432,0.07327187509699853,2.2556574699208185,0.00020728626892576557
1,bpb_snd_Arab,False,1.7B,1,1.768137,0.12203587303307592,0.14139020407186778,1.6093713783551697,-0.08979260184297388,2.219558,0.25530883636279317,,
1,bpb_snd_Arab,False,1.7B,2,1.768137,0.12203587303307592,0.14139020407186778,1.5533583282869585,-0.12147173647349811,1.874712,0.060275306721142,,
1,bpb_snd_Arab,False,1.7B,3,1.768137,0.12203587303307592,0.14139020407186778,1.561110815497482,-0.11708718527043893,1.826873,0.03321914534903116,1.5094466692042692,-0.14630672328882371
1,bpb_snd_Arab,False,1.7B,4,1.768137,0.12203587303307592,0.14139020407186778,1.5840102941164578,-0.10413599505216072,1.783668,0.008783821615632703,1.6261488840341072,-0.08030379770679132
1,bpb_som_Latn,False,1.7B,1,2.188538,0.1113387686013247,0.14139020407186778,2.0956556658094927,-0.042440357074223604,2.8902149999999995,0.3206144924145707,,
1,bpb_som_Latn,False,1.7B,2,2.188538,0.1113387686013247,0.14139020407186778,2.0952204785054147,-0.042639205485390325,2.619311,0.1968314006884963,,
1,bpb_som_Latn,False,1.7B,3,2.188538,0.1113387686013247,0.14139020407186778,2.1108469985458127,-0.03549904157669968,2.48234,0.1342457841718994,2.170431458873051,-0.008273350120925012
1,bpb_som_Latn,False,1.7B,4,2.188538,0.1113387686013247,0.14139020407186778,2.134779821732948,-0.02456351147069504,2.380265,0.08760505871956539,2.2236039104072587,0.016022527553672276
1,bpb_spa_Latn,False,1.7B,1,0.969918,0.23390033618859876,0.1412960670598242,1.1462103146019895,0.18176001950885495,1.580453,0.6294707387634833,,
1,bpb_spa_Latn,False,1.7B,2,0.969918,0.23390033618859876,0.1412960670598242,1.07946190808914,0.1129414116339115,1.270964,0.31038293958870755,,
1,bpb_spa_Latn,False,1.7B,3,0.969918,0.23390033618859876,0.1412960670598242,1.0442631925632715,0.07665100819169408,1.1322,0.16731517509727642,0.8426585680627553,-0.1312063823305111
1,bpb_spa_Latn,False,1.7B,4,0.969918,0.23390033618859876,0.1412960670598242,1.0271519552552542,0.059009065978004545,1.053587,0.08626399345099288,0.9058959529822525,-0.06600769035913087
1,bpb_srp_Cyrl,False,1.7B,1,1.322429,0.13683323301165637,0.14139020407186778,1.2954843647225276,-0.020375109194877367,1.786662,0.35104568940941244,,
1,bpb_srp_Cyrl,False,1.7B,2,1.322429,0.13683323301165637,0.14139020407186778,1.2495833497814188,-0.05508473439298536,1.507113,0.1396551346045798,,
1,bpb_srp_Cyrl,False,1.7B,3,1.322429,0.13683323301165637,0.14139020407186778,1.245535734129557,-0.05814547765546815,1.4338,0.08421699766112198,1.1662600009229132,-0.11809253961996215
1,bpb_srp_Cyrl,False,1.7B,4,1.322429,0.13683323301165637,0.14139020407186778,1.2600875333111354,-0.04714163610210048,1.406428,0.06351872198809912,1.2679011161212088,-0.04123312773600039
1,bpb_srp_Latn,False,1.7B,1,2.156882,0.12954350704078593,0.14139020407186778,2.1043762802595216,-0.024343343650917552,2.902242,0.34557291497634096,,
1,bpb_srp_Latn,False,1.7B,2,2.156882,0.12954350704078593,0.14139020407186778,2.084624845770626,-0.0335007451633303,2.582141,0.19716377622883405,,
1,bpb_srp_Latn,False,1.7B,3,2.156882,0.12954350704078593,0.14139020407186778,2.0918417577312534,-0.030154752215812736,2.440513,0.13150047151397257,2.0899839309432786,-0.03101610058256379
1,bpb_srp_Latn,False,1.7B,4,2.156882,0.12954350704078593,0.14139020407186778,2.1046903548467353,-0.024197728551336926,2.310732,0.0713298177647177,2.1387868722937977,-0.008389484314024713
1,bpb_swe_Latn,False,1.7B,1,1.526571,0.18063764738717172,0.1412960670598242,1.6828035445103444,0.10234214098809982,2.320335,0.5199653340722444,,
1,bpb_swe_Latn,False,1.7B,2,1.526571,0.18063764738717172,0.1412960670598242,1.6371906930049565,0.07246285499001132,1.991352,0.3044607817127406,,
1,bpb_swe_Latn,False,1.7B,3,1.526571,0.18063764738717172,0.1412960670598242,1.6095532501744625,0.0543585920173137,1.802293,0.18061524816074723,1.4488014046377689,-0.050943975329173066
1,bpb_swe_Latn,False,1.7B,4,1.526571,0.18063764738717172,0.1412960670598242,1.6014862413285125,0.04907419394742372,1.70035,0.11383617270339876,1.5182585177669239,-0.005445198574501948
1,bpb_swh_Latn,False,1.7B,1,1.943117,0.12762482233288544,0.14139020407186778,1.9010011390437611,-0.02167438242588525,2.621758,0.34925380200986345,,
1,bpb_swh_Latn,False,1.7B,2,1.943117,0.12762482233288544,0.14139020407186778,1.9048017419803462,-0.019718451343719263,2.386518,0.22819058245077375,,
1,bpb_swh_Latn,False,1.7B,3,1.943117,0.12762482233288544,0.14139020407186778,1.9085646952269166,-0.017781896186942606,2.220095,0.14254314073727942,1.928586581652407,-0.007477891628549873
1,bpb_swh_Latn,False,1.7B,4,1.943117,0.12762482233288544,0.14139020407186778,1.9190752711503463,-0.012372764403612197,2.102958,0.08226010065271423,1.9552471958060766,0.006242648181286387
1,bpb_tam_Taml,False,1.7B,1,0.707708,0.11448390625893243,0.14139020407186778,0.6641023073995945,-0.06161537329012174,0.915894,0.294169346679704,,
1,bpb_tam_Taml,False,1.7B,2,0.707708,0.11448390625893243,0.14139020407186778,0.647996123970469,-0.08437360610524536,0.790601,0.11712881583930095,,
1,bpb_tam_Taml,False,1.7B,3,0.707708,0.11448390625893243,0.14139020407186778,0.6542053702517135,-0.07559986569077425,0.772588,0.09167622804885638,0.6540275294174919,-0.07585115694962913
1,bpb_tam_Taml,False,1.7B,4,0.707708,0.11448390625893243,0.14139020407186778,0.6632034474270889,-0.06288547334905227,0.74478,0.052383186285869306,0.6878570703755575,-0.02804960467373897
1,bpb_tat_Cyrl,False,1.7B,1,1.687165,0.1312823136688478,0.14139020407186778,1.5908613720626323,-0.05708014802189927,2.19403,0.3004240841885649,,
1,bpb_tat_Cyrl,False,1.7B,2,1.687165,0.1312823136688478,0.14139020407186778,1.5393360166867145,-0.08761975462582826,1.862439,0.10388669750735698,,
1,bpb_tat_Cyrl,False,1.7B,3,1.687165,0.1312823136688478,0.14139020407186778,1.5334639222367012,-0.09110020523380866,1.763211,0.04507324416995377,1.4394301194285366,-0.14683500462104385
1,bpb_tat_Cyrl,False,1.7B,4,1.687165,0.1312823136688478,0.14139020407186778,1.5551991904014195,-0.07821748886361471,1.748665,0.03645168077810996,1.5766704542921386,-0.06549125053439435
1,bpb_tel_Telu,False,1.7B,1,0.910855,0.15193099965205545,0.1412960670598242,0.889602419046896,-0.0233325622114431,1.226629,0.34667867004078584,,
1,bpb_tel_Telu,False,1.7B,2,0.910855,0.15193099965205545,0.1412960670598242,0.8513320314836903,-0.06534845668773809,1.018556,0.11824165207415016,,
1,bpb_tel_Telu,False,1.7B,3,0.910855,0.15193099965205545,0.1412960670598242,0.8485322160874876,-0.06842228885224579,0.976596,0.07217504432648451,0.7851293630725946,-0.1380303527206914
1,bpb_tel_Telu,False,1.7B,4,0.910855,0.15193099965205545,0.1412960670598242,0.8533040904695873,-0.06318339310912564,0.935345,0.02688682611392594,0.8410821591286233,-0.07660147978698771
1,bpb_tgk_Cyrl,False,1.7B,1,1.555986,0.11933451214536653,0.14139020407186778,1.449570305932499,-0.06839116423123419,1.999169,0.2848245421231296,,
1,bpb_tgk_Cyrl,False,1.7B,2,1.555986,0.11933451214536653,0.14139020407186778,1.4128873325173588,-0.09196655206579064,1.721961,0.10666869753326828,,
1,bpb_tgk_Cyrl,False,1.7B,3,1.555986,0.11933451214536653,0.14139020407186778,1.4196273772438845,-0.08763486480991187,1.660575,0.06721718575874064,1.391559723102065,-0.10567336524746043
1,bpb_tgk_Cyrl,False,1.7B,4,1.555986,0.11933451214536653,0.14139020407186778,1.4396314917999746,-0.07477863438361622,1.618324,0.04006334247223304,1.4833550318124886,-0.046678420106293673
1,bpb_tha_Thai,False,1.7B,1,0.80705,0.14434091766468646,0.1412960670598242,0.8090549075608594,0.0024842420678512596,1.115566,0.38227619106622884,,
1,bpb_tha_Thai,False,1.7B,2,0.80705,0.14434091766468646,0.1412960670598242,0.782961883473133,-0.02984711793180973,0.947297,0.17377733721578575,,
1,bpb_tha_Thai,False,1.7B,3,0.80705,0.14434091766468646,0.1412960670598242,0.7811742024374914,-0.03206219882598189,0.900887,0.11627160646800068,0.7377055590566031,-0.08592335164289322
1,bpb_tha_Thai,False,1.7B,4,0.80705,0.14434091766468646,0.1412960670598242,0.7863173271797351,-0.025689452723207877,0.864389,0.07104764264915422,0.7830761898133117,-0.029705483162986573
1,bpb_tur_Latn,False,1.7B,1,1.617276,0.16094503772432003,0.1412960670598242,1.6654296559501622,0.029774544326486203,2.296379,0.41990544594738316,,
1,bpb_tur_Latn,False,1.7B,2,1.617276,0.16094503772432003,0.1412960670598242,1.6136432391401405,-0.002246221955843912,1.954662,0.2086137431087829,,
1,bpb_tur_Latn,False,1.7B,3,1.617276,0.16094503772432003,0.1412960670598242,1.6004350223762722,-0.010413174760354891,1.823925,0.12777596402840338,1.4804099486943476,-0.08462751645708731
1,bpb_tur_Latn,False,1.7B,4,1.617276,0.16094503772432003,0.1412960670598242,1.6021746213983805,-0.009337539542798768,1.732554,0.07127911376907838,1.5600336276990616,-0.035394312597811575
1,bpb_uig_Arab,False,1.7B,1,1.741935,0.13876306521489967,0.14139020407186778,1.6537154889330712,-0.05064454819894475,2.280715,0.30929971554621716,,
1,bpb_uig_Arab,False,1.7B,2,1.741935,0.13876306521489967,0.14139020407186778,1.6328710707304108,-0.06261079160220627,2.016,0.1573336548149041,,
1,bpb_uig_Arab,False,1.7B,3,1.741935,0.13876306521489967,0.14139020407186778,1.6192839100169096,-0.07041083047478257,1.845082,0.059214034966861624,1.539613597900159,-0.11614750383903014
1,bpb_uig_Arab,False,1.7B,4,1.741935,0.13876306521489967,0.14139020407186778,1.6330595146910343,-0.06250261077994629,1.805603,0.03655015830096993,1.6388897938141154,-0.05915559776104427
1,bpb_ukr_Cyrl,False,1.7B,1,1.145411,0.17145418963763517,0.1412960670598242,1.211946216217238,0.05808850815754182,1.671093,0.45894617739833127,,
1,bpb_ukr_Cyrl,False,1.7B,2,1.145411,0.17145418963763517,0.1412960670598242,1.1461226086655054,0.0006212692784559069,1.35507,0.18304259344462384,,
1,bpb_ukr_Cyrl,False,1.7B,3,1.145411,0.17145418963763517,0.1412960670598242,1.1320527552259971,-0.011662403079770341,1.279516,0.11708024455850358,0.9944836879212934,-0.1317669483519074
1,bpb_ukr_Cyrl,False,1.7B,4,1.145411,0.17145418963763517,0.1412960670598242,1.135534096954315,-0.008623020946791059,1.235271,0.07845218877765278,1.0900162848992354,-0.04836230409937092
1,bpb_urd_Arab,False,1.7B,1,1.179452,0.1409494530593898,0.14139020407186778,1.1655981829928688,-0.011745977799122962,1.60753,0.3629465209266676,,
1,bpb_urd_Arab,False,1.7B,2,1.179452,0.1409494530593898,0.14139020407186778,1.1300474580103412,-0.04188770885941837,1.36991,0.1614800771883892,,
1,bpb_urd_Arab,False,1.7B,3,1.179452,0.1409494530593898,0.14139020407186778,1.126689023549836,-0.044735162134757527,1.297685,0.10024401162573808,1.064062790039478,-0.09783290033042638
1,bpb_urd_Arab,False,1.7B,4,1.179452,0.1409494530593898,0.14139020407186778,1.1360996796925769,-0.03675632438405555,1.255558,0.06452657674920217,1.1367791489330588,-0.036180235454211944
1,bpb_uzn_Cyrl,False,1.7B,1,1.562884,0.09583387136572498,0.14139020407186778,1.4374816650319517,-0.08023777514393148,1.982497,0.2684863367978686,,
1,bpb_uzn_Cyrl,False,1.7B,2,1.562884,0.09583387136572498,0.14139020407186778,1.417114119087273,-0.09326980179765551,1.746847,0.1177073922312853,,
1,bpb_uzn_Cyrl,False,1.7B,3,1.562884,0.09583387136572498,0.14139020407186778,1.4365779631727569,-0.08081600222872783,1.710521,0.09446446441322583,1.4810925044615144,-0.05233369561559625
1,bpb_uzn_Cyrl,False,1.7B,4,1.562884,0.09583387136572498,0.14139020407186778,1.4637601785783383,-0.06342365871149852,1.669073,0.06794426201816647,1.5570721583060068,-0.00371866478509805
1,bpb_uzn_Latn,False,1.7B,1,2.501462,0.09253151121178553,0.14139020407186778,2.2021353326092945,-0.1196606893851298,3.037066,0.214116384738205,,
1,bpb_uzn_Latn,False,1.7B,2,2.501462,0.09253151121178553,0.14139020407186778,2.2041034551575076,-0.11887390047999628,2.7584650000000006,0.10274111699478167,,
1,bpb_uzn_Latn,False,1.7B,3,2.501462,0.09253151121178553,0.14139020407186778,2.2360946561393105,-0.10608489909528492,2.666595,0.06601459466503987,2.3646645466846015,-0.054687000368344035
1,bpb_uzn_Latn,False,1.7B,4,2.501462,0.09253151121178553,0.14139020407186778,2.2740306255162515,-0.09091938013999358,2.578089,0.030632885888332413,2.4298566610692567,-0.028625395441043432
1,bpb_vie_Latn,False,1.7B,1,1.234642,0.144033107833355,0.1412960670598242,1.2240316427895737,-0.00859387353615571,1.687757,0.3670011225926219,,
1,bpb_vie_Latn,False,1.7B,2,1.234642,0.144033107833355,0.1412960670598242,1.1987130269234019,-0.029100721566736064,1.467644,0.1887202930080136,,
1,bpb_vie_Latn,False,1.7B,3,1.234642,0.144033107833355,0.1412960670598242,1.195507914147675,-0.03169670710402289,1.377637,0.11581899854370739,1.1473406353735953,-0.07070986134151008
1,bpb_vie_Latn,False,1.7B,4,1.234642,0.144033107833355,0.1412960670598242,1.2008219462219656,-0.027392599456388517,1.311652,0.06237435629113543,1.1963716994066076,-0.03099708303572406
1,bpb_zsm_Latn,False,1.7B,1,1.257896,0.19709593710350826,0.1412960670598242,1.4083750115491402,0.11962754595701103,1.941939,0.5437993284023482,,
1,bpb_zsm_Latn,False,1.7B,2,1.257896,0.19709593710350826,0.1412960670598242,1.344787440902109,0.06907680833877292,1.605358,0.27622474354000665,,
1,bpb_zsm_Latn,False,1.7B,3,1.257896,0.19709593710350826,0.1412960670598242,1.3184148204085955,0.04811114782827482,1.468104,0.1671107945330935,1.1421657873491056,-0.09200300553534978
1,bpb_zsm_Latn,False,1.7B,4,1.257896,0.19709593710350826,0.1412960670598242,1.307990411924806,0.039823969489374424,1.37665,0.09440685080483605,1.2126373122842538,-0.03597967376933081
2,bpb_afr_Latn,False,1.7B,1,1.611975,0.1798917802902457,0.16332255590354625,1.6675829262102342,0.03449676713983421,2.41743,0.4996696598892663,,
2,bpb_afr_Latn,False,1.7B,2,1.611975,0.1798917802902457,0.16332255590354625,1.6232241543239287,0.006978491802868414,2.045366,0.26885714728826443,,
2,bpb_afr_Latn,False,1.7B,3,1.611975,0.1798917802902457,0.16332255590354625,1.619409149327678,0.004611826689420223,1.910659,0.1852907148063712,1.5421592751977904,-0.043310674670642875
2,bpb_afr_Latn,False,1.7B,4,1.611975,0.1798917802902457,0.16332255590354625,1.6170298788322726,0.0031358295459127,1.755658,0.08913475705268382,1.581089816821472,-0.01915984005864108
2,bpb_als_Latn,False,1.7B,1,2.282916,0.1247259586936606,0.163719672507774,2.0705913640147213,-0.09300589070525539,3.0043670000000002,0.3160217020687577,,
2,bpb_als_Latn,False,1.7B,2,2.282916,0.1247259586936606,0.163719672507774,2.027673470635031,-0.11180548446152602,2.572028,0.12664154090645463,,
2,bpb_als_Latn,False,1.7B,3,2.282916,0.1247259586936606,0.163719672507774,2.0503057209862434,-0.10189173802880033,2.48605,0.0889800588370312,2.07297325475785,-0.091962536178357
2,bpb_als_Latn,False,1.7B,4,2.282916,0.1247259586936606,0.163719672507774,2.0879322199319716,-0.0854099669317787,2.405131,0.05353460223678827,2.2013492072737018,-0.035729213307146825
2,bpb_amh_Ethi,False,1.7B,1,1.580175,0.12103705125611135,0.163719672507774,1.383537426253637,-0.12444037764574369,2.007472,0.27041118863417013,,
2,bpb_amh_Ethi,False,1.7B,2,1.580175,0.12103705125611135,0.163719672507774,1.3829655372547147,-0.12480229262283316,1.79063,0.13318461562801578,,
2,bpb_amh_Ethi,False,1.7B,3,1.580175,0.12103705125611135,0.163719672507774,1.3995095385026028,-0.1143325653787696,1.699632,0.07559732308130424,1.4630909596323751,-0.0740956162245479
2,bpb_amh_Ethi,False,1.7B,4,1.580175,0.12103705125611135,0.163719672507774,1.4211158140216227,-0.10065922190793894,1.623003,0.02710332716313058,1.505827695925036,-0.04705004450454161
2,bpb_arb_Arab,False,1.7B,1,1.170711,0.16234333274536789,0.163719672507774,1.1173128556678653,-0.045611721707692794,1.621188,0.3847892434597437,,
2,bpb_arb_Arab,False,1.7B,2,1.170711,0.16234333274536789,0.163719672507774,1.0852469439094523,-0.07300183913070582,1.365389,0.16629039959477607,,
2,bpb_arb_Arab,False,1.7B,3,1.170711,0.16234333274536789,0.163719672507774,1.0874228670252544,-0.07114320526137166,1.294757,0.1059578324624949,1.0494150889819485,-0.10360875657446764
2,bpb_arb_Arab,False,1.7B,4,1.170711,0.16234333274536789,0.163719672507774,1.0936744764749524,-0.06580319440497923,1.213629,0.03665977341974237,1.0957183284037375,-0.06405737333659849
2,bpb_ars_Arab,False,1.7B,1,1.47077,0.11587379422032744,0.163719672507774,1.2791142148022094,-0.13030982763980126,1.855957,0.26189478980398034,,
2,bpb_ars_Arab,False,1.7B,2,1.47077,0.11587379422032744,0.163719672507774,1.2671656230358377,-0.13843386590980386,1.626041,0.10557123139579959,,
2,bpb_ars_Arab,False,1.7B,3,1.47077,0.11587379422032744,0.163719672507774,1.2860884860507127,-0.12556790929192685,1.571071,0.06819625094338354,1.3415662903273964,-0.0878476646060251
2,bpb_ars_Arab,False,1.7B,4,1.47077,0.11587379422032744,0.163719672507774,1.3097692043776974,-0.1094670109006184,1.509022,0.02600814539322952,1.3975985347095676,-0.049750447242214814
2,bpb_ary_Arab,False,1.7B,1,1.248967,0.147639568863729,0.163719672507774,1.1617003878166903,-0.06987103116680399,1.685593,0.34958970092884756,,
2,bpb_ary_Arab,False,1.7B,2,1.248967,0.147639568863729,0.163719672507774,1.1339633759871615,-0.09207899329032591,1.433765,0.1479606747015734,,
2,bpb_ary_Arab,False,1.7B,3,1.248967,0.147639568863729,0.163719672507774,1.1402743298612918,-0.08702605444235764,1.367351,0.09478553076262228,1.123521994727103,-0.10043900701371376
2,bpb_ary_Arab,False,1.7B,4,1.248967,0.147639568863729,0.163719672507774,1.1520059557242912,-0.07763299132459764,1.295746,0.037454152111304886,1.1774109474876329,-0.05729218827428353
2,bpb_arz_Arab,False,1.7B,1,1.358832,0.1335611171632709,0.163719672507774,1.2256003772312167,-0.09804863498120688,1.77831,0.3087048288530149,,
2,bpb_arz_Arab,False,1.7B,2,1.358832,0.1335611171632709,0.163719672507774,1.2019292910945927,-0.11546880622873715,1.526803,0.12361425106267726,,
2,bpb_arz_Arab,False,1.7B,3,1.358832,0.1335611171632709,0.163719672507774,1.2138136532651047,-0.10672279335112458,1.468075,0.08039478022301504,1.2240012539964147,-0.0992254715841144
2,bpb_arz_Arab,False,1.7B,4,1.358832,0.1335611171632709,0.163719672507774,1.231031824938689,-0.09405149058994132,1.400716,0.03082353079703748,1.2824390347753196,-0.0562195806580066
2,bpb_asm_Beng,False,1.7B,1,1.135594,0.1379636747928377,0.163719672507774,1.0352236612464016,-0.08838576001070661,1.502079,0.3227253754422795,,
2,bpb_asm_Beng,False,1.7B,2,1.135594,0.1379636747928377,0.163719672507774,0.9859512021277064,-0.13177491063909602,1.216328,0.07109407059213071,,
2,bpb_asm_Beng,False,1.7B,3,1.135594,0.1379636747928377,0.163719672507774,0.9910781391434892,-0.12726014830697485,1.18758,0.045778684987768596,0.9402544759964833,-0.17201528363439464
2,bpb_asm_Beng,False,1.7B,4,1.135594,0.1379636747928377,0.163719672507774,1.011595641413963,-0.10919250945851855,1.173365,0.03326100701483101,1.0475643213291415,-0.07751861904065938
2,bpb_azj_Latn,False,1.7B,1,1.697567,0.18146836006698272,0.16332255590354625,1.7198516965509683,0.013127432702784755,2.493202,0.4686913682935637,,
2,bpb_azj_Latn,False,1.7B,2,1.697567,0.18146836006698272,0.16332255590354625,1.6571140190523037,-0.02382997604671647,2.06688,0.21755429977137855,,
2,bpb_azj_Latn,False,1.7B,3,1.697567,0.18146836006698272,0.16332255590354625,1.6532905667791615,-0.026082289076565766,1.950802,0.14917526082917484,1.5510521254965148,-0.08630874333884035
2,bpb_azj_Latn,False,1.7B,4,1.697567,0.18146836006698272,0.16332255590354625,1.6530400574549813,-0.026229858700728022,1.80187,0.06144264114464998,1.6128465775107328,-0.04990696831952274
2,bpb_bel_Cyrl,False,1.7B,1,0.92724,0.26688856931754806,0.16332255590354625,1.1450773343397358,0.23493090714349668,1.659974,0.7902312238471163,,
2,bpb_bel_Cyrl,False,1.7B,2,0.92724,0.26688856931754806,0.16332255590354625,1.0762338614650155,0.16068532576788705,1.309423,0.4121726845261206,,
2,bpb_bel_Cyrl,False,1.7B,3,0.92724,0.26688856931754806,0.16332255590354625,1.0470815956760167,0.12924549811916733,1.174894,0.26708726974677555,0.8607778615714249,-0.0716773849581285
2,bpb_bel_Cyrl,False,1.7B,4,0.92724,0.26688856931754806,0.16332255590354625,1.02153434837829,0.10169357273013457,1.034446,0.11561839437470345,0.8876436563333302,-0.04270344642883154
2,bpb_ben_Beng,False,1.7B,1,0.917422,0.2001346327348003,0.16332255590354625,0.9181560121822407,0.0008000812954570353,1.331015,0.4508208872252901,,
2,bpb_ben_Beng,False,1.7B,2,0.917422,0.2001346327348003,0.16332255590354625,0.852246279285779,-0.07104224742182001,1.024036,0.11621042442845277,,
2,bpb_ben_Beng,False,1.7B,3,0.917422,0.2001346327348003,0.16332255590354625,0.8400172105420055,-0.08437206591731444,0.967397,0.054473295822424134,0.7121265741486345,-0.2237742563960375
2,bpb_ben_Beng,False,1.7B,4,0.917422,0.2001346327348003,0.16332255590354625,0.8440092468591708,-0.08002070273094518,0.933602,0.01763637671649479,0.8028971884062117,-0.12483329546684976
2,bpb_bew_Latn,False,1.7B,1,1.731161,0.14036923363311993,0.163719672507774,1.6104696750807128,-0.06971698468212208,2.336744,0.34981321783473635,,
2,bpb_bew_Latn,False,1.7B,2,1.731161,0.14036923363311993,0.163719672507774,1.5897654357520534,-0.08167672691791608,2.032767,0.17422180837022105,,
2,bpb_bew_Latn,False,1.7B,3,1.731161,0.14036923363311993,0.163719672507774,1.6009196676995299,-0.0752335180266134,1.925274,0.11212879680168394,1.6126526707161533,-0.06845598374954535
2,bpb_bew_Latn,False,1.7B,4,1.731161,0.14036923363311993,0.163719672507774,1.6182841768281646,-0.06520296100237664,1.823222,0.05317876269162715,1.6703648362702732,-0.035118723059107
2,bpb_bod_Tibt,False,1.7B,1,0.945642,0.20928419565985587,0.16332255590354625,0.9009499210323577,-0.04726109771736267,1.306072,0.38114846844789035,,
2,bpb_bod_Tibt,False,1.7B,2,0.945642,0.20928419565985587,0.16332255590354625,0.9341687228229014,-0.012132791455009995,1.253867,0.32594258715243196,,
2,bpb_bod_Tibt,False,1.7B,3,0.945642,0.20928419565985587,0.16332255590354625,0.901261670198007,-0.046931428386210665,0.994426,0.05158823317915242,0.8301736340492555,-0.12210579262632636
2,bpb_bod_Tibt,False,1.7B,4,0.945642,0.20928419565985587,0.16332255590354625,0.8908318021547497,-0.057960832794281894,0.93814,-0.007933234775951162,0.8369858599920073,-0.11490198194241873
2,bpb_bos_Latn,False,1.7B,1,1.855932,0.17848008971787865,0.16332255590354625,1.9100223587196423,0.029144580038300116,2.768885,0.49191080276648075,,
2,bpb_bos_Latn,False,1.7B,2,1.855932,0.17848008971787865,0.16332255590354625,1.8686295333984846,0.0068415940877600435,2.366516,0.2751092173635672,,
2,bpb_bos_Latn,False,1.7B,3,1.855932,0.17848008971787865,0.16332255590354625,1.8628702267625628,0.0037384056972792315,2.194683,0.18252338986557698,1.7823784508716158,-0.03963159702423585
2,bpb_bos_Latn,False,1.7B,4,1.855932,0.17848008971787865,0.16332255590354625,1.860223132437575,0.002312117274541941,2.019993,0.08839817407103279,1.8223643597413703,-0.018086675728760306
2,bpb_bul_Cyrl,False,1.7B,1,0.836442,0.2385002120730394,0.16332255590354625,0.9686374681594526,0.15804499075782014,1.404196,0.6787727062964317,,
2,bpb_bul_Cyrl,False,1.7B,2,0.836442,0.2385002120730394,0.16332255590354625,0.9253776515152078,0.10632614277524056,1.144401,0.3681773512090497,,
2,bpb_bul_Cyrl,False,1.7B,3,0.836442,0.2385002120730394,0.16332255590354625,0.9047283474920815,0.08163907060152588,1.025149,0.22560679640668457,0.7762159909049007,-0.07200261236893812
2,bpb_bul_Cyrl,False,1.7B,4,0.836442,0.2385002120730394,0.16332255590354625,0.8900334154036181,0.0640706891854045,0.924077,0.10477116165854897,0.8037417993139507,-0.03909440306207637
2,bpb_cat_Latn,False,1.7B,1,1.650776,0.18471333566864945,0.16332255590354625,1.733818409757547,0.0503050745573882,2.513449,0.5225863472694054,,
2,bpb_cat_Latn,False,1.7B,2,1.650776,0.18471333566864945,0.16332255590354625,1.685873099171457,0.021260970096159005,2.122011,0.2854627157167296,,
2,bpb_cat_Latn,False,1.7B,3,1.650776,0.18471333566864945,0.16332255590354625,1.6778322020281917,0.016389989936970068,1.97,0.19337814458169972,1.5806322782449655,-0.04249136270156246
2,bpb_cat_Latn,False,1.7B,4,1.650776,0.18471333566864945,0.16332255590354625,1.6738391963073478,0.013971124069739181,1.81237,0.0978897197439265,1.6259668437826496,-0.015028784170202663
2,bpb_ces_Latn,False,1.7B,1,1.637558,0.21589565175547995,0.16332255590354625,1.8061939493255907,0.10298013830691229,2.618369,0.5989473349951573,,
2,bpb_ces_Latn,False,1.7B,2,1.637558,0.21589565175547995,0.16332255590354625,1.7218766183136471,0.05149046220875661,2.124913,0.29761083271554334,,
2,bpb_ces_Latn,False,1.7B,3,1.637558,0.21589565175547995,0.16332255590354625,1.6968853622360718,0.03622916698893823,1.953547,0.1929635469400167,1.4956343692235599,-0.08666784979612338
2,bpb_ces_Latn,False,1.7B,4,1.637558,0.21589565175547995,0.16332255590354625,1.6821064775009635,0.027204213530735075,1.786874,0.09118211385489858,1.5663213012641741,-0.04350178664561862
2,bpb_ckb_Arab,False,1.7B,1,1.82451,0.12982336973784286,0.163719672507774,1.5571074601643697,-0.14656129033857326,2.259317,0.23831439674213883,,
2,bpb_ckb_Arab,False,1.7B,2,1.82451,0.12982336973784286,0.163719672507774,1.6253111351414706,-0.10917937685106108,2.197498,0.20443187485955125,,
2,bpb_ckb_Arab,False,1.7B,3,1.82451,0.12982336973784286,0.163719672507774,1.6110156759476575,-0.11701460888257262,1.877052,0.028797869016886652,1.6602193132164724,-0.09004647098866415
2,bpb_ckb_Arab,False,1.7B,4,1.82451,0.12982336973784286,0.163719672507774,1.6319365996469355,-0.10554801034418258,1.850303,0.014136946358200259,1.7087273340956484,-0.06345959512655547
2,bpb_cmn_Hani,False,1.7B,1,1.531079,0.18425490317380028,0.16332255590354625,1.5279447664344037,-0.0020470750141543246,2.215002,0.4466934756469131,,
2,bpb_cmn_Hani,False,1.7B,2,1.531079,0.18425490317380028,0.16332255590354625,1.4802007484871242,-0.033230324178488396,1.856244,0.2123763698672635,,
2,bpb_cmn_Hani,False,1.7B,3,1.531079,0.18425490317380028,0.16332255590354625,1.4686538375219989,-0.040772006198244,1.713908,0.11941186574957915,1.3601903094390664,-0.1116132417471167
2,bpb_cmn_Hani,False,1.7B,4,1.531079,0.18425490317380028,0.16332255590354625,1.4690384393481175,-0.04052080960674306,1.603289,0.047162817855904156,1.4279111672750457,-0.06738243599772077
2,bpb_cym_Latn,False,1.7B,1,2.315877,0.11991891535258907,0.163719672507774,2.1074990749321003,-0.0899779759753647,3.057919,0.3204151170377356,,
2,bpb_cym_Latn,False,1.7B,2,2.315877,0.11991891535258907,0.163719672507774,2.102665066458068,-0.09206530983378307,2.717358,0.17336024322535262,,
2,bpb_cym_Latn,False,1.7B,3,2.315877,0.11991891535258907,0.163719672507774,2.1336063911948244,-0.0787047882098987,2.60527,0.12496043615442444,2.2473253513196743,-0.029600729520749897
2,bpb_cym_Latn,False,1.7B,4,2.315877,0.11991891535258907,0.163719672507774,2.16547349308609,-0.06494451428720516,2.469435,0.06630663027440571,2.2980390958751276,-0.007702440209420624
2,bpb_dan_Latn,False,1.7B,1,1.675644,0.17971989995750715,0.16332255590354625,1.7401212624551559,0.038479093682880106,2.522586,0.5054426835294371,,
2,bpb_dan_Latn,False,1.7B,2,1.675644,0.17971989995750715,0.16332255590354625,1.699317198245003,0.014127820852760573,2.148181,0.28200321786727983,,
2,bpb_dan_Latn,False,1.7B,3,1.675644,0.17971989995750715,0.16332255590354625,1.6960603220959756,0.012184164474062306,2.002836,0.19526343304425042,1.625585807456339,-0.029874002200742492
2,bpb_dan_Latn,False,1.7B,4,1.675644,0.17971989995750715,0.16332255590354625,1.692173129344701,0.009864344302668818,1.832706,0.09373232023031147,1.6549487604528934,-0.012350618357542835
2,bpb_dclm,True,1.7B,1,0.811226,0.14291535296138985,0.163719672507774,0.7530042789828113,-0.07177003821029984,1.092587,0.3468342977172822,,
2,bpb_dclm,True,1.7B,2,0.811226,0.14291535296138985,0.163719672507774,0.7415242448886754,-0.08592150043431127,0.945861,0.1659648482666975,,
2,bpb_dclm,True,1.7B,3,0.811226,0.14291535296138985,0.163719672507774,0.7451811326321017,-0.0814136472054622,0.892452,0.10012746139793352,0.7421025772539804,-0.08520858890866363
2,bpb_dclm,True,1.7B,4,0.811226,0.14291535296138985,0.163719672507774,0.7535127944554413,-0.071143190115404,0.849779,0.047524364357158115,0.7750811502414814,-0.04455583247888827
2,bpb_deu_Latn,False,1.7B,1,1.173891,0.22117287859137605,0.16332255590354625,1.299265102203339,0.10680216664352908,1.883494,0.604487980570598,,
2,bpb_deu_Latn,False,1.7B,2,1.173891,0.22117287859137605,0.16332255590354625,1.2419270437256877,0.05795771815755272,1.536724,0.30908576690680817,,
2,bpb_deu_Latn,False,1.7B,3,1.173891,0.22117287859137605,0.16332255590354625,1.2212061595316128,0.04030626312972227,1.399733,0.19238753853637167,1.071656048401211,-0.08709066821262709
2,bpb_deu_Latn,False,1.7B,4,1.173891,0.22117287859137605,0.16332255590354625,1.2080905837233713,0.029133525790189452,1.275465,0.0865276247965101,1.1169092133108423,-0.0485409520041961
2,bpb_div_Thaa,False,1.7B,1,1.497151,0.19598542959651244,0.16332255590354625,1.5973292619730253,0.06691259730850488,2.315586,0.5466616259816146,,
2,bpb_div_Thaa,False,1.7B,2,1.497151,0.19598542959651244,0.16332255590354625,1.464232410657708,-0.021987487796683074,1.737509,0.1605435924632853,,
2,bpb_div_Thaa,False,1.7B,3,1.497151,0.19598542959651244,0.16332255590354625,1.5205173756770716,0.015607227111408049,1.943679,0.2982518129433838,1.5418059173430432,0.0298265955424959
2,bpb_div_Thaa,False,1.7B,4,1.497151,0.19598542959651244,0.16332255590354625,1.4926398680424904,-0.003013144270357177,1.539868,0.028532192143611513,1.4279473959188644,-0.04622352994529975
2,bpb_ekk_Latn,False,1.7B,1,2.299805,0.1467070459360313,0.163719672507774,2.170167474874538,-0.056368920463022734,3.148849,0.3691808653342347,,
2,bpb_ekk_Latn,False,1.7B,2,2.299805,0.1467070459360313,0.163719672507774,2.1328223013190426,-0.0726073291783249,2.715127,0.18059009350792773,,
2,bpb_ekk_Latn,False,1.7B,3,2.299805,0.1467070459360313,0.163719672507774,2.1440527869036328,-0.06772409534563466,2.569491,0.11726472461795677,2.13157057271424,-0.07315160515163681
2,bpb_ekk_Latn,False,1.7B,4,2.299805,0.1467070459360313,0.163719672507774,2.164387422162528,-0.05888219994193942,2.428637,0.05601866245181659,2.214918385702193,-0.03691035296375445
2,bpb_ell_Grek,False,1.7B,1,0.89222,0.20322714617779997,0.16332255590354625,0.9431756540058489,0.05711108695820413,1.367285,0.5324527582883146,,
2,bpb_ell_Grek,False,1.7B,2,0.89222,0.20322714617779997,0.16332255590354625,0.8944177159574374,0.00246319961157264,1.097968,0.2306023178139921,,
2,bpb_ell_Grek,False,1.7B,3,0.89222,0.20322714617779997,0.16332255590354625,0.8856615673004604,-0.007350690075922525,1.029421,0.15377485373562563,0.7887025003235102,-0.11602239321746859
2,bpb_ell_Grek,False,1.7B,4,0.89222,0.20322714617779997,0.16332255590354625,0.8823099751033598,-0.011107153949295205,0.951303,0.0662202147452422,0.8358185681428622,-0.0632147136996905
2,bpb_epo_Latn,False,1.7B,1,2.0003,0.15084997786830168,0.163719672507774,1.9636146892202089,-0.01833990440423502,2.849147,0.42435984602309634,,
2,bpb_epo_Latn,False,1.7B,2,2.0003,0.15084997786830168,0.163719672507774,1.9228283234788204,-0.03873002875627646,2.438927,0.2192806079088136,,
2,bpb_epo_Latn,False,1.7B,3,2.0003,0.15084997786830168,0.163719672507774,1.9278025241618066,-0.03624330142388319,2.298035,0.1488451732240163,1.8871211932100027,-0.0565809162575601
2,bpb_epo_Latn,False,1.7B,4,2.0003,0.15084997786830168,0.163719672507774,1.946270998887855,-0.02701044898872426,2.184513,0.09209268609708529,1.9805476408391758,-0.009874698375655853
2,bpb_eus_Latn,False,1.7B,1,2.430034,0.12414827496007154,0.163719672507774,2.163082561739068,-0.10985502188896622,3.138569,0.2915741096626631,,
2,bpb_eus_Latn,False,1.7B,2,2.430034,0.12414827496007154,0.163719672507774,2.135723158465013,-0.12111387805067209,2.731435,0.12403159791179869,,
2,bpb_eus_Latn,False,1.7B,3,2.430034,0.12414827496007154,0.163719672507774,2.1554736619325823,-0.11298621256633354,2.603684,0.07145990549926456,2.1902337813588493,-0.09868183681427944
2,bpb_eus_Latn,False,1.7B,4,2.430034,0.12414827496007154,0.163719672507774,2.1941180172789467,-0.09708340818319962,2.524299,0.03879163830629532,2.3151165659667674,-0.04729046343929041
2,bpb_fas_Arab,False,1.7B,1,1.114518,0.15600192611815888,0.163719672507774,1.0765621996489891,-0.03405579842677352,1.56206,0.40155654731462403,,
2,bpb_fas_Arab,False,1.7B,2,1.114518,0.15600192611815888,0.163719672507774,1.0455086053388003,-0.06191860038258656,1.315195,0.18005720858703045,,
2,bpb_fas_Arab,False,1.7B,3,1.114518,0.15600192611815888,0.163719672507774,1.046689702322781,-0.06085886246540557,1.244081,0.1162502534728018,1.0065431250551975,-0.09688033297335925
2,bpb_fas_Arab,False,1.7B,4,1.114518,0.15600192611815888,0.163719672507774,1.056620548900383,-0.0519484217389193,1.185636,0.06381054410965101,1.067740814048279,-0.04197077656145615
2,bpb_fil_Latn,False,1.7B,1,1.551371,0.17866132033538193,0.16332255590354625,1.5546910187759193,0.002140054684481825,2.253775,0.45276339444272196,,
2,bpb_fil_Latn,False,1.7B,2,1.551371,0.17866132033538193,0.16332255590354625,1.5065210556391906,-0.028909876722466428,1.889765,0.21812577391223625,,
2,bpb_fil_Latn,False,1.7B,3,1.551371,0.17866132033538193,0.16332255590354625,1.4983046076451445,-0.03420612629400417,1.756792,0.1324125563775524,1.4006898898828588,-0.09712770840575287
2,bpb_fil_Latn,False,1.7B,4,1.551371,0.17866132033538193,0.16332255590354625,1.5009589341260636,-0.03249517096422225,1.645555,0.06071017184155179,1.4700503627599788,-0.052418562187910724
2,bpb_fin_Latn,False,1.7B,1,2.02612,0.17103981722881043,0.16332255590354625,1.9964494589148414,-0.014644019646002588,2.894175,0.4284321757842576,,
2,bpb_fin_Latn,False,1.7B,2,2.02612,0.17103981722881043,0.16332255590354625,1.9466615691632967,-0.039217040864659276,2.457107,0.21271543640060805,,
2,bpb_fin_Latn,False,1.7B,3,2.02612,0.17103981722881043,0.16332255590354625,1.9431092754273032,-0.04097029029509455,2.294992,0.13270290012437563,1.8588081260909113,-0.08257747512935505
2,bpb_fin_Latn,False,1.7B,4,2.02612,0.17103981722881043,0.16332255590354625,1.9477216736088976,-0.03869382188177529,2.13921,0.055816042485143866,1.927437886586632,-0.04870496980108196
2,bpb_fra_Latn,False,1.7B,1,0.979104,0.24002488139151013,0.16332255590354625,1.114590897328587,0.13837845349277195,1.615779,0.6502628934209237,,
2,bpb_fra_Latn,False,1.7B,2,0.979104,0.24002488139151013,0.16332255590354625,1.0553359352041907,0.07785887424031634,1.293503,0.32110889139458126,,
2,bpb_fra_Latn,False,1.7B,3,0.979104,0.24002488139151013,0.16332255590354625,1.029241659949757,0.05120769596463393,1.160489,0.18525611171029854,0.8633044671433013,-0.1182709220437243
2,bpb_fra_Latn,False,1.7B,4,0.979104,0.24002488139151013,0.16332255590354625,1.0149855694612344,0.03664735253990837,1.061512,0.08416674837402363,0.9146856694881056,-0.0657931440499624
2,bpb_gle_Latn,False,1.7B,1,1.955733,0.1564715756963568,0.163719672507774,1.8872030740215076,-0.03504053261794549,2.738276,0.4001277270465856,,
2,bpb_gle_Latn,False,1.7B,2,1.955733,0.1564715756963568,0.163719672507774,1.853460457227113,-0.05229371431217196,2.357882,0.20562571680285607,,
2,bpb_gle_Latn,False,1.7B,3,1.955733,0.1564715756963568,0.163719672507774,1.8571913900316084,-0.05038602404745002,2.211329,0.13069064130942218,1.8220067650787632,-0.06837652937350687
2,bpb_gle_Latn,False,1.7B,4,1.955733,0.1564715756963568,0.163719672507774,1.8690721553767855,-0.04431118390046823,2.078085,0.06256068696493859,1.8875400361634236,-0.03486823806551117
2,bpb_glg_Latn,False,1.7B,1,1.625477,0.14952509145286952,0.163719672507774,1.5436805849012165,-0.05032148415436426,2.239835,0.37795551705745434,,
2,bpb_glg_Latn,False,1.7B,2,1.625477,0.14952509145286952,0.163719672507774,1.5211209491932929,-0.06420026294232842,1.94153,0.1944370790850931,,
2,bpb_glg_Latn,False,1.7B,3,1.625477,0.14952509145286952,0.163719672507774,1.5273058010536122,-0.06039531715698703,1.825999,0.12336194237137767,1.5174809601323935,-0.06643959887934836
2,bpb_glg_Latn,False,1.7B,4,1.625477,0.14952509145286952,0.163719672507774,1.5397269421556814,-0.05275378110198954,1.720782,0.05863202001627828,1.5696623007258184,-0.03433742788989429
2,bpb_gmh_Latn,False,1.7B,1,1.923894,0.11094724647049226,0.163719672507774,1.6888902904535286,-0.12215002985947845,2.45053,0.2737344157214483,,
2,bpb_gmh_Latn,False,1.7B,2,1.923894,0.11094724647049226,0.163719672507774,1.6873733073759722,-0.12293852604354905,2.18371,0.13504694125559935,,
2,bpb_gmh_Latn,False,1.7B,3,1.923894,0.11094724647049226,0.163719672507774,1.7143679691291118,-0.10890726353473121,2.098649,0.09083400644734065,1.8181666939357155,-0.054954849936786794
2,bpb_gmh_Latn,False,1.7B,4,1.923894,0.11094724647049226,0.163719672507774,1.7461989458793328,-0.09236218529745777,2.012759,0.04619017471856556,1.875788128885654,-0.02500442909762495
2,bpb_guj_Gujr,False,1.7B,1,1.098035,0.19910271022279838,0.16332255590354625,1.0477780374314984,-0.045769909491502225,1.518923,0.3833101859230351,,
2,bpb_guj_Gujr,False,1.7B,2,1.098035,0.19910271022279838,0.16332255590354625,0.9708913250158745,-0.11579200570485056,1.164591,0.060613732713437944,,
2,bpb_guj_Gujr,False,1.7B,3,1.098035,0.19910271022279838,0.16332255590354625,0.9539360829093326,-0.1312334461931245,1.091659,-0.005806736579435226,0.7970299653973235,-0.27413063755042105
2,bpb_guj_Gujr,False,1.7B,4,1.098035,0.19910271022279838,0.16332255590354625,0.9609456751419763,-0.12484968590074434,1.071211,-0.024429093790270966,0.9154181314524065,-0.1663124295196361
2,bpb_heb_Hebr,False,1.7B,1,1.405727,0.11925804838358102,0.163719672507774,1.240429762049884,-0.11758843498781475,1.799827,0.28035315534239585,,
2,bpb_heb_Hebr,False,1.7B,2,1.405727,0.11925804838358102,0.163719672507774,1.234041750561795,-0.12213271100164175,1.590236,0.1312552152729513,,
2,bpb_heb_Hebr,False,1.7B,3,1.405727,0.11925804838358102,0.163719672507774,1.2509055673941532,-0.11013620184135811,1.524277,0.08433358682020062,1.3068565363440172,-0.07033404327866132
2,bpb_heb_Hebr,False,1.7B,4,1.405727,0.11925804838358102,0.163719672507774,1.2714832107675087,-0.09549776680144242,1.456458,0.03608879960333698,1.3505308539254233,-0.039265195926788544
2,bpb_hif_Latn,False,1.7B,1,1.668443,0.13744062056661155,0.163719672507774,1.5472485416426878,-0.07263925609524098,2.245012,0.34557308820259375,,
2,bpb_hif_Latn,False,1.7B,2,1.668443,0.13744062056661155,0.163719672507774,1.5357957481429583,-0.07950361616012153,1.974608,0.18350342205277617,,
2,bpb_hif_Latn,False,1.7B,3,1.668443,0.13744062056661155,0.163719672507774,1.5466707034447107,-0.0729855898914672,1.860273,0.11497545915563204,1.5711655171157608,-0.05830434895542677
2,bpb_hif_Latn,False,1.7B,4,1.668443,0.13744062056661155,0.163719672507774,1.5639036923816125,-0.0626568049483185,1.7635,0.05697347766750208,1.6206599630291592,-0.028639298418250275
2,bpb_hin_Deva,False,1.7B,1,0.755436,0.14692953387106342,0.163719672507774,0.7094741040266447,-0.06084154842151462,1.029426,0.3626912140803456,,
2,bpb_hin_Deva,False,1.7B,2,0.755436,0.14692953387106342,0.163719672507774,0.6937915244371443,-0.08160118866833946,0.878811,0.16331628357663655,,
2,bpb_hin_Deva,False,1.7B,3,0.755436,0.14692953387106342,0.163719672507774,0.6987158304130363,-0.07508269342070498,0.840415,0.11249000577150153,0.6942964430927416,-0.0809328082157302
2,bpb_hin_Deva,False,1.7B,4,0.755436,0.14692953387106342,0.163719672507774,0.7053136923367881,-0.06634884710711683,0.791328,0.04751163566470228,0.7215625194475467,-0.04483964300411063
2,bpb_hrv_Latn,False,1.7B,1,1.893968,0.17824711070673016,0.16332255590354625,1.9472172604877411,0.02811518488577475,2.822805,0.490418528718542,,
2,bpb_hrv_Latn,False,1.7B,2,1.893968,0.17824711070673016,0.16332255590354625,1.9042667283599182,0.005437646443824855,2.410697,0.27282879119393766,,
2,bpb_hrv_Latn,False,1.7B,3,1.893968,0.17824711070673016,0.16332255590354625,1.897709102391931,0.001975272228427792,2.234106,0.1795901514703522,1.8121586688611946,-0.04319467442892673
2,bpb_hrv_Latn,False,1.7B,4,1.893968,0.17824711070673016,0.16332255590354625,1.8957615971846813,0.0009470050099480007,2.061026,0.0882052917472734,1.8577665974664292,-0.01911405183908643
2,bpb_hun_Latn,False,1.7B,1,1.997373,0.16282774026098248,0.163719672507774,1.9589143869260541,-0.019254597450724494,2.8423269999999996,0.42303265339022783,,
2,bpb_hun_Latn,False,1.7B,2,1.997373,0.16282774026098248,0.163719672507774,1.901116976468039,-0.04819131105304876,2.389881,0.19651211866787016,,
2,bpb_hun_Latn,False,1.7B,3,1.997373,0.16282774026098248,0.163719672507774,1.892982987858004,-0.05226365438102751,2.22573,0.11432867070897619,1.7816124816371193,-0.10802214627056678
2,bpb_hun_Latn,False,1.7B,4,1.997373,0.16282774026098248,0.163719672507774,1.9101616789207072,-0.04366301190578468,2.140767,0.07179129786975182,1.9124742493180336,-0.04250520592897095
2,bpb_hye_Armn,False,1.7B,1,1.153135,0.2279457390847799,0.16332255590354625,1.2147867334156863,0.05346445421887837,1.761029,0.5271663768769485,,
2,bpb_hye_Armn,False,1.7B,2,1.153135,0.2279457390847799,0.16332255590354625,1.1216507078538924,-0.027303214407773238,1.340654,0.16261669275496796,,
2,bpb_hye_Armn,False,1.7B,3,1.153135,0.2279457390847799,0.16332255590354625,1.0929120295272747,-0.052225429349317544,1.230016,0.0666712917394754,0.8801093448804381,-0.23676816254780395
2,bpb_hye_Armn,False,1.7B,4,1.153135,0.2279457390847799,0.16332255590354625,1.0906570581198762,-0.05418094315073585,1.182047,0.025072519696306198,0.9991172609159581,-0.13356436070715216
2,bpb_ind_Latn,False,1.7B,1,1.202187,0.210846210857467,0.16332255590354625,1.300690952758878,0.08193729657605517,1.885561,0.5684423471556423,,
2,bpb_ind_Latn,False,1.7B,2,1.202187,0.210846210857467,0.16332255590354625,1.2436437162442322,0.03448441568926657,1.539286,0.2804047955933645,,
2,bpb_ind_Latn,False,1.7B,3,1.202187,0.210846210857467,0.16332255590354625,1.2262194356858154,0.019990596875374196,1.413133,0.17546854191569206,1.0876387326260988,-0.09528323578103999
2,bpb_ind_Latn,False,1.7B,4,1.202187,0.210846210857467,0.16332255590354625,1.2175619901553087,0.012789183509145296,1.299862,0.08124775929202377,1.1415455701393162,-0.05044259325769091
2,bpb_isl_Latn,False,1.7B,1,2.200144,0.12140841070531372,0.163719672507774,2.003450095760106,-0.08940046844201738,2.906947,0.321253063435848,,
2,bpb_isl_Latn,False,1.7B,2,2.200144,0.12140841070531372,0.163719672507774,1.9886312924285625,-0.09613584727701341,2.556843,0.16212529725327085,,
2,bpb_isl_Latn,False,1.7B,3,2.200144,0.12140841070531372,0.163719672507774,2.020752113038463,-0.08153642987074344,2.474461,0.12468138449119691,2.123691184126766,-0.0347490054620216
2,bpb_isl_Latn,False,1.7B,4,2.200144,0.12140841070531372,0.163719672507774,2.0500378412062696,-0.06822560650290628,2.334734,0.0611732686587788,2.171145382775561,-0.013180326935163677
2,bpb_ita_Latn,False,1.7B,1,1.194096,0.2307357916076412,0.16332255590354625,1.3589832001441053,0.1380853801906256,1.970065,0.6498380364727793,,
2,bpb_ita_Latn,False,1.7B,2,1.194096,0.2307357916076412,0.16332255590354625,1.2985480006343435,0.087473704488034,1.606214,0.34512970481435323,,
2,bpb_ita_Latn,False,1.7B,3,1.194096,0.2307357916076412,0.16332255590354625,1.2737342573656179,0.06669334573235133,1.45275,0.21661072476584792,1.1067656653217681,-0.07313510360827934
2,bpb_ita_Latn,False,1.7B,4,1.194096,0.2307357916076412,0.16332255590354625,1.2557230866339917,0.0516098258716147,1.312129,0.0988471613672603,1.1459836202102849,-0.0402918859034074
2,bpb_jpn_Jpan,False,1.7B,1,1.331356,0.163719672507774,0.16332255590354625,1.2853859956830471,-0.034528709313626754,1.863374,0.399606115869835,,
2,bpb_jpn_Jpan,False,1.7B,2,1.331356,0.163719672507774,0.16332255590354625,1.2462402430135469,-0.063931628344675,1.564125,0.17483603183521162,,
2,bpb_jpn_Jpan,False,1.7B,3,1.331356,0.163719672507774,0.16332255590354625,1.245016444564297,-0.06485084037305043,1.472964,0.10636373742259768,1.1848091805389682,-0.11007335337883463
2,bpb_jpn_Jpan,False,1.7B,4,1.331356,0.163719672507774,0.16332255590354625,1.2535299461008185,-0.058456231014981354,1.395247,0.04798941830734974,1.2528548493853684,-0.0589633055430941
2,bpb_kan_Knda,False,1.7B,1,0.945106,0.23576535442931557,0.16332255590354625,1.0218236943486954,0.08117364015115273,1.481298,0.5673353041881016,,
2,bpb_kan_Knda,False,1.7B,2,0.945106,0.23576535442931557,0.16332255590354625,0.9347818485326652,-0.010923802692327407,1.106996,0.17129295549917162,,
2,bpb_kan_Knda,False,1.7B,3,0.945106,0.23576535442931557,0.16332255590354625,0.9193648360311486,-0.02723627187728297,1.054177,0.11540610259589922,0.7565119612747613,-0.19954802818439277
2,bpb_kan_Knda,False,1.7B,4,0.945106,0.23576535442931557,0.16332255590354625,0.9110546020130764,-0.03602918401419902,0.966833,0.022988955736182027,0.8257828290929194,-0.12625374392616337
2,bpb_kat_Geor,False,1.7B,1,0.866367,0.21816026087089907,0.16332255590354625,0.9092994590702115,0.04955458722482676,1.318176,0.521498395021971,,
2,bpb_kat_Geor,False,1.7B,2,0.866367,0.21816026087089907,0.16332255590354625,0.8643683028290694,-0.0023069867284079342,1.063634,0.22769449898253277,,
2,bpb_kat_Geor,False,1.7B,3,0.866367,0.21816026087089907,0.16332255590354625,0.8414793885007705,-0.02872640751463233,0.945373,0.09119230072244212,0.7051360062895873,-0.18610010966531818
2,bpb_kat_Geor,False,1.7B,4,0.866367,0.21816026087089907,0.16332255590354625,0.8391748882971017,-0.03138636594295288,0.907647,0.047647244181738206,0.7790147680931366,-0.10082589930925735
2,bpb_kaz_Cyrl,False,1.7B,1,1.076759,0.20355574653034997,0.16332255590354625,1.1287728332605296,0.04830591920803964,1.636338,0.5196882496454639,,
2,bpb_kaz_Cyrl,False,1.7B,2,1.076759,0.20355574653034997,0.16332255590354625,1.0792654974567673,0.0023278165836247773,1.335831,0.24060351480693448,,
2,bpb_kaz_Cyrl,False,1.7B,3,1.076759,0.20355574653034997,0.16332255590354625,1.0652723958385057,-0.010667757744763938,1.230257,0.14255557650319145,0.948680423604452,-0.11894822926536763
2,bpb_kaz_Cyrl,False,1.7B,4,1.076759,0.20355574653034997,0.16332255590354625,1.0610597815267617,-0.014580067102516251,1.143444,0.06193122137822844,1.0047015892627917,-0.06692064866623662
2,bpb_khk_Cyrl,False,1.7B,1,1.404448,0.1348519203296568,0.163719672507774,1.29562040834253,-0.07748780421736505,1.879907,0.33853798787851175,,
2,bpb_khk_Cyrl,False,1.7B,2,1.404448,0.1348519203296568,0.163719672507774,1.2790037778392287,-0.08931923585691405,1.63546,0.16448597598487094,,
2,bpb_khk_Cyrl,False,1.7B,3,1.404448,0.1348519203296568,0.163719672507774,1.2926979790254152,-0.07956864260875786,1.566021,0.11504377520563253,1.320402023757598,-0.059842711330289164
2,bpb_khk_Cyrl,False,1.7B,4,1.404448,0.1348519203296568,0.163719672507774,1.3077984438886097,-0.06881675655587836,1.47707,0.051708571623869444,1.3600278680099969,-0.03162817846584783
2,bpb_khm_Khmr,False,1.7B,1,1.111451,0.20859481895337342,0.16332255590354625,1.1345134855697678,0.020749889621555846,1.64466,0.47974134712191546,,
2,bpb_khm_Khmr,False,1.7B,2,1.111451,0.20859481895337342,0.16332255590354625,1.0990675722690135,-0.01114167671897946,1.37829,0.24008165902050568,,
2,bpb_khm_Khmr,False,1.7B,3,1.111451,0.20859481895337342,0.16332255590354625,1.0802353024961255,-0.028085536387905927,1.23702,0.1129775401704619,0.9652798547170578,-0.13151380068301902
2,bpb_khm_Khmr,False,1.7B,4,1.111451,0.20859481895337342,0.16332255590354625,1.0727060507703554,-0.03485979069670598,1.145527,0.0306590214053521,1.0088097579694137,-0.09234886830871197
2,bpb_kir_Cyrl,False,1.7B,1,1.302068,0.138758239172193,0.163719672507774,1.2095332001954964,-0.07106756314148234,1.754997,0.3478535683236205,,
2,bpb_kir_Cyrl,False,1.7B,2,1.302068,0.138758239172193,0.163719672507774,1.191611002685604,-0.08483197291876927,1.520636,0.16786220074527605,,
2,bpb_kir_Cyrl,False,1.7B,3,1.302068,0.138758239172193,0.163719672507774,1.200258776781576,-0.07819040420194952,1.444128,0.10910336480122396,1.2065887960429582,-0.07332889216004217
2,bpb_kir_Cyrl,False,1.7B,4,1.302068,0.138758239172193,0.163719672507774,1.2146184841882048,-0.06716201904339494,1.372979,0.05446028932436704,1.2564509228517389,-0.03503432781410889
2,bpb_kmr_Latn,False,1.7B,1,2.458805,0.09134899656060329,0.163719672507774,2.0796797637732265,-0.15419085133907465,3.0175540000000005,0.22724412875360211,,
2,bpb_kmr_Latn,False,1.7B,2,2.458805,0.09134899656060329,0.163719672507774,2.075424281520366,-0.15592156290540887,2.682819,0.09110685881962984,,
2,bpb_kmr_Latn,False,1.7B,3,2.458805,0.09134899656060329,0.163719672507774,2.1186697552984834,-0.1383335582535079,2.61834,0.06488314445431825,2.283856021881781,-0.07115203447130576
2,bpb_kmr_Latn,False,1.7B,4,2.458805,0.09134899656060329,0.163719672507774,2.174505627623105,-0.1156250179973178,2.564374,0.04293508431941534,2.3988141619783945,-0.024398371575462645
2,bpb_kor_Hang,False,1.7B,1,1.485882,0.16923642456014196,0.16332255590354625,1.449159452622495,-0.024714309331094274,2.10079,0.4138336691608082,,
2,bpb_kor_Hang,False,1.7B,2,1.485882,0.16923642456014196,0.16332255590354625,1.3880963420961074,-0.06580984082443457,1.721173,0.15835106690840872,,
2,bpb_kor_Hang,False,1.7B,3,1.485882,0.16923642456014196,0.16332255590354625,1.385104106781772,-0.06782361803846332,1.634852,0.10025695176332983,1.2888960198042831,-0.1325717521281749
2,bpb_kor_Hang,False,1.7B,4,1.485882,0.16923642456014196,0.16332255590354625,1.3951065611538183,-0.06109195672750708,1.554604,0.04624997139745968,1.3839592943432948,-0.0685940778989887
2,bpb_lao_Laoo,False,1.7B,1,1.285601,0.16332255590354625,0.163719672507774,1.25278425162833,-0.02552638678071184,1.817753,0.41393247205003725,,
2,bpb_lao_Laoo,False,1.7B,2,1.285601,0.16332255590354625,0.163719672507774,1.2134226040176557,-0.056143699314440736,1.522376,0.18417456115855538,,
2,bpb_lao_Laoo,False,1.7B,3,1.285601,0.16332255590354625,0.163719672507774,1.2200686951050896,-0.05097406185504706,1.462779,0.13781725434252157,1.1880042186370565,-0.07591529670787707
2,bpb_lao_Laoo,False,1.7B,4,1.285601,0.16332255590354625,0.163719672507774,1.224922812393948,-0.04719830461088008,1.352107,0.05173144700416377,1.2255828580231236,-0.0466848905507046
2,bpb_lat_Latn,False,1.7B,1,1.360398,0.17059766714199195,0.16332255590354625,1.3443335686743518,-0.011808626097398089,1.948828,0.4325425353462737,,
2,bpb_lat_Latn,False,1.7B,2,1.360398,0.17059766714199195,0.16332255590354625,1.2952487197409095,-0.0478898677145148,1.615477,0.1875032159706204,,
2,bpb_lat_Latn,False,1.7B,3,1.360398,0.17059766714199195,0.16332255590354625,1.2913208253367938,-0.05077718040103424,1.521481,0.11840873038625467,1.2080711895594864,-0.11197223933033829
2,bpb_lat_Latn,False,1.7B,4,1.360398,0.17059766714199195,0.16332255590354625,1.2987663539992578,-0.04530412864525104,1.440984,0.059237076208580174,1.2860119659037774,-0.054679611478569194
2,bpb_lit_Latn,False,1.7B,1,2.115228,0.14715055728951926,0.163719672507774,2.0206082667154215,-0.04473264030382475,2.9318429999999998,0.3860647646494844,,
2,bpb_lit_Latn,False,1.7B,2,2.115228,0.14715055728951926,0.163719672507774,1.9990438661600956,-0.054927475354857515,2.561749,0.21109828349473422,,
2,bpb_lit_Latn,False,1.7B,3,2.115228,0.14715055728951926,0.163719672507774,2.0129785962665396,-0.04833966065760309,2.420599,0.14436788847348847,2.0340358721525913,-0.03838457501858372
2,bpb_lit_Latn,False,1.7B,4,2.115228,0.14715055728951926,0.163719672507774,2.026947764657626,-0.041735564838577294,2.257261,0.06714784410947665,2.073022403930278,-0.019953213587245475
2,bpb_ltz_Latn,False,1.7B,1,2.283036,0.089634694233213,0.163719672507774,1.9248275465790516,-0.1569000460005661,2.792868,0.22331316720367084,,
2,bpb_ltz_Latn,False,1.7B,2,2.283036,0.089634694233213,0.163719672507774,1.9445662506608403,-0.1482542322325008,2.544648,0.11458952027037679,,
2,bpb_ltz_Latn,False,1.7B,3,2.283036,0.089634694233213,0.163719672507774,1.9891053339924059,-0.1287455239460062,2.468186,0.08109815175932406,2.2002810232010113,-0.03624777568071147
2,bpb_ltz_Latn,False,1.7B,4,2.283036,0.089634694233213,0.163719672507774,2.0358444448214277,-0.10827317448282567,2.380861,0.042848645400247666,2.2510783662270337,-0.013997866776067631
2,bpb_lvs_Latn,False,1.7B,1,2.077124,0.15992498148183307,0.163719672507774,2.0063426424944995,-0.0340766162759183,2.911144,0.4015263412295078,,
2,bpb_lvs_Latn,False,1.7B,2,2.077124,0.15992498148183307,0.163719672507774,1.9705713890020706,-0.05129814637832375,2.506994,0.20695442352021362,,
2,bpb_lvs_Latn,False,1.7B,3,2.077124,0.15992498148183307,0.163719672507774,1.977982204763369,-0.047730320980659276,2.363376,0.13781170503060972,1.9535101885822888,-0.05951200381763978
2,bpb_lvs_Latn,False,1.7B,4,2.077124,0.15992498148183307,0.163719672507774,1.9852810934295833,-0.04421638119361999,2.189525,0.05411376499429028,1.9955269177730606,-0.039283683702532636
2,bpb_mal_Mlym,False,1.7B,1,0.899187,0.19658434410940792,0.16332255590354625,0.8935136999444477,-0.006309366189182253,1.295292,0.44051459818702915,,
2,bpb_mal_Mlym,False,1.7B,2,0.899187,0.19658434410940792,0.16332255590354625,0.8416254039015859,-0.0640151560225115,1.026214,0.1412687238583298,,
2,bpb_mal_Mlym,False,1.7B,3,0.899187,0.19658434410940792,0.16332255590354625,0.8261763284967096,-0.08119631567548277,0.943737,0.04954475542907103,0.7048256979509085,-0.2161522598181373
2,bpb_mal_Mlym,False,1.7B,4,0.899187,0.19658434410940792,0.16332255590354625,0.8308536963157293,-0.07599454138490738,0.921547,0.024866907550932172,0.7941981781775586,-0.1167597194159184
2,bpb_mar_Deva,False,1.7B,1,0.937329,0.11670084618396775,0.163719672507774,0.830776362910055,-0.11367688089234944,1.205432,0.2860287049691198,,
2,bpb_mar_Deva,False,1.7B,2,0.937329,0.11670084618396775,0.163719672507774,0.8180460468162065,-0.1272583619879396,1.043387,0.11314917174225923,,
2,bpb_mar_Deva,False,1.7B,3,0.937329,0.11670084618396775,0.163719672507774,0.8252963526261398,-0.11952329158050184,0.996149,0.06275277944030323,0.8340343167255162,-0.1102010961727246
2,bpb_mar_Deva,False,1.7B,4,0.937329,0.11670084618396775,0.163719672507774,0.8439188008334113,-0.09965572298156641,0.984242,0.05004966239175357,0.8994998162597071,-0.040358490711684875
2,bpb_mkd_Cyrl,False,1.7B,1,1.037994,0.17538319256263787,0.16332255590354625,1.0595352686209545,0.02075278722319628,1.535967,0.4797455476621252,,
2,bpb_mkd_Cyrl,False,1.7B,2,1.037994,0.17538319256263787,0.16332255590354625,1.0288015010137785,-0.008856023239268764,1.293151,0.24581741320277364,,
2,bpb_mkd_Cyrl,False,1.7B,3,1.037994,0.17538319256263787,0.16332255590354625,1.0272365994708823,-0.010363644230234257,1.214,0.1695636005603114,0.9777242662199567,-0.05806366296919193
2,bpb_mkd_Cyrl,False,1.7B,4,1.037994,0.17538319256263787,0.16332255590354625,1.028147319707814,-0.009486259354279658,1.12421,0.08306021036730447,1.0114630207177113,-0.025559858036066446
2,bpb_mlt_Latn,False,1.7B,1,2.370201,0.09893377806368182,0.163719672507774,2.079510911271458,-0.12264364445401128,3.017309,0.2730181955032507,,
2,bpb_mlt_Latn,False,1.7B,2,2.370201,0.09893377806368182,0.163719672507774,2.0795262163068826,-0.12263718718079909,2.693653,0.13646606342668832,,
2,bpb_mlt_Latn,False,1.7B,3,2.370201,0.09893377806368182,0.163719672507774,2.1206799012098787,-0.10527423572520689,2.615451,0.10347223716469635,2.2841044655547424,-0.03632457097320326
2,bpb_mlt_Latn,False,1.7B,4,2.370201,0.09893377806368182,0.163719672507774,2.168484448767123,-0.08510525108751406,2.528884,0.06694917435272382,2.3676850014356776,-0.0010615127427261082
2,bpb_mya_Mymr,False,1.7B,1,1.082597,0.2820550562843592,0.16332255590354625,1.1957381425880842,0.10450901174498374,1.733415,0.6011636832542487,,
2,bpb_mya_Mymr,False,1.7B,2,1.082597,0.2820550562843592,0.16332255590354625,1.072551724172064,-0.009278869078647113,1.24538,0.1503634316370726,,
2,bpb_mya_Mymr,False,1.7B,3,1.082597,0.2820550562843592,0.16332255590354625,1.0320981689433932,-0.04664601052525252,1.132914,0.046478052313095215,0.7594230026486893,-0.2985173590461739
2,bpb_mya_Mymr,False,1.7B,4,1.082597,0.2820550562843592,0.16332255590354625,1.0150179584850756,-0.0624230821948744,1.052857,-0.027470979505762622,0.8640210112859485,-0.20189968078061502
2,bpb_nld_Latn,False,1.7B,1,1.382133,0.21394313295006426,0.16332255590354625,1.5258656597220694,0.10399336367923302,2.211988,0.6004161683426991,,
2,bpb_nld_Latn,False,1.7B,2,1.382133,0.21394313295006426,0.16332255590354625,1.464842134345773,0.05984166092971723,1.8204,0.317094664551096,,
2,bpb_nld_Latn,False,1.7B,3,1.382133,0.21394313295006426,0.16332255590354625,1.4452597875654072,0.04567345368745781,1.667733,0.20663713260590685,1.2928016713892017,-0.06463294676474579
2,bpb_nld_Latn,False,1.7B,4,1.382133,0.21394313295006426,0.16332255590354625,1.4310950667077016,0.03542500374978496,1.515213,0.09628595800838259,1.3361221137764154,-0.033289767499643394
2,bpb_nno_Latn,False,1.7B,1,2.065734,0.1285756685993799,0.163719672507774,1.8934071973722362,-0.0834215841089723,2.747278,0.3299282482642974,,
2,bpb_nno_Latn,False,1.7B,2,2.065734,0.1285756685993799,0.163719672507774,1.88009285128592,-0.0898669183515786,2.41818,0.17061538416853286,,
2,bpb_nno_Latn,False,1.7B,3,2.065734,0.1285756685993799,0.163719672507774,1.9007615857244697,-0.0798614024242861,2.303957,0.11532123690659112,1.9605143112818246,-0.05093573941183876
2,bpb_nno_Latn,False,1.7B,4,2.065734,0.1285756685993799,0.163719672507774,1.9264253397065731,-0.06743785032023814,2.187534,0.05896209289288936,2.0204901165758744,-0.021902085856226192
2,bpb_nob_Latn,False,1.7B,1,1.742982,0.17479636359364867,0.16332255590354625,1.7893555303315394,0.0266058572788126,2.593959,0.48823051528931444,,
2,bpb_nob_Latn,False,1.7B,2,1.742982,0.17479636359364867,0.16332255590354625,1.7478625460401103,0.0028001127034646568,2.210138,0.268021127011065,,
2,bpb_nob_Latn,False,1.7B,3,1.742982,0.17479636359364867,0.16332255590354625,1.7444931121574383,0.0008669694566198995,2.059983,0.18187279042468588,1.6725956512276419,-0.0403827169599905
2,bpb_nob_Latn,False,1.7B,4,1.742982,0.17479636359364867,0.16332255590354625,1.7447517386409985,0.0010153510713240281,1.90355,0.09212258072659388,1.7178056341660795,-0.014444421017497931
2,bpb_npi_Deva,False,1.7B,1,0.86408,0.13833311083495292,0.163719672507774,0.7783907357284361,-0.09916820696181357,1.129422,0.30708036292935836,,
2,bpb_npi_Deva,False,1.7B,2,0.86408,0.13833311083495292,0.163719672507774,0.7678883824414753,-0.11132258304615855,0.981234,0.13558235348578845,,
2,bpb_npi_Deva,False,1.7B,3,0.86408,0.13833311083495292,0.163719672507774,0.7722161931797351,-0.10631400659691793,0.926127,0.07180700861031394,0.7731055481265098,-0.10528475589469746
2,bpb_npi_Deva,False,1.7B,4,0.86408,0.13833311083495292,0.163719672507774,0.7820778005411101,-0.09490116593242509,0.88616,0.025553189519488925,0.8094798825557621,-0.06318872956698209
2,bpb_nrm_Latn,False,1.7B,1,1.468958,0.15058596000423288,0.163719672507774,1.3925286496743892,-0.052029636194915595,2.020518,0.3754770388261612,,
2,bpb_nrm_Latn,False,1.7B,2,1.468958,0.15058596000423288,0.163719672507774,1.3677701706464396,-0.06888408610291133,1.740188,0.18464108572198804,,
2,bpb_nrm_Latn,False,1.7B,3,1.468958,0.15058596000423288,0.163719672507774,1.3725450516289055,-0.06563356363564818,1.639093,0.11582019363385469,1.354285643558211,-0.07806374072083005
2,bpb_nrm_Latn,False,1.7B,4,1.468958,0.15058596000423288,0.163719672507774,1.3843235607827982,-0.057615288672107585,1.549172,0.05460605408731904,1.4092081129641825,-0.04067501387774022
2,bpb_ory_Orya,False,1.7B,1,1.335684,0.1486375053607326,0.163719672507774,1.244268571988071,-0.06844090968517182,1.805397,0.35166476501927085,,
2,bpb_ory_Orya,False,1.7B,2,1.335684,0.1486375053607326,0.163719672507774,1.2272337232668054,-0.08119456153790472,1.567886,0.1738450112451746,,
2,bpb_ory_Orya,False,1.7B,3,1.335684,0.1486375053607326,0.163719672507774,1.2320981585678878,-0.07755265574201102,1.472758,0.10262457287801599,1.2254007006695748,-0.08256690903718637
2,bpb_ory_Orya,False,1.7B,4,1.335684,0.1486375053607326,0.163719672507774,1.2425003535683852,-0.06976473958781786,1.389886,0.04057995753486592,1.268183058723148,-0.05053660991436008
2,bpb_pan_Guru,False,1.7B,1,1.075463,0.1729256103155573,0.16332255590354625,1.0283472883030893,-0.04380970028435265,1.490755,0.38615182484195176,,
2,bpb_pan_Guru,False,1.7B,2,1.075463,0.1729256103155573,0.16332255590354625,0.9723621434456318,-0.09586648406720481,1.190194,0.1066805645568466,,
2,bpb_pan_Guru,False,1.7B,3,1.075463,0.1729256103155573,0.16332255590354625,0.9686444193435148,-0.0993233432079814,1.139482,0.05952692003351119,0.8786674579110676,-0.18298680855495025
2,bpb_pan_Guru,False,1.7B,4,1.075463,0.1729256103155573,0.16332255590354625,0.9773403312733067,-0.09123760531668071,1.094782,0.01796342598490126,0.964691227856498,-0.102999147477414
2,bpb_pbt_Arab,False,1.7B,1,1.773579,0.14439107685601565,0.163719672507774,1.6528040986467973,-0.06809671368075663,2.39817,0.3521641832700996,,
2,bpb_pbt_Arab,False,1.7B,2,1.773579,0.14439107685601565,0.163719672507774,1.5177173461802564,-0.14426290219930635,1.805238,0.017850346671898956,,
2,bpb_pbt_Arab,False,1.7B,3,1.773579,0.14439107685601565,0.163719672507774,1.5735121498994724,-0.11280402513816842,2.005758,0.13090987207223367,1.5898876040588086,-0.10357102555972496
2,bpb_pbt_Arab,False,1.7B,4,1.773579,0.14439107685601565,0.163719672507774,1.586658666269482,-0.10539160292860825,1.774405,0.00046572495502032523,1.628810845206218,-0.08162486970909219
2,bpb_plt_Latn,False,1.7B,1,2.26581,0.09070891248633488,0.163719672507774,1.89171109122181,-0.16510603659538534,2.744817,0.2114065168747599,,
2,bpb_plt_Latn,False,1.7B,2,2.26581,0.09070891248633488,0.163719672507774,1.900938420190257,-0.16103361703308885,2.474317,0.0920231616949347,,
2,bpb_plt_Latn,False,1.7B,3,2.26581,0.09070891248633488,0.163719672507774,1.9352099960323121,-0.14590808760120572,2.378473,0.04972305709657913,2.0857076267087087,-0.07948697079247219
2,bpb_plt_Latn,False,1.7B,4,2.26581,0.09070891248633488,0.163719672507774,1.9869065689649266,-0.12309215293209648,2.345603,0.03521610373332274,2.1937675565345605,-0.03179544774956401
2,bpb_pol_Latn,False,1.7B,1,1.527545,0.23365076920578867,0.16332255590354625,1.7534940437177,0.14791645661352046,2.541972,0.6640897649496414,,
2,bpb_pol_Latn,False,1.7B,2,1.527545,0.23365076920578867,0.16332255590354625,1.6685906102001857,0.09233483151081363,2.055402,0.3455590506335329,,
2,bpb_pol_Latn,False,1.7B,3,1.527545,0.23365076920578867,0.16332255590354625,1.6363210789124008,0.07120973778998381,1.865419,0.22118759185490444,1.411863804057232,-0.0757301395001574
2,bpb_pol_Latn,False,1.7B,4,1.527545,0.23365076920578867,0.16332255590354625,1.612407164222351,0.055554608356775774,1.682406,0.10137901011099519,1.4656893640111908,-0.040493495110657404
2,bpb_por_Latn,False,1.7B,1,1.09872,0.24841358743113306,0.16332255590354625,1.28059729004369,0.16553561420897958,1.856432,0.6896315712829476,,
2,bpb_por_Latn,False,1.7B,2,1.09872,0.24841358743113306,0.16332255590354625,1.2097755836144395,0.10107723861806427,1.479444,0.34651594582787254,,
2,bpb_por_Latn,False,1.7B,3,1.09872,0.24841358743113306,0.16332255590354625,1.1772763916364266,0.07149809927590897,1.321588,0.2028433085772536,0.9760188486325899,-0.1116764520236366
2,bpb_por_Latn,False,1.7B,4,1.09872,0.24841358743113306,0.16332255590354625,1.1579603162409335,0.053917573395345156,1.201647,0.09367900830056793,1.031724174321385,-0.0609762502535814
2,bpb_ron_Latn,False,1.7B,1,1.554101,0.1904618832448032,0.16332255590354625,1.6569459568989566,0.0661764948989523,2.40201,0.5455945269966368,,
2,bpb_ron_Latn,False,1.7B,2,1.554101,0.1904618832448032,0.16332255590354625,1.6174561306937947,0.04076641781569842,2.043893,0.3151609837455868,,
2,bpb_ron_Latn,False,1.7B,3,1.554101,0.1904618832448032,0.16332255590354625,1.6065061655321078,0.033720566122863206,1.878679,0.20885257779256305,1.510704262212698,-0.02792401381075098
2,bpb_ron_Latn,False,1.7B,4,1.554101,0.1904618832448032,0.16332255590354625,1.598434353634113,0.028526687540972602,1.716997,0.10481686840173203,1.5406574505090849,-0.008650370529917352
2,bpb_rus_Cyrl,True,1.7B,1,0.46017,0.18214739527152152,0.16332255590354625,0.4627950819104344,0.005704591586662251,0.670896,0.4579307647173871,,
2,bpb_rus_Cyrl,True,1.7B,2,0.46017,0.18214739527152152,0.16332255590354625,0.446623990209342,-0.02943696849133583,0.557952,0.21249103592150723,,
2,bpb_rus_Cyrl,True,1.7B,3,0.46017,0.18214739527152152,0.16332255590354625,0.44339143107782203,-0.03646167486402415,0.518022,0.1257187561118716,0.4092048134853809,-0.1107529532881742
2,bpb_rus_Cyrl,True,1.7B,4,0.46017,0.18214739527152152,0.16332255590354625,0.44420199090274687,-0.034700239253434934,0.487077,0.05847186909185727,0.433002233750222,-0.059038542820648916
2,bpb_sin_Sinh,False,1.7B,1,1.202426,0.15046951905976336,0.163719672507774,1.084212251769973,-0.09831270134713234,1.57316,0.3083216763443238,,
2,bpb_sin_Sinh,False,1.7B,2,1.202426,0.15046951905976336,0.163719672507774,1.0678948771393042,-0.11188307875968732,1.362438,0.13307430145389407,,
2,bpb_sin_Sinh,False,1.7B,3,1.202426,0.15046951905976336,0.163719672507774,1.0708332695448743,-0.10943935880887942,1.276905,0.06194061006664856,1.0579849691938215,-0.12012467362330699
2,bpb_sin_Sinh,False,1.7B,4,1.202426,0.15046951905976336,0.163719672507774,1.079884277335571,-0.10191206998553672,1.208015,0.004648103084930022,1.0994698936174574,-0.08562365283397282
2,bpb_slk_Latn,False,1.7B,1,1.965344,0.18523051767103552,0.16332255590354625,2.0328559005063656,0.034351187632478374,2.9469519999999996,0.49945861894915067,,
2,bpb_slk_Latn,False,1.7B,2,1.965344,0.18523051767103552,0.16332255590354625,1.968836367418775,0.001776975134518441,2.468392,0.25595926209355724,,
2,bpb_slk_Latn,False,1.7B,3,1.965344,0.18523051767103552,0.16332255590354625,1.9600591107506296,-0.002689040315268181,2.302813,0.17170988895582656,1.8378887499204566,-0.0648513695717103
2,bpb_slk_Latn,False,1.7B,4,1.965344,0.18523051767103552,0.16332255590354625,1.9561777533323137,-0.004663940087682505,2.120622,0.07900805151668107,1.8988977399486262,-0.03380897189060733
2,bpb_slv_Latn,False,1.7B,1,2.013838,0.1594792232696499,0.163719672507774,2.032685011158304,0.009358752371493695,2.949366,0.4645497800716841,,
2,bpb_slv_Latn,False,1.7B,2,2.013838,0.1594792232696499,0.163719672507774,1.9994708881179142,-0.0071341944496457095,2.547617,0.265055580438943,,
2,bpb_slv_Latn,False,1.7B,3,2.013838,0.1594792232696499,0.163719672507774,2.0050495680119664,-0.004364021330431427,2.391086,0.1873278784092863,1.977434832881334,-0.01807651217161746
2,bpb_slv_Latn,False,1.7B,4,2.013838,0.1594792232696499,0.163719672507774,2.0133068606734152,-0.00026374481293160176,2.223277,0.10399992452223077,2.0249213935137704,0.005503617229275957
2,bpb_snd_Arab,False,1.7B,1,1.808606,0.15049403686922785,0.163719672507774,1.6872258872218002,-0.06711252355582129,2.448115,0.35359221411407465,,
2,bpb_snd_Arab,False,1.7B,2,1.808606,0.15049403686922785,0.163719672507774,1.6043008219432973,-0.11296278905228817,1.975934,0.09251766277453473,,
2,bpb_snd_Arab,False,1.7B,3,1.808606,0.15049403686922785,0.163719672507774,1.5892376410825217,-0.121291402835929,1.84946,0.022588667736367217,1.4230693952226565,-0.21316782360411468
2,bpb_snd_Arab,False,1.7B,4,1.808606,0.15049403686922785,0.163719672507774,1.625120502758949,-0.10145133724042213,1.895417,0.04799884551969858,1.6545399152343383,-0.08518499041010681
2,bpb_som_Latn,False,1.7B,1,2.360099,0.10089236164552313,0.163719672507774,2.041206204349641,-0.13511839785125915,2.9617299999999998,0.2549176962491827,,
2,bpb_som_Latn,False,1.7B,2,2.360099,0.10089236164552313,0.163719672507774,2.059926714025196,-0.12718631124152172,2.692717,0.14093391845003117,,
2,bpb_som_Latn,False,1.7B,3,2.360099,0.10089236164552313,0.163719672507774,2.099404841341235,-0.11045899288918168,2.586039,0.09573327220595408,2.286656740539887,-0.03111829608000044
2,bpb_som_Latn,False,1.7B,4,2.360099,0.10089236164552313,0.163719672507774,2.1412052167564077,-0.09274771238138409,2.477842,0.04988900889327098,2.3316965738218456,-0.012034421512891774
2,bpb_spa_Latn,False,1.7B,1,0.978664,0.2519906786267151,0.16332255590354625,1.1413937146171527,0.16627740942463673,1.654634,0.6907069229071469,,
2,bpb_spa_Latn,False,1.7B,2,0.978664,0.2519906786267151,0.16332255590354625,1.075592222068637,0.09904136871146475,1.312083,0.34068791740576965,,
2,bpb_spa_Latn,False,1.7B,3,0.978664,0.2519906786267151,0.16332255590354625,1.0451582539398458,0.06794390509903897,1.169826,0.19532955130667937,0.8584986835635899,-0.12278505844335752
2,bpb_spa_Latn,False,1.7B,4,0.978664,0.2519906786267151,0.16332255590354625,1.0274959119784393,0.049896503783156715,1.064662,0.08787285523938759,0.9110509072173262,-0.06908713591454657
2,bpb_srp_Cyrl,False,1.7B,1,1.134747,0.1595400911839506,0.163719672507774,1.1404318645325857,0.005009807941845861,1.654733,0.45823958997027536,,
2,bpb_srp_Cyrl,False,1.7B,2,1.134747,0.1595400911839506,0.163719672507774,1.1133203080102978,-0.018882351739817026,1.407813,0.2406404246937864,,
2,bpb_srp_Cyrl,False,1.7B,3,1.134747,0.1595400911839506,0.163719672507774,1.1168491617744634,-0.015772536279484845,1.332887,0.17461160946008228,1.0907142697000454,-0.03880400679618856
2,bpb_srp_Cyrl,False,1.7B,4,1.134747,0.1595400911839506,0.163719672507774,1.1229723281852986,-0.010376473182745913,1.24515,0.09729305298890416,1.1293573706795343,-0.0047496308167949385
2,bpb_srp_Latn,False,1.7B,1,2.101051,0.1517716898194343,0.163719672507774,2.037143406398904,-0.030416964462593347,2.9558349999999995,0.40683638807434924,,
2,bpb_srp_Latn,False,1.7B,2,2.101051,0.1517716898194343,0.163719672507774,2.014616412586169,-0.04113873838085369,2.580698,0.22828908008420545,,
2,bpb_srp_Latn,False,1.7B,3,2.101051,0.1517716898194343,0.163719672507774,2.0248686909056492,-0.036259143207066726,2.425805,0.15456740459893642,2.0304311605657888,-0.03361167312655011
2,bpb_srp_Latn,False,1.7B,4,2.101051,0.1517716898194343,0.163719672507774,2.0363633155133436,-0.03078825049304201,2.259225,0.07528327489432661,2.069637260608023,-0.014951440679915487
2,bpb_swe_Latn,False,1.7B,1,1.596369,0.18733933355302734,0.16332255590354625,1.6852077359315787,0.055650501814792676,2.44298,0.5303354049095166,,
2,bpb_swe_Latn,False,1.7B,2,1.596369,0.18733933355302734,0.16332255590354625,1.634841448146266,0.02409997196529509,2.053049,0.2860742096595463,,
2,bpb_swe_Latn,False,1.7B,3,1.596369,0.18733933355302734,0.16332255590354625,1.6281430871151892,0.019903974028053197,1.914242,0.1991225086430519,1.5325152208035806,-0.03999938560346594
2,bpb_swe_Latn,False,1.7B,4,1.596369,0.18733933355302734,0.16332255590354625,1.6223060090424368,0.016247502327116664,1.750213,0.09637120239744075,1.5703037306804108,-0.01632784733328515
2,bpb_swh_Latn,False,1.7B,1,2.064598,0.11154135029968654,0.163719672507774,1.8646822854487706,-0.09683033430780692,2.705599,0.31047254719805,,
2,bpb_swh_Latn,False,1.7B,2,2.064598,0.11154135029968654,0.163719672507774,1.874726763689098,-0.0919652330918184,2.441435,0.18252318368999662,,
2,bpb_swh_Latn,False,1.7B,3,2.064598,0.11154135029968654,0.163719672507774,1.9084154632594221,-0.07564791632103587,2.34527,0.13594510892677414,2.057923074624192,-0.0032330387687134594
2,bpb_swh_Latn,False,1.7B,4,2.064598,0.11154135029968654,0.163719672507774,1.9386933134373538,-0.06098266421000422,2.216903,0.07376980894101402,2.080890208450605,0.007891225531849178
2,bpb_tam_Taml,False,1.7B,1,0.760721,0.14905793833784048,0.163719672507774,0.6905467723691154,-0.09224699677133212,1.001963,0.317122834784369,,
2,bpb_tam_Taml,False,1.7B,2,0.760721,0.14905793833784048,0.163719672507774,0.6645220312780348,-0.12645762207427585,0.828323,0.08886569451875267,,
2,bpb_tam_Taml,False,1.7B,3,0.760721,0.14905793833784048,0.163719672507774,0.6665446342079262,-0.12379882478868572,0.795278,0.045426641304762275,0.6369384380182089,-0.16271742462978023
2,bpb_tam_Taml,False,1.7B,4,0.760721,0.14905793833784048,0.163719672507774,0.675843025442178,-0.11157569537034205,0.768466,0.010181130795653075,0.6894195125226367,-0.09372882762190515
2,bpb_tat_Cyrl,False,1.7B,1,1.296405,0.15313276899957137,0.163719672507774,1.2372594701799264,-0.045622725784051736,1.795227,0.3847732768694967,,
2,bpb_tat_Cyrl,False,1.7B,2,1.296405,0.15313276899957137,0.163719672507774,1.2051521042113462,-0.07038918840073419,1.520537,0.17288733073383702,,
2,bpb_tat_Cyrl,False,1.7B,3,1.296405,0.15313276899957137,0.163719672507774,1.2098490686570316,-0.06676611964854229,1.445972,0.11537058249543931,1.1808728045435932,-0.08911736336747143
2,bpb_tat_Cyrl,False,1.7B,4,1.296405,0.15313276899957137,0.163719672507774,1.2205319003303898,-0.05852576908420609,1.366885,0.054365726759770194,1.2381870167260884,-0.04490724987477801
2,bpb_tel_Telu,False,1.7B,1,0.952892,0.18978432026233377,0.16332255590354625,0.9830042748939516,0.03160093157876405,1.425023,0.4954716798965675,,
2,bpb_tel_Telu,False,1.7B,2,0.952892,0.18978432026233377,0.16332255590354625,0.9083245023013291,-0.04677077538553252,1.086496,0.14020896386998732,,
2,bpb_tel_Telu,False,1.7B,3,0.952892,0.18978432026233377,0.16332255590354625,0.9003289818720783,-0.055161569336211906,1.048557,0.10039437837656313,0.7744466762909847,-0.18726710236733568
2,bpb_tel_Telu,False,1.7B,4,0.952892,0.18978432026233377,0.16332255590354625,0.9074887937846792,-0.04764779871729513,1.013442,0.06354340261015938,0.8754910893370772,-0.08122736958954715
2,bpb_tgk_Cyrl,False,1.7B,1,1.393089,0.12758344595784718,0.163719672507774,1.2692063635147086,-0.08892657718587356,1.841581,0.3219406656717553,,
2,bpb_tgk_Cyrl,False,1.7B,2,1.393089,0.12758344595784718,0.163719672507774,1.2640403470516015,-0.09263489479020975,1.630661,0.17053612511476288,,
2,bpb_tgk_Cyrl,False,1.7B,3,1.393089,0.12758344595784718,0.163719672507774,1.2742142019596419,-0.0853318043860501,1.53552,0.10224113462958934,1.305580562854495,-0.06281611379136944
2,bpb_tgk_Cyrl,False,1.7B,4,1.393089,0.12758344595784718,0.163719672507774,1.2932811364006818,-0.07164500157514578,1.474937,0.058752886570778984,1.3582572877269292,-0.025003221095759712
2,bpb_tha_Thai,False,1.7B,1,0.851607,0.18327558967053734,0.16332255590354625,0.8387153727642543,-0.015138000551599109,1.215853,0.4277160709106431,,
2,bpb_tha_Thai,False,1.7B,2,0.851607,0.18327558967053734,0.16332255590354625,0.7920834635037184,-0.0698955462980948,0.968342,0.13707613958081608,,
2,bpb_tha_Thai,False,1.7B,3,0.851607,0.18327558967053734,0.16332255590354625,0.7876263380348776,-0.07512932839340496,0.923186,0.0840516811158198,0.7082895183484303,-0.16829063365093247
2,bpb_tha_Thai,False,1.7B,4,0.851607,0.18327558967053734,0.16332255590354625,0.7915157285559734,-0.07056220938064929,0.876022,0.0286693275184445,0.7703791620459257,-0.09538183452469777
2,bpb_tur_Latn,False,1.7B,1,1.632233,0.17582146606123936,0.16332255590354625,1.6225779228505472,-0.0059152566756417715,2.352188,0.4410859233945153,,
2,bpb_tur_Latn,False,1.7B,2,1.632233,0.17582146606123936,0.16332255590354625,1.5707304373732558,-0.03768001420553576,1.968336,0.20591606713012175,,
2,bpb_tur_Latn,False,1.7B,3,1.632233,0.17582146606123936,0.16332255590354625,1.5669656638897,-0.03998653140225691,1.848611,0.1325656324801667,1.479807374478756,-0.09338472235351444
2,bpb_tur_Latn,False,1.7B,4,1.632233,0.17582146606123936,0.16332255590354625,1.5697455200256158,-0.03828343133264932,1.720981,0.054372139271782916,1.5433545691492443,-0.05445204872757489
2,bpb_uig_Arab,False,1.7B,1,1.774675,0.17975730200415607,0.16332255590354625,1.7415954001606162,-0.018639807198153915,2.524723,0.422639638243622,,
2,bpb_uig_Arab,False,1.7B,2,1.774675,0.17975730200415607,0.16332255590354625,1.6994463559378388,-0.04239009624982672,2.146689,0.2096237339231126,,
2,bpb_uig_Arab,False,1.7B,3,1.774675,0.17975730200415607,0.16332255590354625,1.6799034616222759,-0.0534021938539305,1.945846,0.09645202642737401,1.5505519424407974,-0.12628963475521016
2,bpb_uig_Arab,False,1.7B,4,1.774675,0.17975730200415607,0.16332255590354625,1.6849855203328674,-0.05053853785461146,1.854254,0.044841449842929024,1.6478356557169989,-0.07147187191063217
2,bpb_ukr_Cyrl,False,1.7B,1,0.635529,0.31410590025866875,0.16332255590354625,0.851105165617682,0.33920744075830056,1.233814,0.9413968520712666,,
2,bpb_ukr_Cyrl,False,1.7B,2,0.635529,0.31410590025866875,0.16332255590354625,0.7781433441829854,0.22440257515075684,0.920953,0.4491124716574696,,
2,bpb_ukr_Cyrl,False,1.7B,3,0.635529,0.31410590025866875,0.16332255590354625,0.7440693525072642,0.17078741097143363,0.806476,0.26898379145562196,0.5498684620172912,-0.13478619855696403
2,bpb_ukr_Cyrl,False,1.7B,4,0.635529,0.31410590025866875,0.16332255590354625,0.7195360495825516,0.13218444725976558,0.70959,0.11653441463725502,0.5864363396959853,-0.07724692390750809
2,bpb_urd_Arab,False,1.7B,1,1.261372,0.16979269298865565,0.16332255590354625,1.2168327289395025,-0.03531017896425281,1.763995,0.39847324976295656,,
2,bpb_urd_Arab,False,1.7B,2,1.261372,0.16979269298865565,0.16332255590354625,1.1642658272673416,-0.07698456342193923,1.442032,0.14322499627389862,,
2,bpb_urd_Arab,False,1.7B,3,1.261372,0.16979269298865565,0.16332255590354625,1.161023294892873,-0.07955520267385593,1.368639,0.0850399406360693,1.0760284113797598,-0.1469380869562985
2,bpb_urd_Arab,False,1.7B,4,1.261372,0.16979269298865565,0.16332255590354625,1.1697462610081288,-0.07263974385975834,1.304612,0.034280133061460195,1.1595243791085201,-0.08074352442537158
2,bpb_uzn_Cyrl,False,1.7B,1,1.33925,0.12668737567956717,0.163719672507774,1.2335550530492703,-0.07892099828316579,1.789852,0.33645846555908154,,
2,bpb_uzn_Cyrl,False,1.7B,2,1.33925,0.12668737567956717,0.163719672507774,1.2369035929767764,-0.07642068846236597,1.606524,0.19956990853089415,,
2,bpb_uzn_Cyrl,False,1.7B,3,1.33925,0.12668737567956717,0.163719672507774,1.2449719067753209,-0.0703961868394095,1.495743,0.11685122269927196,1.2811502974870037,-0.0433822680701858
2,bpb_uzn_Cyrl,False,1.7B,4,1.33925,0.12668737567956717,0.163719672507774,1.263400586948146,-0.05663573869841636,1.440173,0.07535784954265437,1.328489362175791,-0.008034823837378463
2,bpb_uzn_Latn,False,1.7B,1,2.290381,0.12879764894042625,0.163719672507774,2.089977009605624,-0.08749810201637892,3.032495,0.3240133410118229,,
2,bpb_uzn_Latn,False,1.7B,2,2.290381,0.12879764894042625,0.163719672507774,2.0799056570442325,-0.09189534097417308,2.681142,0.17060960600004973,,
2,bpb_uzn_Latn,False,1.7B,3,2.290381,0.12879764894042625,0.163719672507774,2.0968541929184195,-0.08449546476397618,2.527362,0.10346793830371458,2.146884093991447,-0.06265198061307395
2,bpb_uzn_Latn,False,1.7B,4,2.290381,0.12879764894042625,0.163719672507774,2.1271454188245826,-0.07127005558263771,2.422217,0.057560728979152306,2.230339380283032,-0.026214686428575846
2,bpb_vie_Latn,False,1.7B,1,1.278508,0.17604502463702573,0.16332255590354625,1.2615390417861039,-0.013272469326665223,1.828804,0.43042045884734403,,
2,bpb_vie_Latn,False,1.7B,2,1.278508,0.17604502463702573,0.16332255590354625,1.2094359269740795,-0.05402553056056,1.500951,0.17398639664358764,,
2,bpb_vie_Latn,False,1.7B,3,1.278508,0.17604502463702573,0.16332255590354625,1.2093638052921387,-0.054081941378435854,1.433427,0.12117170952391383,1.1358096642140263,-0.1116131739386642
2,bpb_vie_Latn,False,1.7B,4,1.278508,0.17604502463702573,0.16332255590354625,1.2123189060145352,-0.05177057475234007,1.331785,0.04167122927662558,1.1915756826153618,-0.06799512977989824
2,bpb_zsm_Latn,False,1.7B,1,1.347712,0.20082875467864061,0.16332255590354625,1.4264237929901729,0.058404015835855756,2.067831,0.5343270669104377,,
2,bpb_zsm_Latn,False,1.7B,2,1.347712,0.20082875467864061,0.16332255590354625,1.3710695856184592,0.017331288597607745,1.705972,0.26582830753157943,,
2,bpb_zsm_Latn,False,1.7B,3,1.347712,0.20082875467864061,0.16332255590354625,1.3567576164270867,0.00671183192483756,1.574919,0.1685872055750783,1.2295911146813308,-0.08764549497123218
2,bpb_zsm_Latn,False,1.7B,4,1.347712,0.20082875467864061,0.16332255590354625,1.3499119169752773,0.0016323346347567784,1.449948,0.07585893722100864,1.282948526910261,-0.04805438631528031
8,bpb_afr_Latn,False,1.7B,1,1.538702,0.18844831369446677,0.16273356808535944,1.65921740960096,0.07832277439098667,2.402084,0.5611105984134679,,
8,bpb_afr_Latn,False,1.7B,2,1.538702,0.18844831369446677,0.16273356808535944,1.6134349163974486,0.048568804354221035,2.029069,0.31868873895010197,,
8,bpb_afr_Latn,False,1.7B,3,1.538702,0.18844831369446677,0.16273356808535944,1.6008967391478446,0.04042026275902973,1.867201,0.21349098135961356,1.4911346848914588,-0.030913922974390867
8,bpb_afr_Latn,False,1.7B,4,1.538702,0.18844831369446677,0.16273356808535944,1.5961563758487098,0.03733950813653965,1.7247,0.12087980648624612,1.5414377512027897,0.0017779603866048671
8,bpb_als_Latn,False,1.7B,1,2.280479,0.12117856040822643,0.16273406181661804,2.0921548130079866,-0.08258097837867114,3.02886,0.32816833656437955,,
8,bpb_als_Latn,False,1.7B,2,2.280479,0.12117856040822643,0.16273406181661804,2.0538538530646964,-0.09937611656818754,2.607611,0.1434488105349796,,
8,bpb_als_Latn,False,1.7B,3,2.280479,0.12117856040822643,0.16273406181661804,2.0843644738907754,-0.08599707610077739,2.543233,0.1152187764061847,2.1445484710085556,-0.05960613055039951
8,bpb_als_Latn,False,1.7B,4,2.280479,0.12117856040822643,0.16273406181661804,2.120121744917753,-0.07031735660896117,2.432339,0.0665912731491935,2.2430687426273708,-0.016404561222720916
8,bpb_amh_Ethi,False,1.7B,1,1.548334,0.12338112161168886,0.16273406181661804,1.3979811256855452,-0.09710622792915151,2.023889,0.3071398031690836,,
8,bpb_amh_Ethi,False,1.7B,2,1.548334,0.12338112161168886,0.16273406181661804,1.3852174071957486,-0.10534974547110088,1.775138,0.14648260646604672,,
8,bpb_amh_Ethi,False,1.7B,3,1.548334,0.12338112161168886,0.16273406181661804,1.4008387186358477,-0.09526063586031977,1.697199,0.09614527614842779,1.4418838929571307,-0.068751385064766
8,bpb_amh_Ethi,False,1.7B,4,1.548334,0.12338112161168886,0.16273406181661804,1.4231986451062957,-0.08081935479922575,1.627045,0.050835930748791905,1.501238521301425,-0.030416873038101023
8,bpb_arb_Arab,False,1.7B,1,1.123613,0.16893969534581388,0.16273356808535944,1.1222783422143112,-0.0011878269347976155,1.624746,0.446001425757801,,
8,bpb_arb_Arab,False,1.7B,2,1.123613,0.16893969534581388,0.16273356808535944,1.0880100556777845,-0.0316861270937729,1.364151,0.21407548684466976,,
8,bpb_arb_Arab,False,1.7B,3,1.123613,0.16893969534581388,0.16273356808535944,1.0877659058763869,-0.031903417033812435,1.288085,0.14637780089764,1.0380124316108303,-0.07618331969207337
8,bpb_arb_Arab,False,1.7B,4,1.123613,0.16893969534581388,0.16273356808535944,1.0915631198861138,-0.02852394918346994,1.202516,0.07022257663448175,1.0824120283623264,-0.0366682938321945
8,bpb_ars_Arab,False,1.7B,1,1.4412,0.11976724769297001,0.16273406181661804,1.2842625241886312,-0.10889361352440248,1.859256,0.29007493755203995,,
8,bpb_ars_Arab,False,1.7B,2,1.4412,0.11976724769297001,0.16273406181661804,1.2677701443771223,-0.12033711880577137,1.618545,0.12305370524562854,,
8,bpb_ars_Arab,False,1.7B,3,1.4412,0.11976724769297001,0.16273406181661804,1.2853074892134921,-0.10816854758986115,1.565108,0.08597557590896468,1.3282677582212339,-0.07835986801191101
8,bpb_ars_Arab,False,1.7B,4,1.4412,0.11976724769297001,0.16273406181661804,1.3074745212346552,-0.0927875928152545,1.500423,0.04109283930058286,1.3859465149739987,-0.0383385269400509
8,bpb_ary_Arab,False,1.7B,1,1.200305,0.15708299865090938,0.16273406181661804,1.1637138853869147,-0.03048484727888769,1.684735,0.40358908777352437,,
8,bpb_ary_Arab,False,1.7B,2,1.200305,0.15708299865090938,0.16273406181661804,1.1323281869066792,-0.0566329500362997,1.424938,0.18714660023910598,,
8,bpb_ary_Arab,False,1.7B,3,1.200305,0.15708299865090938,0.16273406181661804,1.1354130265263485,-0.05406290357338468,1.35245,0.1267552830322293,1.1016104854001874,-0.08222453009844381
8,bpb_ary_Arab,False,1.7B,4,1.200305,0.15708299865090938,0.16273406181661804,1.143547601405745,-0.047285813684234325,1.273671,0.06112279795551968,1.1523475533094276,-0.039954383836251904
8,bpb_arz_Arab,False,1.7B,1,1.324153,0.13949158066476655,0.16273406181661804,1.2306983986993323,-0.07057689051089083,1.78171,0.34554692697898204,,
8,bpb_arz_Arab,False,1.7B,2,1.324153,0.13949158066476655,0.16273406181661804,1.201610269415639,-0.09254423815402069,1.517306,0.14586909518764082,,
8,bpb_arz_Arab,False,1.7B,3,1.324153,0.13949158066476655,0.16273406181661804,1.2118284872524183,-0.08482744271060942,1.46016,0.10271245090257697,1.207735849027171,-0.08791820203014977
8,bpb_arz_Arab,False,1.7B,4,1.324153,0.13949158066476655,0.16273406181661804,1.2267596881569185,-0.07355140368452998,1.387447,0.04779961228045414,1.2660546304077949,-0.04387587355253136
8,bpb_asm_Beng,False,1.7B,1,1.123768,0.13790210631956448,0.16273406181661804,1.0346905572958964,-0.07926675497442859,1.497945,0.3329664129962768,,
8,bpb_asm_Beng,False,1.7B,2,1.123768,0.13790210631956448,0.16273406181661804,0.9831430606922429,-0.12513698495397377,1.208149,0.07508756255739601,,
8,bpb_asm_Beng,False,1.7B,3,1.123768,0.13790210631956448,0.16273406181661804,0.9891043520950623,-0.11983224998837641,1.186034,0.05540823372795802,0.9381829924023674,-0.16514530365487604
8,bpb_asm_Beng,False,1.7B,4,1.123768,0.13790210631956448,0.16273406181661804,1.0091390817217278,-0.1020040776016689,1.168368,0.03968790711250006,1.043711309811007,-0.07123951757746544
8,bpb_azj_Latn,False,1.7B,1,1.877085,0.1773919797573389,0.16273356808535944,1.9188986481712358,0.022275841622108696,2.77803,0.47997027305636153,,
8,bpb_azj_Latn,False,1.7B,2,1.877085,0.1773919797573389,0.16273356808535944,1.8286024597541983,-0.025828633357467334,2.253636,0.2006041282094313,,
8,bpb_azj_Latn,False,1.7B,3,1.877085,0.1773919797573389,0.16273356808535944,1.8219479724677745,-0.02937375107266074,2.142759,0.14153541262116526,1.67305142094931,-0.10869703772108881
8,bpb_azj_Latn,False,1.7B,4,1.877085,0.1773919797573389,0.16273356808535944,1.8304330092610495,-0.024853424719152535,2.023528,0.07801617934190531,1.794395046888996,-0.044052322143645024
8,bpb_bel_Cyrl,False,1.7B,1,1.121487,0.2018170619515558,0.16273356808535944,1.209759973043438,0.07871065205699057,1.751395,0.5616721370822847,,
8,bpb_bel_Cyrl,False,1.7B,2,1.121487,0.2018170619515558,0.16273356808535944,1.1790455146278602,0.05132338995267919,1.486138,0.3251495559021193,,
8,bpb_bel_Cyrl,False,1.7B,3,1.121487,0.2018170619515558,0.16273356808535944,1.1672212517851073,0.040780010633299696,1.355197,0.20839296398442433,1.0814767453423488,-0.03567607529793129
8,bpb_bel_Cyrl,False,1.7B,4,1.121487,0.2018170619515558,0.16273356808535944,1.1567778152257993,0.03146787722532616,1.227558,0.0945806772615287,1.097045178714672,-0.021794119134085285
8,bpb_ben_Beng,False,1.7B,1,0.880524,0.2006232336192222,0.16273356808535944,0.9149538743535246,0.039101574009935705,1.324598,0.5043292403159937,,
8,bpb_ben_Beng,False,1.7B,2,0.880524,0.2006232336192222,0.16273356808535944,0.8531714478689826,-0.031063948434133987,1.028894,0.16850193748268077,,
8,bpb_ben_Beng,False,1.7B,3,0.880524,0.2006232336192222,0.16273356808535944,0.8397000999094808,-0.046363188386141854,0.963616,0.0943665362897548,0.7127462740649472,-0.1905430470209248
8,bpb_ben_Beng,False,1.7B,4,0.880524,0.2006232336192222,0.16273356808535944,0.8430816050013912,-0.042522855707066244,0.930267,0.056492497649127095,0.80084321645455,-0.09049246079090399
8,bpb_bew_Latn,False,1.7B,1,1.709411,0.14101298509284851,0.16273406181661804,1.614654526968135,-0.0554322354494414,2.337572,0.3674721877886595,,
8,bpb_bew_Latn,False,1.7B,2,1.709411,0.14101298509284851,0.16273406181661804,1.5948220705302854,-0.06703415940912669,2.037241,0.19177950767837568,,
8,bpb_bew_Latn,False,1.7B,3,1.709411,0.14101298509284851,0.16273406181661804,1.6025841291774778,-0.06249337977965637,1.917089,0.12149096969657971,1.6026965417454602,-0.06242761878479772
8,bpb_bew_Latn,False,1.7B,4,1.709411,0.14101298509284851,0.16273406181661804,1.6202886702874228,-0.05213627952117844,1.825614,0.06797838553747464,1.6687413701860003,-0.023791604133821347
8,bpb_bod_Tibt,False,1.7B,1,0.933925,0.2622446304414939,0.16273356808535944,1.016819491478522,0.0887592595535209,1.472071,0.5762197178574295,,
8,bpb_bod_Tibt,False,1.7B,2,0.933925,0.2622446304414939,0.16273356808535944,0.9285755590687794,-0.005727912767321341,1.0967,0.17429129748106112,,
8,bpb_bod_Tibt,False,1.7B,3,0.933925,0.2622446304414939,0.16273356808535944,0.8954808806321439,-0.041164032837600534,0.986594,0.05639532082340656,0.6822048139978746,-0.26952933694046677
8,bpb_bod_Tibt,False,1.7B,4,0.933925,0.2622446304414939,0.16273356808535944,0.884909009456621,-0.052483861705574876,0.930952,-0.0031833391332280465,0.7731668200608658,-0.17213178781929406
8,bpb_bos_Latn,False,1.7B,1,1.899283,0.1625241191130726,0.16273406181661804,1.929014453913855,0.015654040979598563,2.792678,0.4703854033337843,,
8,bpb_bos_Latn,False,1.7B,2,1.899283,0.1625241191130726,0.16273406181661804,1.8930203146568183,-0.0032973945131830017,2.402551,0.26497788902443703,,
8,bpb_bos_Latn,False,1.7B,3,1.899283,0.1625241191130726,0.16273406181661804,1.8957939883055863,-0.0018370151759446774,2.252512,0.1859801830480238,1.8538463894885417,-0.02392303332966088
8,bpb_bos_Latn,False,1.7B,4,1.899283,0.1625241191130726,0.16273406181661804,1.9020096999667055,0.001435647013481136,2.094013,0.10252816457578984,1.9025514582552145,0.0017208905967222843
8,bpb_bul_Cyrl,False,1.7B,1,0.954933,0.18269568726221258,0.16273356808535944,1.0248707661742902,0.0732384012012258,1.483727,0.5537498442299092,,
8,bpb_bul_Cyrl,False,1.7B,2,0.954933,0.18269568726221258,0.16273356808535944,1.0070083595342154,0.05453299816240027,1.279659,0.3400510821178031,,
8,bpb_bul_Cyrl,False,1.7B,3,0.954933,0.18269568726221258,0.16273356808535944,0.999625633782102,0.04680185288612078,1.166944,0.2220166231557606,0.9471392401177153,-0.00816157770470253
8,bpb_bul_Cyrl,False,1.7B,4,0.954933,0.18269568726221258,0.16273356808535944,0.9971573415314887,0.044217072330193515,1.079057,0.1299818940176954,0.9705173780820507,0.0163198654586769
8,bpb_cat_Latn,False,1.7B,1,1.418782,0.21142324629884404,0.16273356808535944,1.6005279272913673,0.12809996693739228,2.317118,0.6331740887606411,,
8,bpb_cat_Latn,False,1.7B,2,1.418782,0.21142324629884404,0.16273356808535944,1.5601800339211422,0.09966156458225595,1.966905,0.3863334888658017,,
8,bpb_cat_Latn,False,1.7B,3,1.418782,0.21142324629884404,0.16273356808535944,1.5342392875083546,0.0813777504284341,1.757656,0.23884853346039076,1.386358209287905,-0.02285325773240357
8,bpb_cat_Latn,False,1.7B,4,1.418782,0.21142324629884404,0.16273356808535944,1.5185110022612103,0.07029198443538914,1.605071,0.13130206049978074,1.4214551768833361,0.0018841350421249536
8,bpb_ces_Latn,False,1.7B,1,1.697235,0.19513885619940122,0.16273356808535944,1.8401541976463962,0.08420707659599062,2.66403,0.5696294266851673,,
8,bpb_ces_Latn,False,1.7B,2,1.697235,0.19513885619940122,0.16273356808535944,1.7714876911662778,0.043749210431247146,2.205562,0.2995030151982489,,
8,bpb_ces_Latn,False,1.7B,3,1.697235,0.19513885619940122,0.16273356808535944,1.7520609978031503,0.032303127029050326,2.030371,0.19628159918926966,1.588282384876357,-0.06419418355362874
8,bpb_ces_Latn,False,1.7B,4,1.697235,0.19513885619940122,0.16273356808535944,1.7476599882618509,0.029710080372989493,1.890958,0.11414035180749858,1.6724990025268875,-0.014574291405204644
8,bpb_ckb_Arab,False,1.7B,1,1.7885,0.12143965025509915,0.16273406181661804,1.5578971103724342,-0.12893647728686933,2.255403,0.26105842885099234,,
8,bpb_ckb_Arab,False,1.7B,2,1.7885,0.12143965025509915,0.16273406181661804,1.5059345533929869,-0.15799018541068666,1.882656,0.05264523343584016,,
8,bpb_ckb_Arab,False,1.7B,3,1.7885,0.12143965025509915,0.16273406181661804,1.5253121924813513,-0.14715560945968614,1.853823,0.036523902711769654,1.5224801661514993,-0.14873907399972083
8,bpb_ckb_Arab,False,1.7B,4,1.7885,0.12143965025509915,0.16273406181661804,1.5579463205888615,-0.12890896248875508,1.809821,0.011921162985742199,1.6477087800711154,-0.07872027952411773
8,bpb_cmn_Hani,True,1.7B,1,0.996511,0.17807245366536992,0.16273356808535944,1.0039040201108604,0.007418904669251422,1.453373,0.45846157242619495,,
8,bpb_cmn_Hani,True,1.7B,2,0.996511,0.17807245366536992,0.16273356808535944,0.9741480053251735,-0.022441292343814062,1.222517,0.22679729576492386,,
8,bpb_cmn_Hani,True,1.7B,3,0.996511,0.17807245366536992,0.16273356808535944,0.9676554476589697,-0.028956581855122843,1.13114,0.1351003651740924,0.902298732435276,-0.09454212503898503
8,bpb_cmn_Hani,True,1.7B,4,0.996511,0.17807245366536992,0.16273356808535944,0.9697211079604946,-0.02688368923123321,1.063964,0.0676891675054263,0.9497519218194117,-0.04692279180118265
8,bpb_cym_Latn,False,1.7B,1,2.297966,0.11418631887106202,0.16273406181661804,2.09427745708542,-0.08863862342374954,3.0319329999999995,0.3193985463666561,,
8,bpb_cym_Latn,False,1.7B,2,2.297966,0.11418631887106202,0.16273406181661804,2.1012113208983467,-0.08562123160292774,2.7264830000000004,0.18647664934990343,,
8,bpb_cym_Latn,False,1.7B,3,2.297966,0.11418631887106202,0.16273406181661804,2.1318981984484444,-0.07226730140983624,2.599945,0.13141143080445913,2.2633126409685196,-0.01508001381721078
8,bpb_cym_Latn,False,1.7B,4,2.297966,0.11418631887106202,0.16273406181661804,2.166525355931456,-0.05719868965360857,2.478892,0.07873310571174678,2.3140083970625303,0.006981128990824963
8,bpb_dan_Latn,False,1.7B,1,1.598267,0.18792800434997603,0.16273356808535944,1.7165019251353983,0.07397695449846504,2.485016,0.5548190633980429,,
8,bpb_dan_Latn,False,1.7B,2,1.598267,0.18792800434997603,0.16273356808535944,1.6810627049399356,0.051803425172349475,2.129221,0.3322060707003271,,
8,bpb_dan_Latn,False,1.7B,3,1.598267,0.18792800434997603,0.16273356808535944,1.666213013324232,0.042512304467421276,1.939223,0.2133285614981726,1.5620841140431374,-0.02263882439971713
8,bpb_dan_Latn,False,1.7B,4,1.598267,0.18792800434997603,0.16273356808535944,1.6601901870149245,0.0387439564321383,1.790365,0.12019143234515876,1.6044084061284698,0.0038425407822783647
8,bpb_dclm,True,1.7B,1,0.80886,0.1373713847184783,0.16273406181661804,0.7478255367941135,-0.07545738843049053,1.082644,0.3384813193877802,,
8,bpb_dclm,True,1.7B,2,0.80886,0.1373713847184783,0.16273406181661804,0.7401553370662196,-0.0849401168728586,0.947421,0.17130405756249528,,
8,bpb_dclm,True,1.7B,3,0.80886,0.1373713847184783,0.16273406181661804,0.744345714734502,-0.07975951989899126,0.891831,0.10257770195089387,0.7489009605339921,-0.07412783357565943
8,bpb_dclm,True,1.7B,4,0.80886,0.1373713847184783,0.16273406181661804,0.7533142892386683,-0.06867160047638868,0.8513,0.05246890685656346,0.7796833062770734,-0.03607137665718003
8,bpb_deu_Latn,True,1.7B,1,0.767575,0.19063425138244236,0.16273356808535944,0.7938145168513817,0.03418495502248211,1.149222,0.49721134742533296,,
8,bpb_deu_Latn,True,1.7B,2,0.767575,0.19063425138244236,0.16273356808535944,0.7661229187041932,-0.0018917777361258012,0.956258,0.2458170211379996,,
8,bpb_deu_Latn,True,1.7B,3,0.767575,0.19063425138244236,0.16273356808535944,0.757559597338337,-0.013048109515894874,0.877521,0.14323812005341496,0.6887600625975999,-0.10268043826648873
8,bpb_deu_Latn,True,1.7B,4,0.767575,0.19063425138244236,0.16273356808535944,0.7570678964195223,-0.013688699580467945,0.823741,0.07317330554017515,0.7289497187985305,-0.05032118190596289
8,bpb_div_Thaa,False,1.7B,1,2.284368,-0.29093453802189706,0.16273406181661804,1.7458744083185858,-0.2357297912076401,2.527542,0.10645132483032496,,
8,bpb_div_Thaa,False,1.7B,2,2.284368,-0.29093453802189706,0.16273406181661804,1.5538735497222624,-0.31977967222344983,1.788611,-0.21702151317125795,,
8,bpb_div_Thaa,False,1.7B,3,2.284368,-0.29093453802189706,0.16273406181661804,1.5368922813666845,-0.3272133555685054,1.781161,-0.22028280907454498,1.2404091861494997,-0.4570011547397356
8,bpb_div_Thaa,False,1.7B,4,2.284368,-0.29093453802189706,0.16273406181661804,1.9932752901623783,-0.1274281157141152,4.740681,1.0752702716900255,3.68840961559786,0.6146302240260149
8,bpb_ekk_Latn,False,1.7B,1,2.38269,0.13166266159228648,0.16273406181661804,2.2356408556103267,-0.06171560059834621,3.236588,0.358375617474367,,
8,bpb_ekk_Latn,False,1.7B,2,2.38269,0.13166266159228648,0.16273406181661804,2.207676550143445,-0.07345204363830585,2.8194629999999994,0.18331087971998,,
8,bpb_ekk_Latn,False,1.7B,3,2.38269,0.13166266159228648,0.16273406181661804,2.2249516669928893,-0.06620178579970996,2.677288,0.12364092685158358,2.2492571797019636,-0.056000915057366506
8,bpb_ekk_Latn,False,1.7B,4,2.38269,0.13166266159228648,0.16273406181661804,2.256755227633077,-0.05285403152190309,2.567308,0.0774830128971876,2.3539091313995213,-0.012079149448933306
8,bpb_ell_Grek,False,1.7B,1,0.875552,0.21069936919993285,0.16273356808535944,0.967964085854212,0.1055472271826368,1.401342,0.600524012280253,,
8,bpb_ell_Grek,False,1.7B,2,0.875552,0.21069936919993285,0.16273356808535944,0.9184279563785023,0.04897019980366932,1.127011,0.2872005317788092,,
8,bpb_ell_Grek,False,1.7B,3,0.875552,0.21069936919993285,0.16273356808535944,0.906915393684678,0.03582128038617695,1.047645,0.19655371696940896,0.7998307687580547,-0.08648399094736268
8,bpb_ell_Grek,False,1.7B,4,0.875552,0.21069936919993285,0.16273356808535944,0.9010402603756079,0.02911107549935117,0.963337,0.10026246299477358,0.8442788001003768,-0.03571826676156663
8,bpb_epo_Latn,False,1.7B,1,1.927529,0.14575487956783148,0.16273406181661804,1.9332521439285157,0.00296916099758587,2.7988129999999996,0.4520212147262114,,
8,bpb_epo_Latn,False,1.7B,2,1.927529,0.14575487956783148,0.16273406181661804,1.905808721929794,-0.011268457216574254,2.429784,0.2605693610835428,,
8,bpb_epo_Latn,False,1.7B,3,1.927529,0.14575487956783148,0.16273406181661804,1.9090849583286151,-0.009568749249108529,2.269454,0.17739032720130282,1.881250064690421,-0.024009462534456776
8,bpb_epo_Latn,False,1.7B,4,1.927529,0.14575487956783148,0.16273406181661804,1.929573713410356,0.0010607951477544868,2.172059,0.12686190454203278,1.9745330053931984,0.024385628124504677
8,bpb_eus_Latn,False,1.7B,1,2.26673,0.12683314267285817,0.16273406181661804,2.0589309088490384,-0.09167350815975503,2.980761,0.3150048748637907,,
8,bpb_eus_Latn,False,1.7B,2,2.26673,0.12683314267285817,0.16273406181661804,2.0264921678627266,-0.10598431755757119,2.57956,0.1380093791497002,,
8,bpb_eus_Latn,False,1.7B,3,2.26673,0.12683314267285817,0.16273406181661804,2.048790697162841,-0.09614700596769743,2.480888,0.09447883073855302,2.0858150485720386,-0.07981318967321266
8,bpb_eus_Latn,False,1.7B,4,2.26673,0.12683314267285817,0.16273406181661804,2.0810871854892965,-0.08189895334279046,2.377772,0.04898774887172284,2.1849462017229127,-0.03608007935532122
8,bpb_fas_Arab,False,1.7B,1,1.067733,0.17071318887811693,0.16273356808535944,1.0931263177410626,0.02378246035391111,1.582542,0.48215143673558825,,
8,bpb_fas_Arab,False,1.7B,2,1.067733,0.17071318887811693,0.16273356808535944,1.0524025319332972,-0.014357960339057419,1.31036,0.2272356478632766,,
8,bpb_fas_Arab,False,1.7B,3,1.067733,0.17071318887811693,0.16273356808535944,1.0484398334519163,-0.018069280005473067,1.232738,0.15453769809493556,0.9770038590417002,-0.08497362258008309
8,bpb_fas_Arab,False,1.7B,4,1.067733,0.17071318887811693,0.16273356808535944,1.0546950322380702,-0.012210887705006675,1.17052,0.09626657600729767,1.0433399326764967,-0.022845662092960812
8,bpb_fil_Latn,False,1.7B,1,1.51948,0.18185456829085217,0.16273356808535944,1.5627084873340336,0.028449527031638205,2.262366,0.4889080474899309,,
8,bpb_fil_Latn,False,1.7B,2,1.51948,0.18185456829085217,0.16273356808535944,1.5159827763206264,-0.0023015924391065045,1.901988,0.2517361202516651,,
8,bpb_fil_Latn,False,1.7B,3,1.51948,0.18185456829085217,0.16273356808535944,1.5032692815121333,-0.010668596156492086,1.75116,0.15247321452075718,1.3920041712926476,-0.08389437748924125
8,bpb_fil_Latn,False,1.7B,4,1.51948,0.18185456829085217,0.16273356808535944,1.505080014463359,-0.009476916798273761,1.646758,0.08376418248348119,1.4665428145383415,-0.034839014308617744
8,bpb_fin_Latn,False,1.7B,1,2.03061,0.16743402425672274,0.16273356808535944,2.0233524710516413,-0.0035740634333321104,2.92925,0.44254682090603337,,
8,bpb_fin_Latn,False,1.7B,2,2.03061,0.16743402425672274,0.16273356808535944,1.9736969716493196,-0.028027552484563872,2.489927,0.2261965616243395,,
8,bpb_fin_Latn,False,1.7B,3,2.03061,0.16743402425672274,0.16273356808535944,1.9692548020013634,-0.030215156036184413,2.322463,0.1437267619089831,1.881912132902221,-0.07322817631045783
8,bpb_fin_Latn,False,1.7B,4,2.03061,0.16743402425672274,0.16273356808535944,1.9772298748760988,-0.026287728871571107,2.181849,0.0744795898769337,1.964662530553941,-0.03247667914865922
8,bpb_fra_Latn,True,1.7B,1,0.698517,0.1759751855826499,0.16273356808535944,0.6991560891717894,0.0009149228605593594,1.012183,0.4490456209369278,,
8,bpb_fra_Latn,True,1.7B,2,0.698517,0.1759751855826499,0.16273356808535944,0.6789111082212531,-0.028067880636758934,0.852607,0.22059591964118258,,
8,bpb_fra_Latn,True,1.7B,3,0.698517,0.1759751855826499,0.16273356808535944,0.6744172748426341,-0.03450127220578155,0.788432,0.1287227082519108,0.6296331065341861,-0.09861448392210055
8,bpb_fra_Latn,True,1.7B,4,0.698517,0.1759751855826499,0.16273356808535944,0.6764582642357923,-0.031579382841373654,0.744183,0.06537564583252803,0.66441573957367,-0.0488195139507415
8,bpb_gle_Latn,False,1.7B,1,1.954473,0.15591907250299133,0.16273406181661804,1.9088552064684003,-0.02334020144130902,2.763493,0.4139325536858274,,
8,bpb_gle_Latn,False,1.7B,2,1.954473,0.15591907250299133,0.16273406181661804,1.8761262583845928,-0.040085865404846786,2.384782,0.22016625453511002,,
8,bpb_gle_Latn,False,1.7B,3,1.954473,0.15591907250299133,0.16273406181661804,1.8828139900029257,-0.03666410843080165,2.246479,0.1494039569745911,1.860060187715051,-0.04830602023407272
8,bpb_gle_Latn,False,1.7B,4,1.954473,0.15591907250299133,0.16273406181661804,1.8925756581400066,-0.03166958144727162,2.095524,0.07216830316919204,1.9101531803915968,-0.02267609714148169
8,bpb_glg_Latn,False,1.7B,1,1.407936,0.16575308517222112,0.16273356808535944,1.3917266556128431,-0.011512841767777037,2.014832,0.4310536842583754,,
8,bpb_glg_Latn,False,1.7B,2,1.407936,0.16575308517222112,0.16273356808535944,1.3672991003386337,-0.028862746361600532,1.737282,0.2339211441429155,,
8,bpb_glg_Latn,False,1.7B,3,1.407936,0.16575308517222112,0.16273356808535944,1.3628049865109977,-0.032054733659060065,1.603903,0.13918743465612074,1.3110467004761108,-0.06881655098235236
8,bpb_glg_Latn,False,1.7B,4,1.407936,0.16575308517222112,0.16273356808535944,1.3682010552473591,-0.028222124267467372,1.509386,0.07205583208327639,1.3626082657581022,-0.032194456453913986
8,bpb_gmh_Latn,False,1.7B,1,1.66824,0.11935540165910888,0.16273406181661804,1.4872426953407194,-0.10849596260686745,2.153115,0.2906506258092362,,
8,bpb_gmh_Latn,False,1.7B,2,1.66824,0.11935540165910888,0.16273406181661804,1.4778850206822849,-0.11410527221365935,1.899315,0.13851424255502814,,
8,bpb_gmh_Latn,False,1.7B,3,1.66824,0.11935540165910888,0.16273406181661804,1.4948430999578568,-0.10394002064579626,1.811798,0.08605356543423014,1.546322804523073,-0.07308132851204079
8,bpb_gmh_Latn,False,1.7B,4,1.66824,0.11935540165910888,0.16273406181661804,1.5207298483303358,-0.08842262004847276,1.745514,0.04632067328441955,1.6129018467478895,-0.03317157798165159
8,bpb_guj_Gujr,False,1.7B,1,1.031936,0.19290992681036528,0.16273356808535944,1.048404995769306,0.015959318959030452,1.517798,0.47082571012155794,,
8,bpb_guj_Gujr,False,1.7B,2,1.031936,0.19290992681036528,0.16273356808535944,0.9700887571609318,-0.05993321566363435,1.16089,0.12496317601091542,,
8,bpb_guj_Gujr,False,1.7B,3,1.031936,0.19290992681036528,0.16273356808535944,0.9544129000855978,-0.07512394171189125,1.094435,0.06056480246837021,0.7997542714994181,-0.22499624831441276
8,bpb_guj_Gujr,False,1.7B,4,1.031936,0.19290992681036528,0.16273356808535944,0.9637601069586703,-0.06606600897858941,1.081854,0.04837315492433652,0.9251049589058875,-0.10352487081961717
8,bpb_heb_Hebr,False,1.7B,1,1.414949,0.11580102088156005,0.16273406181661804,1.2631839017783015,-0.10725835222449606,1.82874,0.2924423424448514,,
8,bpb_heb_Hebr,False,1.7B,2,1.414949,0.11580102088156005,0.16273406181661804,1.2492950610069342,-0.11707414118322695,1.597942,0.12932833621565157,,
8,bpb_heb_Hebr,False,1.7B,3,1.414949,0.11580102088156005,0.16273406181661804,1.269623955844166,-0.10270691322148998,1.553458,0.09788974726297556,1.3277297592287591,-0.061641261113468314
8,bpb_heb_Hebr,False,1.7B,4,1.414949,0.11580102088156005,0.16273406181661804,1.2919436674702682,-0.08693269688853222,1.484058,0.04884204307010365,1.3768716415773088,-0.026910763866889353
8,bpb_hif_Latn,False,1.7B,1,1.649387,0.1367605738109081,0.16273406181661804,1.552584628888693,-0.05868990789384593,2.247712,0.362755981464629,,
8,bpb_hif_Latn,False,1.7B,2,1.649387,0.1367605738109081,0.16273406181661804,1.5372694487896985,-0.06797528488480958,1.968531,0.1934924914528853,,
8,bpb_hif_Latn,False,1.7B,3,1.649387,0.1367605738109081,0.16273406181661804,1.5467490443539638,-0.06222794022629994,1.855085,0.1247117868638471,1.5600933642294192,-0.05413746790206343
8,bpb_hif_Latn,False,1.7B,4,1.649387,0.1367605738109081,0.16273406181661804,1.565318280080786,-0.05096967535163902,1.768695,0.07233475224431864,1.6214536442391365,-0.016935598353123568
8,bpb_hin_Deva,False,1.7B,1,0.731237,0.15597888821433767,0.16273406181661804,0.7170862244823919,-0.019351831919894816,1.038142,0.41970660674993177,,
8,bpb_hin_Deva,False,1.7B,2,0.731237,0.15597888821433767,0.16273406181661804,0.6979782776217364,-0.04548282209224049,0.878638,0.20157760069580724,,
8,bpb_hin_Deva,False,1.7B,3,0.731237,0.15597888821433767,0.16273406181661804,0.7020967992995284,-0.03985055556607725,0.841611,0.15094148682301356,0.6897437991618507,-0.05674384753253642
8,bpb_hin_Deva,False,1.7B,4,0.731237,0.15597888821433767,0.16273406181661804,0.7062743740360866,-0.03413753128454032,0.783799,0.07188093600296483,0.7127761431613687,-0.02524606500851475
8,bpb_hrv_Latn,False,1.7B,1,1.940868,0.16273406181661804,0.16273356808535944,1.9691445150140254,0.014569004699972072,2.850772,0.4688129228778052,,
8,bpb_hrv_Latn,False,1.7B,2,1.940868,0.16273406181661804,0.16273356808535944,1.9317095309061842,-0.004718749082274421,2.450774,0.2627205971761088,,
8,bpb_hrv_Latn,False,1.7B,3,1.940868,0.16273406181661804,0.16273356808535944,1.9346326749005565,-0.003212647691364677,2.298878,0.1844587061046914,1.8911649991523996,-0.025608645640816628
8,bpb_hrv_Latn,False,1.7B,4,1.940868,0.16273406181661804,0.16273356808535944,1.9408649047971374,-1.5947518649797995e-06,2.136424,0.10075698089720674,1.9408636048790313,-2.26451307802767e-06
8,bpb_hun_Latn,False,1.7B,1,2.007721,0.16273356808535944,0.16273406181661804,1.9987895569017773,-0.004448547929828298,2.893693,0.4412824291821422,,
8,bpb_hun_Latn,False,1.7B,2,2.007721,0.16273356808535944,0.16273406181661804,1.9334108350791386,-0.03701219687439714,2.418682,0.20469029312339707,,
8,bpb_hun_Latn,False,1.7B,3,2.007721,0.16273356808535944,0.16273406181661804,1.9318468750826496,-0.03779116964824817,2.284936,0.1380744635335288,1.8332941307211943,-0.0868780419584224
8,bpb_hun_Latn,False,1.7B,4,2.007721,0.16273356808535944,0.16273406181661804,1.9462183543105107,-0.030633063901552744,2.169452,0.08055451927832605,1.9462196578150301,-0.030632414655706614
8,bpb_hye_Armn,False,1.7B,1,1.207429,0.2206657235195562,0.16273356808535944,1.3070756805578467,0.08252798347384951,1.892281,0.5671985681973847,,
8,bpb_hye_Armn,False,1.7B,2,1.207429,0.2206657235195562,0.16273356808535944,1.2322686214952403,0.020572324745587702,1.502475,0.24435888155742483,,
8,bpb_hye_Armn,False,1.7B,3,1.207429,0.2206657235195562,0.16273356808535944,1.2013487407676848,-0.005035707467946566,1.352697,0.12031183614108983,0.999829133827831,-0.17193546467094054
8,bpb_hye_Armn,False,1.7B,4,1.207429,0.2206657235195562,0.16273356808535944,1.197342713520716,-0.008353523461242119,1.292315,0.07030309856728637,1.1068496682855984,-0.08330041080212724
8,bpb_ind_Latn,False,1.7B,1,1.175722,0.21565537076715688,0.16273356808535944,1.3061487064121946,0.11093328730107516,1.890939,0.6083215249863488,,
8,bpb_ind_Latn,False,1.7B,2,1.175722,0.21565537076715688,0.16273356808535944,1.2503872827005944,0.06350589909910206,1.548081,0.31670667045441026,,
8,bpb_ind_Latn,False,1.7B,3,1.175722,0.21565537076715688,0.16273356808535944,1.2274299702299412,0.043979759016111994,1.401216,0.19179193720964657,1.0725718153983952,-0.08773348172578616
8,bpb_ind_Latn,False,1.7B,4,1.175722,0.21565537076715688,0.16273356808535944,1.2180100307324337,0.03596771237795483,1.297523,0.10359676862387542,1.1336338375737955,-0.03579771614905938
8,bpb_isl_Latn,False,1.7B,1,2.191308,0.12458085474537034,0.16273406181661804,2.0145411922879743,-0.08066725796283566,2.916497,0.33093887303838637,,
8,bpb_isl_Latn,False,1.7B,2,2.191308,0.12458085474537034,0.16273406181661804,2.006388209398747,-0.0843878590327114,2.58435,0.17936410582172857,,
8,bpb_isl_Latn,False,1.7B,3,2.191308,0.12458085474537034,0.16273406181661804,2.0326397075051448,-0.07240802867276305,2.471471,0.1278519496118302,2.1224280813949767,-0.031433243800060545
8,bpb_isl_Latn,False,1.7B,4,2.191308,0.12458085474537034,0.16273406181661804,2.05964385897565,-0.060084726119901795,2.336088,0.0660701279783583,2.169049709578671,-0.010157536239236408
8,bpb_ita_Latn,True,1.7B,1,0.795102,0.18466651337973927,0.16273356808535944,0.8113772922815973,0.02046943949530664,1.174648,0.4773551066404058,,
8,bpb_ita_Latn,True,1.7B,2,0.795102,0.18466651337973927,0.16273356808535944,0.7845470886828089,-0.013274914812427974,0.981098,0.23392721940078134,,
8,bpb_ita_Latn,True,1.7B,3,0.795102,0.18466651337973927,0.16273356808535944,0.7772787468457466,-0.022416310302644658,0.90385,0.13677238895135477,0.7138683899749401,-0.10216753325367049
8,bpb_ita_Latn,True,1.7B,4,0.795102,0.18466651337973927,0.16273356808535944,0.7780106816493304,-0.021495755702626292,0.850577,0.06977092247284003,0.7552036895016152,-0.0501801158824714
8,bpb_jpn_Jpan,True,1.7B,1,0.756922,0.18346011907922086,0.16273356808535944,0.7727262004081943,0.020879562766301287,1.118692,0.47794885074023485,,
8,bpb_jpn_Jpan,True,1.7B,2,0.756922,0.18346011907922086,0.16273356808535944,0.7490840324106124,-0.010355053214713797,0.939145,0.24074211081194632,,
8,bpb_jpn_Jpan,True,1.7B,3,0.756922,0.18346011907922086,0.16273356808535944,0.7425973818763402,-0.018924827292191027,0.864576,0.14222601536221702,0.6861868737859,-0.09345101108713968
8,bpb_jpn_Jpan,True,1.7B,4,0.756922,0.18346011907922086,0.16273356808535944,0.7431092729133044,-0.018248547521006873,0.811806,0.07250945275735154,0.7225068229269507,-0.04546727017189262
8,bpb_kan_Knda,False,1.7B,1,0.92829,0.24037783924147077,0.16273356808535944,1.020860325123876,0.099721342601855,1.477921,0.5920897564338732,,
8,bpb_kan_Knda,False,1.7B,2,0.92829,0.24037783924147077,0.16273356808535944,0.9314871520238408,0.0034441306314199815,1.09922,0.18413426838595714,,
8,bpb_kan_Knda,False,1.7B,3,0.92829,0.24037783924147077,0.16273356808535944,0.9182301911295196,-0.010836924743862697,1.057073,0.13873143091059906,0.7592596710036087,-0.1820878486210034
8,bpb_kan_Knda,False,1.7B,4,0.92829,0.24037783924147077,0.16273356808535944,0.9069130446183026,-0.023028315916036338,0.952598,0.026185782460222556,0.8162491144710852,-0.12069599535588532
8,bpb_kat_Geor,False,1.7B,1,0.902796,0.23293233782198225,0.16273356808535944,1.0088048260448406,0.1174227910234876,1.460468,0.6177165162450875,,
8,bpb_kat_Geor,False,1.7B,2,0.902796,0.23293233782198225,0.16273356808535944,0.9250947013248126,0.024699601377069235,1.097141,0.21527011639395818,,
8,bpb_kat_Geor,False,1.7B,3,0.902796,0.23293233782198225,0.16273356808535944,0.9024269717842228,-0.00040876146524488683,1.017344,0.12688137740973596,0.7224963854047478,-0.1997124650477541
8,bpb_kat_Geor,False,1.7B,4,0.902796,0.23293233782198225,0.16273356808535944,0.8987666515481884,-0.004463188197346563,0.967951,0.07217023557924487,0.8171286286684841,-0.09489117290231228
8,bpb_kaz_Cyrl,False,1.7B,1,1.19511,0.20279153331635494,0.16273356808535944,1.2560624006928374,0.05100149834980669,1.818428,0.5215570114884823,,
8,bpb_kaz_Cyrl,False,1.7B,2,1.19511,0.20279153331635494,0.16273356808535944,1.189075693159095,-0.005049164378931648,1.455811,0.21813975282609976,,
8,bpb_kaz_Cyrl,False,1.7B,3,1.19511,0.20279153331635494,0.16273356808535944,1.1709543804355182,-0.020212047062179755,1.345256,0.1256336236831757,1.0185807566594414,-0.1477096194831928
8,bpb_kaz_Cyrl,False,1.7B,4,1.19511,0.20279153331635494,0.16273356808535944,1.1703127889952216,-0.02074889424804267,1.273766,0.06581486223025501,1.1084150608187577,-0.07254138881043767
8,bpb_khk_Cyrl,False,1.7B,1,1.474731,0.10683284689189841,0.16273406181661804,1.2991010012701198,-0.11909290489579466,1.880738,0.27530919198145287,,
8,bpb_khk_Cyrl,False,1.7B,2,1.474731,0.10683284689189841,0.16273406181661804,1.2972324753380926,-0.12035993320945136,1.675291,0.1359976836453564,,
8,bpb_khk_Cyrl,False,1.7B,3,1.474731,0.10683284689189841,0.16273406181661804,1.3201422748176115,-0.10482503262112787,1.619686,0.09829250215802064,1.4076405375693428,-0.04549335602944347
8,bpb_khk_Cyrl,False,1.7B,4,1.474731,0.10683284689189841,0.16273406181661804,1.3457579299933002,-0.08745531897457894,1.554202,0.053888471863682307,1.4517782534073078,-0.015564022586283326
8,bpb_khm_Khmr,False,1.7B,1,1.088382,0.1927786885482874,0.16273356808535944,1.1424590252540807,0.0496857034148679,1.653962,0.5196521074402186,,
8,bpb_khm_Khmr,False,1.7B,2,1.088382,0.1927786885482874,0.16273356808535944,1.0876843095792967,-0.0006410345087508091,1.339252,0.2304981155513415,,
8,bpb_khm_Khmr,False,1.7B,3,1.088382,0.1927786885482874,0.16273356808535944,1.0782658983532518,-0.009294624173082744,1.255382,0.15343877425389252,0.9700404292418419,-0.1087316500623477
8,bpb_khm_Khmr,False,1.7B,4,1.088382,0.1927786885482874,0.16273356808535944,1.0780072340336806,-0.00953228367091643,1.174386,0.07902004994569918,1.0349540196420313,-0.049089364173579404
8,bpb_kir_Cyrl,False,1.7B,1,1.403618,0.10969523616678457,0.16273406181661804,1.2385272460711594,-0.11761800855278334,1.793044,0.2774444328870106,,
8,bpb_kir_Cyrl,False,1.7B,2,1.403618,0.10969523616678457,0.16273406181661804,1.240258854459457,-0.11638433358687547,1.606263,0.14437332664585376,,
8,bpb_kir_Cyrl,False,1.7B,3,1.403618,0.10969523616678457,0.16273406181661804,1.2592679616641314,-0.10284139868245397,1.537921,0.09568344093620917,1.3367139838807816,-0.04766540192503835
8,bpb_kir_Cyrl,False,1.7B,4,1.403618,0.10969523616678457,0.16273406181661804,1.2826586896196608,-0.08617680193638101,1.477719,0.05279285389614551,1.378345568461461,-0.018005206216035335
8,bpb_kmr_Latn,False,1.7B,1,2.523968,0.09073625028594011,0.16273406181661804,2.0850505519157654,-0.17389976738383156,3.018575,0.19596405342698472,,
8,bpb_kmr_Latn,False,1.7B,2,2.523968,0.09073625028594011,0.16273406181661804,2.0969400212165206,-0.16918914137718047,2.727426,0.08061037223926766,,
8,bpb_kmr_Latn,False,1.7B,3,2.523968,0.09073625028594011,0.16273406181661804,2.1394129999916394,-0.1523612819213083,2.638251,0.04527910021046222,2.327774221101256,-0.07773227667654416
8,bpb_kmr_Latn,False,1.7B,4,2.523968,0.09073625028594011,0.16273406181661804,2.192491791310839,-0.1313313832382823,2.572586,0.019262526307781965,2.41743261368864,-0.04220948376182259
8,bpb_kor_Hang,False,1.7B,1,1.346651,0.1997980857271939,0.16273356808535944,1.4264260194033285,0.05923956496770762,2.065067,0.533483434089456,,
8,bpb_kor_Hang,False,1.7B,2,1.346651,0.1997980857271939,0.16273356808535944,1.359114579923497,0.00925524127891851,1.674789,0.24366966645404045,,
8,bpb_kor_Hang,False,1.7B,3,1.346651,0.1997980857271939,0.16273356808535944,1.343461778143413,-0.0023682616034792887,1.555134,0.15481590998707162,1.1968816085369653,-0.11121618850246626
8,bpb_kor_Hang,False,1.7B,4,1.346651,0.1997980857271939,0.16273356808535944,1.3402246968661178,-0.004772062794207453,1.450562,0.07716253134628041,1.2745052458379642,-0.053574203087537776
8,bpb_lao_Laoo,False,1.7B,1,1.296421,0.1838896185573828,0.16273356808535944,1.305781232309745,0.007220056069552276,1.890407,0.4581736951191009,,
8,bpb_lao_Laoo,False,1.7B,2,1.296421,0.1838896185573828,0.16273356808535944,1.241626722055351,-0.04226580558680327,1.526894,0.17777635505750056,,
8,bpb_lao_Laoo,False,1.7B,3,1.296421,0.1838896185573828,0.16273356808535944,1.235953115637377,-0.04664216667473217,1.450868,0.1191333679414326,1.1272891021611904,-0.13046062802038047
8,bpb_lao_Laoo,False,1.7B,4,1.296421,0.1838896185573828,0.16273356808535944,1.2388175460113438,-0.04443267579640896,1.359957,0.04900877107050876,1.20377019700104,-0.07146660151213233
8,bpb_lat_Latn,False,1.7B,1,1.32782,0.1749185190472075,0.16273356808535944,1.3462779835849235,0.013900968192167202,1.949035,0.46784579235137297,,
8,bpb_lat_Latn,False,1.7B,2,1.32782,0.1749185190472075,0.16273356808535944,1.29567947732699,-0.024205481671469055,1.612715,0.21455844918738978,,
8,bpb_lat_Latn,False,1.7B,3,1.32782,0.1749185190472075,0.16273356808535944,1.288592511416895,-0.02954277581532511,1.509926,0.13714660119594532,1.1924258731893367,-0.10196722960240343
8,bpb_lat_Latn,False,1.7B,4,1.32782,0.1749185190472075,0.16273356808535944,1.2948045464082159,-0.024864404506472374,1.432095,0.07853097558403993,1.273578267566711,-0.040850214963842155
8,bpb_lit_Latn,False,1.7B,1,2.229532,0.132492978203359,0.16273406181661804,2.087935082233811,-0.06350970417387536,3.022751,0.3557782530145341,,
8,bpb_lit_Latn,False,1.7B,2,2.229532,0.132492978203359,0.16273406181661804,2.075037510547643,-0.06929458265338062,2.667058,0.19624118424853293,,
8,bpb_lit_Latn,False,1.7B,3,2.229532,0.132492978203359,0.16273406181661804,2.095299126572077,-0.060206748962527916,2.53099,0.1352113358319146,2.1539787229184975,-0.033887505127310306
8,bpb_lit_Latn,False,1.7B,4,2.229532,0.132492978203359,0.16273406181661804,2.1193240240490026,-0.04943099087655943,2.390855,0.07235733777312922,2.2080730110117215,-0.00962488494817673
8,bpb_ltz_Latn,False,1.7B,1,2.107183,0.094704209409326,0.16273406181661804,1.8253889455700314,-0.13373022391978703,2.642657,0.2541184130661645,,
8,bpb_ltz_Latn,False,1.7B,2,2.107183,0.094704209409326,0.16273406181661804,1.8521239425838592,-0.12104267043543009,2.430425,0.15340006064969205,,
8,bpb_ltz_Latn,False,1.7B,3,2.107183,0.094704209409326,0.16273406181661804,1.8874919134151937,-0.10425819047743186,2.322306,0.10209032627920792,2.0718664283426445,-0.01676008759436441
8,bpb_ltz_Latn,False,1.7B,4,2.107183,0.094704209409326,0.16273406181661804,1.9280301943992475,-0.08502005075057673,2.240278,0.0631625255139207,2.114426386804829,0.0034374740138037106
8,bpb_lvs_Latn,False,1.7B,1,2.184494,0.139997569240084,0.16273406181661804,2.056203867255252,-0.05872761964315209,2.976813,0.36270138530936685,,
8,bpb_lvs_Latn,False,1.7B,2,2.184494,0.139997569240084,0.16273406181661804,2.0580626682166456,-0.05787671276888575,2.664088,0.21954466343235554,,
8,bpb_lvs_Latn,False,1.7B,3,2.184494,0.139997569240084,0.16273406181661804,2.074731007156641,-0.05024641534531979,2.497885,0.1434615979718874,2.1419661540923585,-0.019468053429142616
8,bpb_lvs_Latn,False,1.7B,4,2.184494,0.139997569240084,0.16273406181661804,2.0892982991376585,-0.043577918210048375,2.326046,0.06479853000282898,2.154742138325573,-0.013619566670554832
8,bpb_mal_Mlym,False,1.7B,1,0.871992,0.22036774149224364,0.16273356808535944,0.9263400456030989,0.062326312171555376,1.341082,0.537952183047551,,
8,bpb_mal_Mlym,False,1.7B,2,0.871992,0.22036774149224364,0.16273356808535944,0.874558558075379,0.002943327548164407,1.067836,0.2245938036128772,,
8,bpb_mal_Mlym,False,1.7B,3,0.871992,0.22036774149224364,0.16273356808535944,0.8483509841091892,-0.027111505484925094,0.945699,0.08452715162524423,0.6942184575160947,-0.20387061175321025
8,bpb_mal_Mlym,False,1.7B,4,0.871992,0.22036774149224364,0.16273356808535944,0.8476739455324647,-0.027887932994265226,0.921914,0.05725052523417649,0.7839250634861598,-0.10099511981054898
8,bpb_mar_Deva,False,1.7B,1,0.919179,0.12479233436814438,0.16273406181661804,0.8477769989785268,-0.0776801918031996,1.227346,0.3352633165030969,,
8,bpb_mar_Deva,False,1.7B,2,0.919179,0.12479233436814438,0.16273406181661804,0.8293936544727791,-0.09767993560255493,1.049391,0.14166119983158884,,
8,bpb_mar_Deva,False,1.7B,3,0.919179,0.12479233436814438,0.16273406181661804,0.8336604805438399,-0.09303793869981807,0.997816,0.08555134527660017,0.8228427879857102,-0.10480680260785959
8,bpb_mar_Deva,False,1.7B,4,0.919179,0.12479233436814438,0.16273406181661804,0.8514015547158885,-0.07373693838100245,0.988717,0.07565229405806703,0.896369813764592,-0.024814738190720147
8,bpb_mkd_Cyrl,False,1.7B,1,1.110945,0.16212814768246872,0.16273406181661804,1.1049968393581922,-0.005354145022307963,1.599729,0.43997137572067013,,
8,bpb_mkd_Cyrl,False,1.7B,2,1.110945,0.16212814768246872,0.16273406181661804,1.0834207156725981,-0.024775559840857962,1.373823,0.23662557552354072,,
8,bpb_mkd_Cyrl,False,1.7B,3,1.110945,0.16212814768246872,0.16273406181661804,1.083449624603468,-0.02474953791279688,1.283619,0.15542983676059569,1.0523445996053924,-0.05274824621795649
8,bpb_mkd_Cyrl,False,1.7B,4,1.110945,0.16212814768246872,0.16273406181661804,1.0882597487284298,-0.020419778901359008,1.202281,0.08221469109631876,1.0891546030753914,-0.01961428956843832
8,bpb_mlt_Latn,False,1.7B,1,2.349528,0.09572728540588925,0.16273406181661804,2.0632121154848764,-0.12186102251819238,2.986959,0.27130172528269525,,
8,bpb_mlt_Latn,False,1.7B,2,2.349528,0.09572728540588925,0.16273406181661804,2.0701757250773967,-0.11889718910462152,2.686384,0.14337177509695567,,
8,bpb_mlt_Latn,False,1.7B,3,2.349528,0.09572728540588925,0.16273406181661804,2.1165449840026445,-0.09916162565304835,2.621032,0.11555682673285878,2.313318848053567,-0.015411245129418636
8,bpb_mlt_Latn,False,1.7B,4,2.349528,0.09572728540588925,0.16273406181661804,2.1621996023156544,-0.07973022568121997,2.513058,0.06960121352033267,2.3679459908333307,0.007839017382781071
8,bpb_mya_Mymr,False,1.7B,1,1.052415,0.2631974591196448,0.16273356808535944,1.1901767807905452,0.13090062455451995,1.723044,0.637228659796753,,
8,bpb_mya_Mymr,False,1.7B,2,1.052415,0.2631974591196448,0.16273356808535944,1.0521587745055054,-0.00024346431255224053,1.202952,0.1430395803936659,,
8,bpb_mya_Mymr,False,1.7B,3,1.052415,0.2631974591196448,0.16273356808535944,1.0228037472267182,-0.028136479215216347,1.145034,0.08800615726685765,0.765411869759415,-0.2727090836225112
8,bpb_mya_Mymr,False,1.7B,4,1.052415,0.2631974591196448,0.16273356808535944,1.0127980422188911,-0.03764385511524347,1.072053,0.018659939282507206,0.883763580185614,-0.16025182063576263
8,bpb_nld_Latn,False,1.7B,1,1.264252,0.23859453702326092,0.16273356808535944,1.4966612340859275,0.1838314150073938,2.166748,0.7138576802726041,,
8,bpb_nld_Latn,False,1.7B,2,1.264252,0.23859453702326092,0.16273356808535944,1.4279909936670723,0.12951452215782325,1.762076,0.39376959656777294,,
8,bpb_nld_Latn,False,1.7B,3,1.264252,0.23859453702326092,0.16273356808535944,1.3905008459790198,0.09986050722405017,1.561949,0.23547283294786175,1.1726554065664985,-0.07245121497415188
8,bpb_nld_Latn,False,1.7B,4,1.264252,0.23859453702326092,0.16273356808535944,1.37077374619219,0.08425673535987298,1.431697,0.1324459047721499,1.2367259041298935,-0.021772633834161594
8,bpb_nno_Latn,False,1.7B,1,2.003575,0.13337067502266114,0.16273406181661804,1.8818824994785932,-0.060737681654745586,2.724444,0.35979137292090385,,
8,bpb_nno_Latn,False,1.7B,2,2.003575,0.13337067502266114,0.16273406181661804,1.8706559177492812,-0.0663409566653202,2.404877,0.20029297630485499,,
8,bpb_nno_Latn,False,1.7B,3,2.003575,0.13337067502266114,0.16273406181661804,1.8863162552679535,-0.05852475935866965,2.27227,0.13410778233906875,1.9296398161781187,-0.03690163024687439
8,bpb_nno_Latn,False,1.7B,4,2.003575,0.13337067502266114,0.16273406181661804,1.9084239354064612,-0.04749064277281307,2.154556,0.07535580150481005,1.9859752943331321,-0.008784151163229711
8,bpb_nob_Latn,False,1.7B,1,1.672309,0.18365083477126928,0.16273356808535944,1.7691045995675807,0.05788140802183129,2.56117,0.5315172016654818,,
8,bpb_nob_Latn,False,1.7B,2,1.672309,0.18365083477126928,0.16273356808535944,1.733614652978243,0.0366592854420104,2.197095,0.31380923023197266,,
8,bpb_nob_Latn,False,1.7B,3,1.672309,0.18365083477126928,0.16273356808535944,1.7202745774891282,0.02868224561915777,2.006745,0.19998457222917532,1.6212305090046704,-0.030543691982360725
8,bpb_nob_Latn,False,1.7B,4,1.672309,0.18365083477126928,0.16273356808535944,1.7164999036664699,0.026425082724825272,1.859018,0.11164742879455891,1.6684788205501169,-0.002290353905817152
8,bpb_npi_Deva,False,1.7B,1,0.842844,0.13811187376591547,0.16273406181661804,0.7798206144598128,-0.07477467424599009,1.128964,0.3394697002054948,,
8,bpb_npi_Deva,False,1.7B,2,0.842844,0.13811187376591547,0.16273406181661804,0.7689150478314112,-0.0877136838710234,0.980527,0.16335525909895543,,
8,bpb_npi_Deva,False,1.7B,3,0.842844,0.13811187376591547,0.16273406181661804,0.7727640085651976,-0.08314704908002249,0.924673,0.09708676813265554,0.7712480784956389,-0.08494563822529567
8,bpb_npi_Deva,False,1.7B,4,0.842844,0.13811187376591547,0.16273406181661804,0.7826747753829983,-0.07138832882123108,0.886516,0.05181504525155299,0.8092582207724616,-0.03984815603781776
8,bpb_nrm_Latn,False,1.7B,1,1.29227,0.14074263666288417,0.16273406181661804,1.217523914322867,-0.05784091999128117,1.762637,0.36398508051722933,,
8,bpb_nrm_Latn,False,1.7B,2,1.29227,0.14074263666288417,0.16273406181661804,1.201570961791379,-0.07018582665280554,1.533624,0.18676747119410037,,
8,bpb_nrm_Latn,False,1.7B,3,1.29227,0.14074263666288417,0.16273406181661804,1.2088864904860417,-0.06452483576493948,1.449646,0.12178259961153626,1.213051728891862,-0.061301640607719705
8,bpb_nrm_Latn,False,1.7B,4,1.29227,0.14074263666288417,0.16273406181661804,1.2218261059104918,-0.05451174606661784,1.375254,0.06421568248121519,1.2588248550230134,-0.02588092656874073
8,bpb_ory_Orya,False,1.7B,1,1.323814,0.13004401993170725,0.16273406181661804,1.2141565567317556,-0.0828344792155427,1.757762,0.32780133765015323,,
8,bpb_ory_Orya,False,1.7B,2,1.323814,0.13004401993170725,0.16273406181661804,1.190029230985365,-0.10106009531145235,1.508475,0.13949165063974242,,
8,bpb_ory_Orya,False,1.7B,3,1.323814,0.13004401993170725,0.16273406181661804,1.1976898108676903,-0.09527334590230177,1.437216,0.08566309164278366,1.191181601890459,-0.10018960224740105
8,bpb_ory_Orya,False,1.7B,4,1.323814,0.13004401993170725,0.16273406181661804,1.218616186256849,-0.07946570571330343,1.399383,0.05708430338401014,1.2738719553877693,-0.03772587736058897
8,bpb_pan_Guru,False,1.7B,1,1.104019,0.1613339920892351,0.16273406181661804,1.0486863315545836,-0.05011930813275542,1.518207,0.37516383323113095,,
8,bpb_pan_Guru,False,1.7B,2,1.104019,0.1613339920892351,0.16273406181661804,0.9762290420358681,-0.11574978144772141,1.175318,0.06458131608242249,,
8,bpb_pan_Guru,False,1.7B,3,1.104019,0.1613339920892351,0.16273406181661804,0.9802259486101247,-0.11212945736429843,1.170791,0.060480843173894495,0.895273161092078,-0.18907812176051506
8,bpb_pan_Guru,False,1.7B,4,1.104019,0.1613339920892351,0.16273406181661804,0.9935887173970972,-0.10002570843699508,1.128106,0.021817559299251162,0.995477574068047,-0.09831481698408545
8,bpb_pbt_Arab,False,1.7B,1,1.630475,0.19948725776067816,0.16273356808535944,1.6438567158222637,0.008207249925490287,2.379846,0.45960287646238074,,
8,bpb_pbt_Arab,False,1.7B,2,1.630475,0.19948725776067816,0.16273356808535944,1.5184080224450895,-0.06873271749331351,1.813887,0.1124899185820084,,
8,bpb_pbt_Arab,False,1.7B,3,1.630475,0.19948725776067816,0.16273356808535944,1.5236487200505022,-0.06551850224596985,1.81753,0.114724236802159,1.3722971162078343,-0.15834519621102167
8,bpb_pbt_Arab,False,1.7B,4,1.630475,0.19948725776067816,0.16273356808535944,1.5178712969718575,-0.06906190099703607,1.636014,0.003397169536484879,1.444049494289552,-0.11433815649454779
8,bpb_plt_Latn,False,1.7B,1,2.110751,0.10014636402395229,0.16273406181661804,1.8632456430343305,-0.11725938159719908,2.697463,0.2779636252689208,,
8,bpb_plt_Latn,False,1.7B,2,2.110751,0.10014636402395229,0.16273406181661804,1.8685327604134132,-0.11475453030063083,2.423421,0.1481321103247137,,
8,bpb_plt_Latn,False,1.7B,3,2.110751,0.10014636402395229,0.16273406181661804,1.8994146909015701,-0.10012375173501277,2.32521,0.10160317346764264,2.029592887991045,-0.038449874953964173
8,bpb_plt_Latn,False,1.7B,4,2.110751,0.10014636402395229,0.16273406181661804,1.9422548917000886,-0.07982756293845719,2.263953,0.07258174933945304,2.114359353520092,0.0017095116951701761
8,bpb_pol_Latn,False,1.7B,1,1.614336,0.21459187172661937,0.16273356808535944,1.8176028922013525,0.12591362157651972,2.631382,0.6300088705201395,,
8,bpb_pol_Latn,False,1.7B,2,1.614336,0.21459187172661937,0.16273356808535944,1.7431298787700897,0.07978133348329576,2.16201,0.33925651165556614,,
8,bpb_pol_Latn,False,1.7B,3,1.614336,0.21459187172661937,0.16273356808535944,1.7152376068531714,0.0625034731636855,1.967512,0.21877477798921657,1.516549554508367,-0.06057378729807987
8,bpb_pol_Latn,False,1.7B,4,1.614336,0.21459187172661937,0.16273356808535944,1.7001608944377289,0.05316420772238796,1.805049,0.11813711643672688,1.5846687823091685,-0.018377350000762835
8,bpb_por_Latn,False,1.7B,1,0.975742,0.2661839382772463,0.16273356808535944,1.1823327283330007,0.21172679697399593,1.711688,0.7542424124409938,,
8,bpb_por_Latn,False,1.7B,2,0.975742,0.2661839382772463,0.16273356808535944,1.1003400032075112,0.12769564414313542,1.324376,0.3573014177928182,,
8,bpb_por_Latn,False,1.7B,3,0.975742,0.2661839382772463,0.16273356808535944,1.061634814705516,0.08802820285025745,1.170781,0.19988788019783926,0.833300430999139,-0.14598282025459705
8,bpb_por_Latn,False,1.7B,4,0.975742,0.2661839382772463,0.16273356808535944,1.0425953477330354,0.06851539416468228,1.076563,0.10332751895480562,0.9060863579757857,-0.07138735651864352
8,bpb_ron_Latn,False,1.7B,1,1.510713,0.19769050697949103,0.16273356808535944,1.6698396215322842,0.10533213226621085,2.417462,0.6002126148381592,,
8,bpb_ron_Latn,False,1.7B,2,1.510713,0.19769050697949103,0.16273356808535944,1.6318663861266214,0.08019616308764234,2.062489,0.3652421075346541,,
8,bpb_ron_Latn,False,1.7B,3,1.510713,0.19769050697949103,0.16273356808535944,1.6129920783145222,0.06770252080608442,1.866945,0.23580388862742302,1.491717281165484,-0.012574008984178998
8,bpb_ron_Latn,False,1.7B,4,1.510713,0.19769050697949103,0.16273356808535944,1.6023261650148029,0.06064233578105364,1.712414,0.13351377793134775,1.5281169141987154,0.011520331259951727
8,bpb_rus_Cyrl,True,1.7B,1,0.48578,0.18462043446909865,0.16273356808535944,0.49571013086974847,0.020441621453638432,0.71765,0.4773148338754169,,
8,bpb_rus_Cyrl,True,1.7B,2,0.48578,0.18462043446909865,0.16273356808535944,0.47903795186685016,-0.013878809611655121,0.5987,0.232450903701264,,
8,bpb_rus_Cyrl,True,1.7B,3,0.48578,0.18462043446909865,0.16273356808535944,0.4747139317723905,-0.022779999645126336,0.552281,0.13689530240026357,0.4360052686369471,-0.1024635253881446
8,bpb_rus_Cyrl,True,1.7B,4,0.48578,0.18462043446909865,0.16273356808535944,0.47516918775069666,-0.02184283471798618,0.519516,0.06944707480752602,0.46126867367454516,-0.05045766875016434
8,bpb_sin_Sinh,False,1.7B,1,1.19743,0.1353695693757957,0.16273406181661804,1.0828102699578843,-0.09572144513008332,1.567609,0.30914458465213,,
8,bpb_sin_Sinh,False,1.7B,2,1.19743,0.1353695693757957,0.16273406181661804,1.058089355143833,-0.11636642213420988,1.33718,0.11670828357398766,,
8,bpb_sin_Sinh,False,1.7B,3,1.19743,0.1353695693757957,0.16273406181661804,1.0640253577884868,-0.11140913641007254,1.274722,0.06454824081574699,1.0502357070711794,-0.12292517552493305
8,bpb_sin_Sinh,False,1.7B,4,1.19743,0.1353695693757957,0.16273406181661804,1.0808627419932804,-0.0973478683569976,1.235174,0.03152084046666611,1.1217392483895907,-0.06321100324061471
8,bpb_slk_Latn,False,1.7B,1,2.072585,0.1589704403408382,0.16273406181661804,2.0722953467306433,-0.00013975459117807735,3.000109,0.4475203670778279,,
8,bpb_slk_Latn,False,1.7B,2,2.072585,0.1589704403408382,0.16273406181661804,2.034684937032593,-0.01828637328138886,2.583689,0.2466021900187447,,
8,bpb_slk_Latn,False,1.7B,3,2.072585,0.1589704403408382,0.16273406181661804,2.035425732932168,-0.017928947217041632,2.413102,0.16429579486486667,1.9836396961661105,-0.042915153701242485
8,bpb_slk_Latn,False,1.7B,4,2.072585,0.1589704403408382,0.16273406181661804,2.0467603196732567,-0.012460130863990357,2.268841,0.09469141193244184,2.05723672387235,-0.007405378369355175
8,bpb_slv_Latn,False,1.7B,1,2.130971,0.1395662164760842,0.16273406181661804,2.066554606435315,-0.030228657998952267,2.9917980000000006,0.4039599788077831,,
8,bpb_slv_Latn,False,1.7B,2,2.130971,0.1395662164760842,0.16273406181661804,2.0490379309371773,-0.03844870205311232,2.627548,0.23302851141568787,,
8,bpb_slv_Latn,False,1.7B,3,2.130971,0.1395662164760842,0.16273406181661804,2.063796591285861,-0.03152291078299003,2.480304,0.1639313721303573,2.09407729305446,-0.01731309668012373
8,bpb_slv_Latn,False,1.7B,4,2.130971,0.1395662164760842,0.16273406181661804,2.0838453865559847,-0.022114619787887983,2.338639,0.09745228818224178,2.150376334059842,0.009106334182793621
8,bpb_snd_Arab,False,1.7B,1,1.785546,0.1488919314313739,0.16273406181661804,1.6769910506947912,-0.06079650107317813,2.427818,0.35970621871405145,,
8,bpb_snd_Arab,False,1.7B,2,1.785546,0.1488919314313739,0.16273406181661804,1.61700274833145,-0.09439311654169094,2.016454,0.12932066717967494,,
8,bpb_snd_Arab,False,1.7B,3,1.785546,0.1488919314313739,0.16273406181661804,1.6022011336076072,-0.10268280200700115,1.863519,0.04366899536612322,1.4660181154234304,-0.17895247984457957
8,bpb_snd_Arab,False,1.7B,4,1.785546,0.1488919314313739,0.16273406181661804,1.6338828922792865,-0.08493934500747309,1.889011,0.05794586081792343,1.6648526557205747,-0.06759464291562656
8,bpb_som_Latn,False,1.7B,1,2.360827,0.09616859692512734,0.16273406181661804,2.0464568348515257,-0.13316103431063533,2.962702,0.25494244177993564,,
8,bpb_som_Latn,False,1.7B,2,2.360827,0.09616859692512734,0.16273406181661804,2.0578401728391023,-0.12833927566945724,2.676198,0.13358496831830535,,
8,bpb_som_Latn,False,1.7B,3,2.360827,0.09616859692512734,0.16273406181661804,2.1021458933341584,-0.10957224170421706,2.59878,0.10079222238647731,2.2976018176956106,-0.026780946805669982
8,bpb_som_Latn,False,1.7B,4,2.360827,0.09616859692512734,0.16273406181661804,2.147007426049178,-0.09056977658711204,2.493719,0.056290443984247894,2.3499009895315526,-0.004628043676409764
8,bpb_spa_Latn,True,1.7B,1,0.689542,0.17769338577439128,0.16273356808535944,0.6926928275616058,0.00456944981104238,1.002826,0.45433635659611743,,
8,bpb_spa_Latn,True,1.7B,2,0.689542,0.17769338577439128,0.16273356808535944,0.6715100416357203,-0.026150630946743973,0.841902,0.22095825925034307,,
8,bpb_spa_Latn,True,1.7B,3,0.689542,0.17769338577439128,0.16273356808535944,0.6667422722041342,-0.03306503127563776,0.778705,0.12930756937213395,0.619787405899388,-0.10116076192691964
8,bpb_spa_Latn,True,1.7B,4,0.689542,0.17769338577439128,0.16273356808535944,0.6685867927132629,-0.03039003757093412,0.734952,0.06585530685585514,0.6551555845166346,-0.04986848586941101
8,bpb_srp_Cyrl,False,1.7B,1,1.231356,0.15509077760702608,0.16273406181661804,1.1949470768119996,-0.029568153473081924,1.729952,0.40491620619869484,,
8,bpb_srp_Cyrl,False,1.7B,2,1.231356,0.15509077760702608,0.16273406181661804,1.172139478231462,-0.048090496792591156,1.486988,0.20760202573423128,,
8,bpb_srp_Cyrl,False,1.7B,3,1.231356,0.15509077760702608,0.16273406181661804,1.1717081608771973,-0.04844077514772542,1.387088,0.12647195449569434,1.1371237837987662,-0.07652719132503816
8,bpb_srp_Cyrl,False,1.7B,4,1.231356,0.15509077760702608,0.16273406181661804,1.1812497084093512,-0.04069196202450691,1.319503,0.07158530920383724,1.193561048760318,-0.030693764629954132
8,bpb_srp_Latn,False,1.7B,1,2.153953,0.13571648181963292,0.16273406181661804,2.063301911687306,-0.04208591752591345,2.9870890000000005,0.3867939551141555,,
8,bpb_srp_Latn,False,1.7B,2,2.153953,0.13571648181963292,0.16273406181661804,2.047906621641499,-0.04923337619646346,2.628785,0.22044677855087838,,
8,bpb_srp_Latn,False,1.7B,3,2.153953,0.13571648181963292,0.16273406181661804,2.0663779480131423,-0.04065782864661284,2.492374,0.1571162416264421,2.114262040227649,-0.01842703149620774
8,bpb_srp_Latn,False,1.7B,4,2.153953,0.13571648181963292,0.16273406181661804,2.088055170560885,-0.030593903134894223,2.34877,0.09044626321929959,2.1660025331407797,0.005594148591347965
8,bpb_swe_Latn,False,1.7B,1,1.542753,0.19565789176165554,0.16273356808535944,1.6818426243109699,0.09015676800561712,2.434839,0.5782429202860083,,
8,bpb_swe_Latn,False,1.7B,2,1.542753,0.19565789176165554,0.16273356808535944,1.6418297301940528,0.0642207340994007,2.072851,0.34360523039008833,,
8,bpb_swe_Latn,False,1.7B,3,1.542753,0.19565789176165554,0.16273356808535944,1.6223217465349036,0.051575817084720324,1.876544,0.21636062286056157,1.4961437267544857,-0.030211753433967935
8,bpb_swe_Latn,False,1.7B,4,1.542753,0.19565789176165554,0.16273356808535944,1.6138939343691185,0.046112977494854004,1.732171,0.12277921352283863,1.5433987051827716,0.0004185408699717431
8,bpb_swh_Latn,False,1.7B,1,2.075132,0.10853407882128795,0.16273406181661804,1.8708534536001773,-0.09844122995540654,2.708477,0.30520709044051164,,
8,bpb_swh_Latn,False,1.7B,2,2.075132,0.10853407882128795,0.16273406181661804,1.8830886290493092,-0.09254513493632732,2.451316,0.18128196182218762,,
8,bpb_swh_Latn,False,1.7B,3,2.075132,0.10853407882128795,0.16273406181661804,1.9153425503090058,-0.07700206526186969,2.347481,0.13124418109305827,2.0624333472717553,-0.00611944335504665
8,bpb_swh_Latn,False,1.7B,4,2.075132,0.10853407882128795,0.16273406181661804,1.9481181613638445,-0.061207594811392936,2.234723,0.07690643294016951,2.096748686376843,0.010417017508690155
8,bpb_tam_Taml,False,1.7B,1,0.741297,0.1673771300702995,0.16273356808535944,0.7101423215015925,-0.042027255605253326,1.028088,0.38687732447318673,,
8,bpb_tam_Taml,False,1.7B,2,0.741297,0.1673771300702995,0.16273356808535944,0.673795748976505,-0.09105830864484143,0.826815,0.11536266840416187,,
8,bpb_tam_Taml,False,1.7B,3,0.741297,0.1673771300702995,0.16273356808535944,0.6710676079326695,-0.09473853538774672,0.788581,0.0637855002785658,0.6113213454009861,-0.1753354655408208
8,bpb_tam_Taml,False,1.7B,4,0.741297,0.1673771300702995,0.16273356808535944,0.6783866495656895,-0.08486524353168903,0.764033,0.030670567937007676,0.6741268258805742,-0.09061169021245982
8,bpb_tat_Cyrl,False,1.7B,1,1.409617,0.12590097678219114,0.16273406181661804,1.2768412134278304,-0.0941928102258766,1.848512,0.311357624092218,,
8,bpb_tat_Cyrl,False,1.7B,2,1.409617,0.12590097678219114,0.16273406181661804,1.2567416343558186,-0.10845170400483341,1.599752,0.13488415647654659,,
8,bpb_tat_Cyrl,False,1.7B,3,1.409617,0.12590097678219114,0.16273406181661804,1.2717332800020855,-0.09781644233711312,1.542767,0.0944582819304819,1.299236417118466,-0.07830537151689704
8,bpb_tat_Cyrl,False,1.7B,4,1.409617,0.12590097678219114,0.16273406181661804,1.2917527298672236,-0.08361439322367448,1.475813,0.04696027360623499,1.3579351567904996,-0.036663748528501225
8,bpb_tel_Telu,False,1.7B,1,0.948762,0.21223124765488832,0.16273356808535944,1.0050727535344395,0.059351822200340534,1.455065,0.5336459512501556,,
8,bpb_tel_Telu,False,1.7B,2,0.948762,0.21223124765488832,0.16273356808535944,0.917609263089711,-0.032835144019563355,1.083466,0.14197870488067613,,
8,bpb_tel_Telu,False,1.7B,3,0.948762,0.21223124765488832,0.16273356808535944,0.9041567057051006,-0.04701420829976258,1.039967,0.09613053642536283,0.7470292995489389,-0.21262729794306798
8,bpb_tel_Telu,False,1.7B,4,0.948762,0.21223124765488832,0.16273356808535944,0.9059312923797611,-0.04514378486937597,0.993463,0.04711508260238078,0.8470995796532116,-0.10715271095046851
8,bpb_tgk_Cyrl,False,1.7B,1,1.476047,0.09721458855041167,0.16273406181661804,1.264050780501757,-0.14362430159625214,1.829995,0.23979453228792844,,
8,bpb_tgk_Cyrl,False,1.7B,2,1.476047,0.09721458855041167,0.16273406181661804,1.2789153600235776,-0.13355376893582824,1.673465,0.13374777361425474,,
8,bpb_tgk_Cyrl,False,1.7B,3,1.476047,0.09721458855041167,0.16273406181661804,1.307239146258209,-0.11436482289641942,1.618027,0.0961893489841448,1.445155822903656,-0.02092831535604492
8,bpb_tgk_Cyrl,False,1.7B,4,1.476047,0.09721458855041167,0.16273406181661804,1.332279789485215,-0.09740015766082322,1.537512,0.04164162794274158,1.4561134970949394,-0.013504653242790158
8,bpb_tha_Thai,False,1.7B,1,0.821718,0.17965273355159603,0.16273356808535944,0.8166994500999646,-0.006107387084176522,1.182353,0.43887927488505796,,
8,bpb_tha_Thai,False,1.7B,2,0.821718,0.17965273355159603,0.16273356808535944,0.779759980612636,-0.05106133659888671,0.962846,0.1717474851469726,,
8,bpb_tha_Thai,False,1.7B,3,0.821718,0.17965273355159603,0.16273356808535944,0.7773829636799677,-0.05395407709218031,0.91535,0.11394663376000046,0.7174898406739609,-0.12684176241245662
8,bpb_tha_Thai,False,1.7B,4,0.821718,0.17965273355159603,0.16273356808535944,0.779548903989015,-0.051318208936624185,0.856979,0.04291131507402795,0.7618609251455709,-0.07284381607124225
8,bpb_tur_Latn,False,1.7B,1,1.64481,0.18132066953923193,0.16273356808535944,1.6869900247084355,0.02564431436362583,2.442291,0.48484688201068804,,
8,bpb_tur_Latn,False,1.7B,2,1.64481,0.18132066953923193,0.16273356808535944,1.6255942449266898,-0.011682659439880777,2.025858,0.23166687945720163,,
8,bpb_tur_Latn,False,1.7B,3,1.64481,0.18132066953923193,0.16273356808535944,1.6163221253337514,-0.017319857409821615,1.893056,0.15092685477349965,1.497104465451781,-0.08980097065814227
8,bpb_tur_Latn,False,1.7B,4,1.64481,0.18132066953923193,0.16273356808535944,1.6186429758769316,-0.015908843041487153,1.772239,0.0774733859837913,1.5783407255555981,-0.04041152135772641
8,bpb_uig_Arab,False,1.7B,1,1.760861,0.15806783354657633,0.16273406181661804,1.6819263881283277,-0.04482728158081318,2.434963,0.3828252201621821,,
8,bpb_uig_Arab,False,1.7B,2,1.760861,0.15806783354657633,0.16273406181661804,1.583492886600527,-0.10072806053372363,1.92807,0.09495865942854088,,
8,bpb_uig_Arab,False,1.7B,3,1.760861,0.15806783354657633,0.16273406181661804,1.598291941081643,-0.09232361834259323,1.929036,0.0955072546896092,1.5140302788701776,-0.1401761531034093
8,bpb_uig_Arab,False,1.7B,4,1.760861,0.15806783354657633,0.16273406181661804,1.6144008790945963,-0.08317528805817366,1.813757,0.030039849823467073,1.6246522705320965,-0.07735348188636328
8,bpb_ukr_Cyrl,False,1.7B,1,0.735795,0.2630389664233083,0.16273356808535944,0.9232634861062777,0.2547835825281196,1.336628,0.8165766280010057,,
8,bpb_ukr_Cyrl,False,1.7B,2,0.735795,0.2630389664233083,0.16273356808535944,0.8758887723703614,0.19039783142092767,1.074656,0.46053724203072877,,
8,bpb_ukr_Cyrl,False,1.7B,3,0.735795,0.2630389664233083,0.16273356808535944,0.8474650493081217,0.1517678827772977,0.939878,0.2773639396842871,0.6917411302637517,-0.059872477709481925
8,bpb_ukr_Cyrl,False,1.7B,4,0.735795,0.2630389664233083,0.16273356808535944,0.8289882119975438,0.126656489915729,0.845921,0.14966940520117705,0.7235273887581396,-0.016672593917953202
8,bpb_urd_Arab,False,1.7B,1,1.23651,0.17450854323031106,0.16273356808535944,1.2251400075643681,-0.009195228858344744,1.773661,0.4344089412944496,,
8,bpb_urd_Arab,False,1.7B,2,1.23651,0.17450854323031106,0.16273356808535944,1.1660563342096117,-0.056977837454115415,1.435326,0.16078802435888112,,
8,bpb_urd_Arab,False,1.7B,3,1.23651,0.17450854323031106,0.16273356808535944,1.1624541107288502,-0.059891055689925525,1.36865,0.10686529021196749,1.0677411048572334,-0.13648809564238593
8,bpb_urd_Arab,False,1.7B,4,1.23651,0.17450854323031106,0.16273356808535944,1.1695293854766982,-0.054169084377240655,1.298431,0.05007723350397481,1.1509967390792082,-0.06915695054693598
8,bpb_uzn_Cyrl,False,1.7B,1,1.465445,0.10403418172847317,0.16273406181661804,1.274409117822025,-0.13036032207143575,1.844991,0.25899709644510704,,
8,bpb_uzn_Cyrl,False,1.7B,2,1.465445,0.10403418172847317,0.16273406181661804,1.271466038550864,-0.13236863986648154,1.640583,0.11951182064151147,,
8,bpb_uzn_Cyrl,False,1.7B,3,1.465445,0.10403418172847317,0.16273406181661804,1.2944069829127338,-0.11671404732846766,1.589305,0.08452040165274019,1.3803780782199209,-0.05804852572432213
8,bpb_uzn_Cyrl,False,1.7B,4,1.465445,0.10403418172847317,0.16273406181661804,1.3213700351186017,-0.09831482237913969,1.532453,0.045725359873621974,1.43089110374996,-0.02357911504699256
8,bpb_uzn_Latn,False,1.7B,1,2.442076,0.1162916745904705,0.16273406181661804,2.1361169614974815,-0.12528645238826253,3.0925049999999996,0.26634265272661434,,
8,bpb_uzn_Latn,False,1.7B,2,2.442076,0.1162916745904705,0.16273406181661804,2.134338566020133,-0.12601468340046218,2.758031,0.12937967532541975,,
8,bpb_uzn_Latn,False,1.7B,3,2.442076,0.1162916745904705,0.16273406181661804,2.1534839833424586,-0.11817487115779424,2.597183,0.06351440331914308,2.2248229005998628,-0.08896246447700128
8,bpb_uzn_Latn,False,1.7B,4,2.442076,0.1162916745904705,0.16273406181661804,2.194571269073238,-0.10135013444575924,2.53207,0.036851432961136306,2.337278723977891,-0.04291319189988731
8,bpb_vie_Latn,False,1.7B,1,1.251474,0.17999840106635698,0.16273356808535944,1.274139778014641,0.018111265607308736,1.844599,0.4739411286211301,,
8,bpb_vie_Latn,False,1.7B,2,1.251474,0.17999840106635698,0.16273356808535944,1.2230659732272988,-0.022699653986180422,1.518378,0.21327170999956854,,
8,bpb_vie_Latn,False,1.7B,3,1.251474,0.17999840106635698,0.16273356808535944,1.216998706283567,-0.02754775066556156,1.427495,0.140650944406356,1.124015967147536,-0.10184632909070739
8,bpb_vie_Latn,False,1.7B,4,1.251474,0.17999840106635698,0.16273356808535944,1.2200560058757184,-0.025104791729018413,1.340141,0.07085005361677514,1.1918139292700882,-0.047671841947904435
8,bpb_zsm_Latn,False,1.7B,1,1.320608,0.20394323679489532,0.16273356808535944,1.4344835107662428,0.08622960845780338,2.076732,0.5725574886718843,,
8,bpb_zsm_Latn,False,1.7B,2,1.320608,0.20394323679489532,0.16273356808535944,1.381257454571704,0.04592540297476921,1.720089,0.3024977888972352,,
8,bpb_zsm_Latn,False,1.7B,3,1.320608,0.20394323679489532,0.16273356808535944,1.3604883977516526,0.03019851292105806,1.563649,0.1840372010467906,1.2145938534645495,-0.08027677140790491
8,bpb_zsm_Latn,False,1.7B,4,1.320608,0.20394323679489532,0.16273356808535944,1.3539632741243692,0.025257513300214165,1.454939,0.10171905667692455,1.2803504053218848,-0.030484136608376733
15,bpb_afr_Latn,False,1B,1,1.562363,0.18489207472168787,0.16544377859716938,1.623580887511034,0.039182883562292554,2.16625,0.38652157021127603,,
15,bpb_afr_Latn,False,1B,2,1.562363,0.18489207472168787,0.16544377859716938,1.5997360660735107,0.02392085966802258,1.875227,0.20025051796541524,,
15,bpb_afr_Latn,False,1B,3,1.562363,0.18489207472168787,0.16544377859716938,1.5956005296555207,0.02127388427370639,1.727346,0.10559837886585903,1.5617915608445627,-0.00036575312871415004
15,bpb_als_Latn,False,1B,1,2.42823,0.13851294596877584,0.16625817020618688,2.2388573810072603,-0.07798792494645887,2.9914209999999994,0.23193478377254184,,
15,bpb_als_Latn,False,1B,2,2.42823,0.13851294596877584,0.16625817020618688,2.2170336053527104,-0.08697544905025045,2.61409,0.07654134904848384,,
15,bpb_als_Latn,False,1B,3,2.42823,0.13851294596877584,0.16625817020618688,2.252311325114702,-0.07244728665954135,2.530608,0.04216157448017686,2.322188693218176,-0.043670207015737476
15,bpb_amh_Ethi,False,1B,1,1.622949,0.13353930492973576,0.16625817020618688,1.4883731667141105,-0.08292055590526227,1.988671,0.22534411124440762,,
15,bpb_amh_Ethi,False,1B,2,1.622949,0.13353930492973576,0.16625817020618688,1.4951047430442683,-0.07877281230385653,1.788273,0.1018664172441648,,
15,bpb_amh_Ethi,False,1B,3,1.622949,0.13353930492973576,0.16625817020618688,1.5136535647360982,-0.0673437275378966,1.688964,0.0406759546972825,1.5691852067993004,-0.033127222852165766
15,bpb_arb_Arab,True,1B,1,0.741315,0.2025862304802065,0.16544377859716938,0.7640824609217595,0.030712262562823524,1.019471,0.3752197109191101,,
15,bpb_arb_Arab,True,1B,2,0.741315,0.2025862304802065,0.16544377859716938,0.7443344161181106,0.004073054124239533,0.862635,0.163655126363287,,
15,bpb_arb_Arab,True,1B,3,0.741315,0.2025862304802065,0.16544377859716938,0.7400637639401711,-0.0016878601671742749,0.796113,0.07391999352501975,0.7104047448819357,-0.04169651918289017
15,bpb_ars_Arab,False,1B,1,1.204356,0.1213343215205338,0.16625817020618688,1.1013875065319094,-0.08549672477912723,1.471605,0.22190199575540792,,
15,bpb_ars_Arab,False,1B,2,1.204356,0.1213343215205338,0.16625817020618688,1.11140482013476,-0.07717915621729791,1.335386,0.10879673452035775,,
15,bpb_ars_Arab,False,1B,3,1.204356,0.1213343215205338,0.16625817020618688,1.1291167812072578,-0.062472573551958226,1.268692,0.0534194208356997,1.1863793606814652,-0.0149263501145299
15,bpb_ary_Arab,False,1B,1,0.799214,0.19556913799726638,0.16544377859716938,0.8122761127296002,0.016343698595870728,1.083773,0.35604856771778287,,
15,bpb_ary_Arab,False,1B,2,0.799214,0.19556913799726638,0.16544377859716938,0.793145474286016,-0.007593117380306119,0.921368,0.1528426679212326,,
15,bpb_ary_Arab,False,1B,3,0.799214,0.19556913799726638,0.16544377859716938,0.790254772715123,-0.011210047978234827,0.853688,0.06815946667600921,0.7644687694302926,-0.04347425166439446
15,bpb_arz_Arab,False,1B,1,1.04948,0.14425497749384197,0.16625817020618688,0.9918546067602646,-0.05490851968568755,1.325254,0.26277203948622174,,
15,bpb_arz_Arab,False,1B,2,1.04948,0.14425497749384197,0.16625817020618688,0.9912352647120033,-0.05549866151617627,1.179527,0.12391565346647866,,
15,bpb_arz_Arab,False,1B,3,1.04948,0.14425497749384197,0.16625817020618688,1.0009210029156987,-0.04626957834765906,1.111041,0.05865857376986696,1.0254695650608032,-0.022878411155235683
15,bpb_asm_Beng,False,1B,1,1.181458,0.20118082239582372,0.16544377859716938,1.1368468893352448,-0.03775937076455964,1.516829,0.2838619739339021,,
15,bpb_asm_Beng,False,1B,2,1.181458,0.20118082239582372,0.16544377859716938,1.0789433813552023,-0.08676958355252376,1.218222,0.031117483651555977,,
15,bpb_asm_Beng,False,1B,3,1.181458,0.20118082239582372,0.16544377859716938,1.0844191759830284,-0.08213480632995122,1.192059,0.008972811559953959,1.0425719469869144,-0.11755479501860037
15,bpb_azj_Latn,False,1B,1,2.02466,0.1948132830195529,0.16544377859716938,2.0374742829334322,0.006329103619092757,2.718484,0.3426866733179893,,
15,bpb_azj_Latn,False,1B,2,2.02466,0.1948132830195529,0.16544377859716938,1.9746910404828286,-0.024680173222749145,2.276865,0.12456659389724696,,
15,bpb_azj_Latn,False,1B,3,2.02466,0.1948132830195529,0.16544377859716938,1.9738933884601375,-0.02507414160395444,2.14623,0.06004464947201021,1.9110752971828107,-0.05610063063289108
15,bpb_bel_Cyrl,False,1B,1,1.27996,0.18311558217564525,0.16544377859716938,1.3054782023349194,0.019936718596611936,1.741824,0.3608425263289478,,
15,bpb_bel_Cyrl,False,1B,2,1.27996,0.18311558217564525,0.16544377859716938,1.2873974965139268,0.005810725736684567,1.510382,0.18002281321291283,,
15,bpb_bel_Cyrl,False,1B,3,1.27996,0.18311558217564525,0.16544377859716938,1.2846257408084711,0.003645223919865584,1.3919,0.08745585799556231,1.2598682261591918,-0.015697188850282963
15,bpb_ben_Beng,False,1B,1,0.944861,0.2500332987319439,0.16544377859716938,0.9961587805959622,0.05429135142202106,1.329117,0.406679924348661,,
15,bpb_ben_Beng,False,1B,2,0.944861,0.2500332987319439,0.16544377859716938,0.9370057754117365,-0.008313629823078197,1.048545,0.10973465938376133,,
15,bpb_ben_Beng,False,1B,3,0.944861,0.2500332987319439,0.16544377859716938,0.9253795870116562,-0.0206182845819054,0.982152,0.03946718088692419,0.8430730063326614,-0.10772800831798392
15,bpb_bew_Latn,False,1B,1,1.516584,0.1505017857152943,0.16625817020618688,1.4397673857985736,-0.050651077817929234,1.923727,0.2684605666418741,,
15,bpb_bew_Latn,False,1B,2,1.516584,0.1505017857152943,0.16625817020618688,1.4332567986138196,-0.05494400665322879,1.698862,0.12018984771038081,,
15,bpb_bew_Latn,False,1B,3,1.516584,0.1505017857152943,0.16625817020618688,1.4455809448742603,-0.046817753006585645,1.600897,0.05559401919049659,1.4708821148009419,-0.030134753629906454
15,bpb_bod_Tibt,False,1B,1,1.00697,0.23362475991719955,0.16544377859716938,1.0062506521021761,-0.0007143687476526576,1.342582,0.33328897583840633,,
15,bpb_bod_Tibt,False,1B,2,1.00697,0.23362475991719955,0.16544377859716938,1.002307894753871,-0.00462983529412879,1.187756,0.17953464353456422,,
15,bpb_bod_Tibt,False,1B,3,1.00697,0.23362475991719955,0.16544377859716938,0.9747908864139834,-0.03195637763390821,1.003311,-0.003633673297118938,0.9042823885446957,-0.10197683292978367
15,bpb_bos_Latn,False,1B,1,2.05137,0.16544377859716938,0.16625817020618688,2.037707404073544,-0.006660229956787805,2.7226569999999994,0.3272383821543649,,
15,bpb_bos_Latn,False,1B,2,2.05137,0.16544377859716938,0.16625817020618688,2.0180584031167634,-0.016238707246004614,2.379732,0.16006961201538497,,
15,bpb_bos_Latn,False,1B,3,2.05137,0.16544377859716938,0.16625817020618688,2.0264363692945055,-0.01215462383943139,2.224414,0.08435533326508625,2.0282545182514875,-0.011268314223427472
15,bpb_bul_Cyrl,False,1B,1,1.133696,0.16625817020618688,0.16544377859716938,1.1244668274310754,-0.008140782510412524,1.500311,0.3233803418200293,,
15,bpb_bul_Cyrl,False,1B,2,1.133696,0.16625817020618688,0.16544377859716938,1.1145292656256156,-0.01690641439537974,1.314218,0.15923316303488771,,
15,bpb_bul_Cyrl,False,1B,3,1.133696,0.16625817020618688,0.16544377859716938,1.1180155570025083,-0.013831258994908438,1.224233,0.07986003302472608,1.1170133559470834,-0.014715271159919979
15,bpb_cat_Latn,False,1B,1,1.616043,0.20162941546040805,0.16544377859716938,1.7239404836616528,0.06676646825712736,2.300154,0.42332475064091746,,
15,bpb_cat_Latn,False,1B,2,1.616043,0.20162941546040805,0.16544377859716938,1.6859776150902375,0.04327521921770496,1.961609,0.2138346566273299,,
15,bpb_cat_Latn,False,1B,3,1.616043,0.20162941546040805,0.16544377859716938,1.6744258125164095,0.03612701674176346,1.797205,0.11210221510194968,1.6090154641594092,-0.0043486069619376976
15,bpb_ces_Latn,False,1B,1,1.805621,0.21727174709677036,0.16544377859716938,1.943163813773281,0.0761747973540854,2.592651,0.435877739569932,,
15,bpb_ces_Latn,False,1B,2,1.805621,0.21727174709677036,0.16544377859716938,1.873671856371199,0.037688339009791655,2.149358,0.1903705151856342,,
15,bpb_ces_Latn,False,1B,3,1.805621,0.21727174709677036,0.16544377859716938,1.8586000258740398,0.029341166210428385,1.990097,0.10216761989365437,1.7554939609345142,-0.027761661536660112
15,bpb_ckb_Arab,False,1B,1,1.723261,0.08192134094607059,0.16625817020618688,1.4634707869961592,-0.1507550005506077,1.955398,0.13470797517033117,,
15,bpb_ckb_Arab,False,1B,2,1.723261,0.08192134094607059,0.16625817020618688,1.4842525561626374,-0.13869544070071946,1.792396,0.04011870517582663,,
15,bpb_ckb_Arab,False,1B,3,1.723261,0.08192134094607059,0.16625817020618688,1.5307033431495598,-0.11174027431157563,1.772318,0.028467539159767515,1.6796736640677492,-0.02529351963065997
15,bpb_cmn_Hani,True,1B,1,1.06078,0.19568176423413386,0.16544377859716938,1.0803421522594943,0.018441290615862103,1.441438,0.3588472633345273,,
15,bpb_cmn_Hani,True,1B,2,1.06078,0.19568176423413386,0.16544377859716938,1.0535136242654255,-0.006850030858966571,1.222222,0.15219178340466435,,
15,bpb_cmn_Hani,True,1B,3,1.06078,0.19568176423413386,0.16544377859716938,1.0501626407004943,-0.010009011575921304,1.135515,0.07045287430004335,1.0157698586392387,-0.04243117457037398
15,bpb_cym_Latn,False,1B,1,2.47863,0.11068362219896308,0.16625817020618688,2.255472439154665,-0.09003262320125822,3.013621,0.21584141239313662,,
15,bpb_cym_Latn,False,1B,2,2.47863,0.11068362219896308,0.16625817020618688,2.2772683581622206,-0.08123908846329597,2.737747,0.10454041143696327,,
15,bpb_cym_Latn,False,1B,3,2.47863,0.11068362219896308,0.16625817020618688,2.3236883563905995,-0.06251100148444926,2.63384,0.06261926951582136,2.4703373993417563,-0.0033456387836198038
15,bpb_dan_Latn,False,1B,1,1.765966,0.1841149070270583,0.16544377859716938,1.8292062358374983,0.03581056251224451,2.440604,0.38202207743523947,,
15,bpb_dan_Latn,False,1B,2,1.765966,0.1841149070270583,0.16544377859716938,1.8002270798614775,0.01940075848656063,2.107769,0.1935501589498325,,
15,bpb_dan_Latn,False,1B,3,1.765966,0.1841149070270583,0.16544377859716938,1.7969998739654423,0.017573313396431374,1.948467,0.10334343922816183,1.760429449887453,-0.0031351396983559333
15,bpb_dclm,True,1B,1,0.851484,0.15016318888354135,0.16625817020618688,0.8050616866031974,-0.054519302061815114,1.075673,0.2632920876963044,,
15,bpb_dclm,True,1B,2,0.851484,0.15016318888354135,0.16625817020618688,0.8001520832018064,-0.0602852394151782,0.946931,0.11209488375588965,,
15,bpb_dclm,True,1B,3,0.851484,0.15016318888354135,0.16625817020618688,0.807650873811503,-0.0514785083319205,0.895798,0.0520432562443921,0.8220931938977027,-0.034517156050257285
15,bpb_deu_Latn,True,1B,1,0.823745,0.2123729754670278,0.16544377859716938,0.8589715357115271,0.04276388410433705,1.146076,0.39129949195442787,,
15,bpb_deu_Latn,True,1B,2,0.823745,0.2123729754670278,0.16544377859716938,0.8317704803292275,0.009742675620765607,0.958207,0.16323255376360413,,
15,bpb_deu_Latn,True,1B,3,0.823745,0.2123729754670278,0.16544377859716938,0.8254526291593683,0.002073007009897961,0.884653,0.0739403577563446,0.7838778298477688,-0.04839746541979761
15,bpb_div_Thaa,False,1B,1,1.538724,0.14073366540201693,0.16625817020618688,1.7483277262469075,0.1362191830678585,2.336006,0.5181449044792957,,
15,bpb_div_Thaa,False,1B,2,1.538724,0.14073366540201693,0.16625817020618688,1.691160590102356,0.09906688275633324,1.947822,0.26586834286070793,,
15,bpb_div_Thaa,False,1B,3,1.538724,0.14073366540201693,0.16625817020618688,1.7322517159924307,0.12577155876715426,1.978552,0.2858394357922539,1.7816321135608364,0.15786334232834245
15,bpb_ekk_Latn,False,1B,1,2.579898,0.12870011831679629,0.16625817020618688,2.3797643004878752,-0.07757426825096371,3.179692,0.23248748593936666,,
15,bpb_ekk_Latn,False,1B,2,2.579898,0.12870011831679629,0.16625817020618688,2.3873650203543977,-0.07462813632384006,2.8517149999999996,0.10535959173579712,,
15,bpb_ekk_Latn,False,1B,3,2.579898,0.12870011831679629,0.16625817020618688,2.4232829221363272,-0.06070591855324233,2.718059,0.05355289240117236,2.5256092998237625,-0.021042963782381144
15,bpb_ell_Grek,False,1B,1,0.967894,0.217619604968493,0.16544377859716938,1.0330373945924909,0.06730426533534752,1.378322,0.4240423021529217,,
15,bpb_ell_Grek,False,1B,2,0.967894,0.217619604968493,0.16544377859716938,0.9882930036742684,0.021075658774895173,1.124829,0.1621406889597415,,
15,bpb_ell_Grek,False,1B,3,0.967894,0.217619604968493,0.16544377859716938,0.9832168305560058,0.015831103980400545,1.058961,0.09408778233980168,0.928317083893877,-0.040889721504754666
15,bpb_epo_Latn,False,1B,1,2.149946,0.1604566399985846,0.16625817020618688,2.0625880794362583,-0.04063261149988957,2.755901,0.28184661382192866,,
15,bpb_epo_Latn,False,1B,2,2.149946,0.1604566399985846,0.16625817020618688,2.0495913261374366,-0.046677764865984246,2.425071,0.1279683303673674,,
15,bpb_epo_Latn,False,1B,3,2.149946,0.1604566399985846,0.16625817020618688,2.0598098450219426,-0.04192484600918222,2.264806,0.05342459764105712,2.0730114323953224,-0.03578441858757268
15,bpb_eus_Latn,False,1B,1,2.423621,0.1378547918633668,0.16625817020618688,2.232634218462411,-0.0788022473553369,2.983106,0.23084673717549076,,
15,bpb_eus_Latn,False,1B,2,2.423621,0.1378547918633668,0.16625817020618688,2.2192042562239234,-0.08434352721653941,2.626512,0.08371399653658727,,
15,bpb_eus_Latn,False,1B,3,2.423621,0.1378547918633668,0.16625817020618688,2.251838010695765,-0.0708786519444397,2.524068,0.04144501141061264,2.3233839871221638,-0.04135836951315245
15,bpb_fas_Arab,True,1B,1,0.642315,0.21087090620428556,0.16544377859716938,0.6688096476833335,0.041248682785445676,0.892354,0.38927784653947056,,
15,bpb_fas_Arab,True,1B,2,0.642315,0.21087090620428556,0.16544377859716938,0.6481007418552431,0.009007639328434125,0.74716,0.16322987942053366,,
15,bpb_fas_Arab,True,1B,3,0.642315,0.21087090620428556,0.16544377859716938,0.6434115249520139,0.001707145173340114,0.690057,0.07432801662735583,0.6120169119725953,-0.047170139304554055
15,bpb_fil_Latn,False,1B,1,1.640008,0.19705683814121805,0.16544377859716938,1.6798915068949827,0.024319092891609533,2.241382,0.3666896746845139,,
15,bpb_fil_Latn,False,1B,2,1.640008,0.19705683814121805,0.16544377859716938,1.6411136865300793,0.0006741958149468564,1.907336,0.16300408290691265,,
15,bpb_fil_Latn,False,1B,3,1.640008,0.19705683814121805,0.16544377859716938,1.6337781498697288,-0.003798670573723487,1.761998,0.07438378349373909,1.5778808855843538,-0.037882202047579104
15,bpb_fin_Latn,False,1B,1,2.173259,0.16812379521259835,0.16544377859716938,2.1569346102638396,-0.007511479182260485,2.8778729999999997,0.3242199848246343,,
15,bpb_fin_Latn,False,1B,2,2.173259,0.16812379521259835,0.16544377859716938,2.1341066822753096,-0.018015486292563467,2.512039,0.15588569977163344,,
15,bpb_fin_Latn,False,1B,3,2.173259,0.16812379521259835,0.16544377859716938,2.1405386978969023,-0.01505586867607474,2.343368,0.0782736894221996,2.1342307468152746,-0.017958399429025832
15,bpb_fra_Latn,True,1B,1,0.743806,0.19736631077759018,0.16544377859716938,0.7561168901554735,0.016551211143058117,1.008843,0.35632543969798575,,
15,bpb_fra_Latn,True,1B,2,0.743806,0.19736631077759018,0.16544377859716938,0.7363162390884529,-0.010069508597063041,0.853043,0.14686221944969527,,
15,bpb_fra_Latn,True,1B,3,0.743806,0.19736631077759018,0.16544377859716938,0.7338406130702766,-0.013397830791528134,0.793195,0.06640037859334291,0.7084918690166901,-0.04747760973064189
15,bpb_gle_Latn,False,1B,1,2.101029,0.15789976414167026,0.16625817020618688,2.0532215275121706,-0.02275431347583944,2.743386,0.3057344758211334,,
15,bpb_gle_Latn,False,1B,2,2.101029,0.15789976414167026,0.16625817020618688,2.0373686927503325,-0.03029958522689003,2.407165,0.14570765087012125,,
15,bpb_gle_Latn,False,1B,3,2.101029,0.15789976414167026,0.16625817020618688,2.050930292237518,-0.023844843532612903,2.262547,0.07687566425784702,2.069894863849073,-0.014818518045646772
15,bpb_glg_Latn,False,1B,1,1.488485,0.15712904655934354,0.16625817020618688,1.4200538438344936,-0.045973695512891585,1.897387,0.27471019190653573,,
15,bpb_glg_Latn,False,1B,2,1.488485,0.15712904655934354,0.16625817020618688,1.4056092800932054,-0.05567790062163518,1.656635,0.11296721162793043,,
15,bpb_glg_Latn,False,1B,3,1.488485,0.15712904655934354,0.16625817020618688,1.4168060888885639,-0.04815561534811315,1.567062,0.052789917264869916,1.431121135543795,-0.03853842293083579
15,bpb_gmh_Latn,False,1B,1,1.732778,0.13164527317468042,0.16625817020618688,1.589683857980919,-0.08258077031165043,2.124036,0.22579811147186765,,
15,bpb_gmh_Latn,False,1B,2,1.732778,0.13164527317468042,0.16625817020618688,1.5906729567491755,-0.08200995352597067,1.895193,0.09373099150612484,,
15,bpb_gmh_Latn,False,1B,3,1.732778,0.13164527317468042,0.16625817020618688,1.6141779306509516,-0.0684450456717758,1.809575,0.044320161036208915,1.6768914042421803,-0.032252600020210104
15,bpb_guj_Gujr,False,1B,1,1.080514,0.24236807456657677,0.16544377859716938,1.1090011186653324,0.02636441421891098,1.479676,0.3694186285416015,,
15,bpb_guj_Gujr,False,1B,2,1.080514,0.24236807456657677,0.16544377859716938,1.0429358169203238,-0.034778062181217644,1.166848,0.07990086199716073,,
15,bpb_guj_Gujr,False,1B,3,1.080514,0.24236807456657677,0.16544377859716938,1.033484354740919,-0.04352525303613007,1.104333,0.0220441382527205,0.9495439045943027,-0.1212109194380612
15,bpb_heb_Hebr,False,1B,1,1.460781,0.1300381010758092,0.16625817020618688,1.3543465278438152,-0.07286134756420364,1.809593,0.23878459536371288,,
15,bpb_heb_Hebr,False,1B,2,1.460781,0.1300381010758092,0.16625817020618688,1.3532439417837414,-0.07361613973364843,1.609996,0.10214741292500372,,
15,bpb_heb_Hebr,False,1B,3,1.460781,0.1300381010758092,0.16625817020618688,1.3749643949449095,-0.0587470709538874,1.545277,0.05784303054325043,1.4309142593965143,-0.02044573457861638
15,bpb_hif_Latn,False,1B,1,1.772007,0.14492902822787418,0.16625817020618688,1.6652659071786622,-0.06023739907423499,2.225024,0.2556519246255798,,
15,bpb_hif_Latn,False,1B,2,1.772007,0.14492902822787418,0.16625817020618688,1.6645672702061758,-0.060631662173921616,1.981169,0.11803677976441393,,
15,bpb_hif_Latn,False,1B,3,1.772007,0.14492902822787418,0.16625817020618688,1.6802095487502307,-0.0518042260836269,1.863682,0.05173512294251656,1.7201410433766744,-0.029269611589189948
15,bpb_hin_Deva,False,1B,1,0.780847,0.16333254033070083,0.16625817020618688,0.7681807480722197,-0.016221169995889413,1.026395,0.3144636529307278,,
15,bpb_hin_Deva,False,1B,2,0.780847,0.16333254033070083,0.16625817020618688,0.7556958467931492,-0.032210091358295286,0.885183,0.13361900602806964,,
15,bpb_hin_Deva,False,1B,3,0.780847,0.16333254033070083,0.16625817020618688,0.7615167781913806,-0.024755453768304573,0.841838,0.078108771628757,0.7639741285381639,-0.02160842195953372
15,bpb_hrv_Latn,False,1B,1,2.0975,0.16458511440135212,0.16625817020618688,2.0867540079282167,-0.005123238174866934,2.78819,0.32929201430274135,,
15,bpb_hrv_Latn,False,1B,2,2.0975,0.16458511440135212,0.16625817020618688,2.066252132275193,-0.014897672336022474,2.436115,0.16143742550655535,,
15,bpb_hrv_Latn,False,1B,3,2.0975,0.16458511440135212,0.16625817020618688,2.0757472182253514,-0.01037081371854531,2.280557,0.08727389749702016,2.079575055481624,-0.008545861510548857
15,bpb_hun_Latn,False,1B,1,2.16919,0.18588047340141922,0.16544377859716938,2.1544867786753277,-0.006778208144363692,2.874607,0.3251983459263597,,
15,bpb_hun_Latn,False,1B,2,2.16919,0.18588047340141922,0.16544377859716938,2.112197373561021,-0.02627369038165355,2.463521,0.13568705369285314,,
15,bpb_hun_Latn,False,1B,3,2.16919,0.18588047340141922,0.16544377859716938,2.1099881748232825,-0.0272921344726453,2.291261,0.056274922897487104,2.0630332239425666,-0.04893844064255937
15,bpb_hye_Armn,False,1B,1,1.361522,0.2685721623926692,0.16544377859716938,1.4675589800977349,0.07788120948301606,1.958079,0.4381545065008131,,
15,bpb_hye_Armn,False,1B,2,1.361522,0.2685721623926692,0.16544377859716938,1.3750498988004514,0.009935865010224929,1.532754,0.12576513636944542,,
15,bpb_hye_Armn,False,1B,3,1.361522,0.2685721623926692,0.16544377859716938,1.3492396970995442,-0.00902100950293549,1.413624,0.038267468318543586,1.2043929740071673,-0.11540689463176698
15,bpb_ind_Latn,True,1B,1,0.825684,0.20399289769644452,0.16544377859716938,0.8495684447410883,0.02892685911448969,1.13353,0.3728375504430266,,
15,bpb_ind_Latn,True,1B,2,0.825684,0.20399289769644452,0.16544377859716938,0.8249615927239653,-0.0008749197950240959,0.953016,0.15421396078887323,,
15,bpb_ind_Latn,True,1B,3,0.825684,0.20399289769644452,0.16544377859716938,0.8207606846381773,-0.005962711354250133,0.884068,0.07070985994642018,0.7866481456069178,-0.04727699022032911
15,bpb_isl_Latn,False,1B,1,2.339114,0.12305591378395675,0.16625817020618688,2.1477993780990694,-0.08178935353340219,2.869755,0.2268555529999821,,
15,bpb_isl_Latn,False,1B,2,2.339114,0.12305591378395675,0.16625817020618688,2.1557467682316815,-0.07839174651954474,2.576346,0.10141959733471738,,
15,bpb_isl_Latn,False,1B,3,2.339114,0.12305591378395675,0.16625817020618688,2.193074215256548,-0.06243380388619453,2.470863,0.0563243176689978,2.299930444836106,-0.016751451688072464
15,bpb_ita_Latn,True,1B,1,0.85205,0.20650627075491715,0.16544377859716938,0.8789836457068797,0.031610405148617716,1.172777,0.3764180505838859,,
15,bpb_ita_Latn,True,1B,2,0.85205,0.20650627075491715,0.16544377859716938,0.852816459091477,0.0008995470823038434,0.984377,0.1553042661815621,,
15,bpb_ita_Latn,True,1B,3,0.85205,0.20650627075491715,0.16544377859716938,0.8478308985062645,-0.004951706465272578,0.911843,0.07017545918666743,0.8103473265643494,-0.04894392751088621
15,bpb_jpn_Jpan,True,1B,1,0.81571,0.1997314895166299,0.16544377859716938,0.8367596750388084,0.02580534140663764,1.11644,0.36867269004915965,,
15,bpb_jpn_Jpan,True,1B,2,0.81571,0.1997314895166299,0.16544377859716938,0.8149277681549895,-0.0009589582633663723,0.94421,0.1575314756469823,,
15,bpb_jpn_Jpan,True,1B,3,0.81571,0.1997314895166299,0.16544377859716938,0.8113292676474848,-0.005370453166585229,0.875098,0.0728052861923968,0.781266367772016,-0.042225340167441956
15,bpb_kan_Knda,False,1B,1,0.974365,0.2505706045043724,0.16544377859716938,1.078307289196786,0.10667695288396642,1.438723,0.4765750001282886,,
15,bpb_kan_Knda,False,1B,2,0.974365,0.2505706045043724,0.16544377859716938,1.012952092430688,0.03960229732255164,1.132052,0.16183565706896288,,
15,bpb_kan_Knda,False,1B,3,0.974365,0.2505706045043724,0.16544377859716938,1.0006634828901448,0.0269903813151589,1.062649,0.09060670282696927,0.9111216266342667,-0.06490727126460144
15,bpb_kat_Geor,False,1B,1,1.007894,0.2600425367951835,0.16544377859716938,1.0374593806219499,0.02933381945120201,1.384222,0.373380534064098,,
15,bpb_kat_Geor,False,1B,2,1.007894,0.2600425367951835,0.16544377859716938,0.9680267399105303,-0.0395550128182822,1.07457,0.06615378204454035,,
15,bpb_kat_Geor,False,1B,3,1.007894,0.2600425367951835,0.16544377859716938,0.9549067818645485,-0.05257221308535579,1.011141,0.003221568934828464,0.860437546473592,-0.14630154909782975
15,bpb_kaz_Cyrl,False,1B,1,1.289022,0.19207685395390903,0.16544377859716938,1.3144803166060772,0.019750102485510207,1.753835,0.3605935352538593,,
15,bpb_kaz_Cyrl,False,1B,2,1.289022,0.19207685395390903,0.16544377859716938,1.271146104781413,-0.01386779684022996,1.462406,0.13450817751752897,,
15,bpb_kaz_Cyrl,False,1B,3,1.289022,0.19207685395390903,0.16544377859716938,1.2732389436488163,-0.012244210223862432,1.390088,0.07840517849966883,1.23643904356348,-0.040792908450375476
15,bpb_khk_Cyrl,False,1B,1,1.574207,0.1360844596146407,0.16625817020618688,1.440642295842462,-0.08484570590623587,1.924896,0.2227718463963126,,
15,bpb_khk_Cyrl,False,1B,2,1.574207,0.1360844596146407,0.16625817020618688,1.4227810866623365,-0.09619186888234103,1.673102,0.06282210662257262,,
15,bpb_khk_Cyrl,False,1B,3,1.574207,0.1360844596146407,0.16625817020618688,1.4484520335020798,-0.07988464445776196,1.634257,0.038146190431118755,1.4973889400778342,-0.04879794075503776
15,bpb_khm_Khmr,False,1B,1,1.180427,0.20873354962728363,0.16544377859716938,1.2117553326742767,0.026539830649652048,1.616775,0.3696526765314587,,
15,bpb_khm_Khmr,False,1B,2,1.180427,0.20873354962728363,0.16544377859716938,1.1846628743863636,0.0035884255327637777,1.377862,0.167257272156601,,
15,bpb_khm_Khmr,False,1B,3,1.180427,0.20873354962728363,0.16544377859716938,1.1731086973827358,-0.0061997079169352045,1.251782,0.060448464835182576,1.1184975254713343,-0.052463620815743454
15,bpb_kir_Cyrl,False,1B,1,1.509572,0.11640433205928498,0.16625817020618688,1.3597067551614592,-0.09927664585626966,1.816755,0.20349012832776442,,
15,bpb_kir_Cyrl,False,1B,2,1.509572,0.11640433205928498,0.16625817020618688,1.3590876281750794,-0.09968677997798082,1.617529,0.07151497245576897,,
15,bpb_kir_Cyrl,False,1B,3,1.509572,0.11640433205928498,0.16625817020618688,1.3888416796444032,-0.0799765233825195,1.578874,0.045908376678952846,1.467219929372384,-0.02805568109875907
15,bpb_kmr_Latn,False,1B,1,2.573657,0.09954395840947244,0.16625817020618688,2.251000593549676,-0.12536884536296947,3.0076460000000003,0.16862736565128936,,
15,bpb_kmr_Latn,False,1B,2,2.573657,0.09954395840947244,0.16625817020618688,2.2793192374528872,-0.1143655749570019,2.748129,0.0677914733781542,,
15,bpb_kmr_Latn,False,1B,3,2.573657,0.09954395840947244,0.16625817020618688,2.3343329038965557,-0.09298989574113574,2.665399,0.03564655274576216,2.5122838134956194,-0.023846684505503455
15,bpb_kor_Hang,False,1B,1,1.472307,0.20825521561799826,0.16544377859716938,1.5486881834443103,0.05187857114332148,2.066325,0.40346069128245665,,
15,bpb_kor_Hang,False,1B,2,1.472307,0.20825521561799826,0.16544377859716938,1.489793093764498,0.011876662791454537,1.704979,0.15803225821788525,,
15,bpb_kor_Hang,False,1B,3,1.472307,0.20825521561799826,0.16544377859716938,1.4849280767024522,0.008572313180914145,1.605343,0.09035887216456889,1.4165468866283168,-0.037872613097460775
15,bpb_lao_Laoo,False,1B,1,1.401291,0.1357731266737066,0.16625817020618688,1.33551837388822,-0.046937164451766364,1.784436,0.2734228650580071,,
15,bpb_lao_Laoo,False,1B,2,1.401291,0.1357731266737066,0.16625817020618688,1.3213413633968918,-0.0570542710993707,1.55662,0.11084706888148131,,
15,bpb_lao_Laoo,False,1B,3,1.401291,0.1357731266737066,0.16625817020618688,1.3444132692340531,-0.040589521210046255,1.515139,0.08124508042940398,1.390311732596072,-0.007835108770361018
15,bpb_lat_Latn,False,1B,1,1.44053,0.1983711507058308,0.16544377859716938,1.4506684924435174,0.007038029366634,1.935543,0.34363255190797826,,
15,bpb_lat_Latn,False,1B,2,1.44053,0.1983711507058308,0.16544377859716938,1.4077639070353274,-0.02274585948551762,1.625259,0.1282368295002533,,
15,bpb_lat_Latn,False,1B,3,1.44053,0.1983711507058308,0.16544377859716938,1.4043378883279176,-0.025124163795327045,1.520753,0.05568991968233909,1.3543289997097012,-0.059839781393167
15,bpb_lit_Latn,False,1B,1,2.398231,0.13234777803956355,0.16625817020618688,2.2514316869502564,-0.06121149841268151,3.0082220000000004,0.25435039410298693,,
15,bpb_lit_Latn,False,1B,2,2.398231,0.13234777803956355,0.16625817020618688,2.260497135681433,-0.0574314418913636,2.702412,0.12683557171932136,,
15,bpb_lit_Latn,False,1B,3,2.398231,0.13234777803956355,0.16625817020618688,2.290159631535709,-0.04506295201099931,2.559019,0.0670444173226016,2.377296315007819,-0.00872921957567107
15,bpb_ltz_Latn,False,1B,1,2.257999,0.09229132161155602,0.16625817020618688,1.9677939337230288,-0.1285231155004812,2.629243,0.16441282746360844,,
15,bpb_ltz_Latn,False,1B,2,2.257999,0.09229132161155602,0.16625817020618688,2.003802936342035,-0.11257580878377936,2.429589,0.07599206199825605,,
15,bpb_ltz_Latn,False,1B,3,2.257999,0.09229132161155602,0.16625817020618688,2.05405679452572,-0.09031988299121474,2.349695,0.04060940682436096,2.2283679932444254,-0.01312268373704971
15,bpb_lvs_Latn,False,1B,1,2.365403,0.13012639111697355,0.16625817020618688,2.2337194362242907,-0.05567066744047819,2.984556,0.2617537053939645,,
15,bpb_lvs_Latn,False,1B,2,2.365403,0.13012639111697355,0.16625817020618688,2.2499416671034136,-0.04881254183603663,2.698462,0.14080433651263652,,
15,bpb_lvs_Latn,False,1B,3,2.365403,0.13012639111697355,0.16625817020618688,2.2787767691871266,-0.03662218692242868,2.544761,0.0758255569981097,2.3712738845563486,0.002481980684199873
15,bpb_mal_Mlym,False,1B,1,0.921647,0.2643895963489166,0.16544377859716938,0.9849644105390138,0.06870028388202191,1.314181,0.4259049288936003,,
15,bpb_mal_Mlym,False,1B,2,0.921647,0.2643895963489166,0.16544377859716938,0.9455302494199712,0.025913662627851247,1.079845,0.17164706227004478,,
15,bpb_mal_Mlym,False,1B,3,0.921647,0.2643895963489166,0.16544377859716938,0.9206761472400214,-0.0010533889438999384,0.94989,0.030644053525916124,0.8256315806873753,-0.10417808479019049
15,bpb_mar_Deva,False,1B,1,0.982166,0.15337731693481207,0.16625817020618688,0.8971577564325817,-0.08655180852057424,1.198726,0.2204922589460437,,
15,bpb_mar_Deva,False,1B,2,0.982166,0.15337731693481207,0.16625817020618688,0.8881217917349954,-0.09575184669903519,1.046836,0.0658442666514623,,
15,bpb_mar_Deva,False,1B,3,0.982166,0.15337731693481207,0.16625817020618688,0.8966090280039273,-0.08711050066493109,0.994829,0.012892932559261857,0.9094175773050887,-0.0740693759455238
15,bpb_mkd_Cyrl,False,1B,1,1.227783,0.15392767948388755,0.16625817020618688,1.18463568368478,-0.035142461098760985,1.582836,0.2891822089082516,,
15,bpb_mkd_Cyrl,False,1B,2,1.227783,0.15392767948388755,0.16625817020618688,1.1696390659884943,-0.047356848898792166,1.375059,0.11995279296097108,,
15,bpb_mkd_Cyrl,False,1B,3,1.227783,0.15392767948388755,0.16625817020618688,1.1817464558792028,-0.037495668306856564,1.313268,0.06962549571056126,1.1979021255106534,-0.024337260321528005
15,bpb_mlt_Latn,False,1B,1,2.51576,0.0887076447671036,0.16625817020618688,2.193883711676831,-0.12794395662669308,2.93133,0.1651866632747161,,
15,bpb_mlt_Latn,False,1B,2,2.51576,0.0887076447671036,0.16625817020618688,2.235855738160246,-0.11126031968063488,2.713166,0.07846773937100517,,
15,bpb_mlt_Latn,False,1B,3,2.51576,0.0887076447671036,0.16625817020618688,2.2947368641350727,-0.08785541381726694,2.631451,0.04598650109708397,2.4993164143735287,-0.00653622985756651
15,bpb_mya_Mymr,False,1B,1,1.08345,0.31508492825487333,0.16544377859716938,1.2369861356735479,0.14171040257838188,1.650439,0.5233181042041626,,
15,bpb_mya_Mymr,False,1B,2,1.08345,0.31508492825487333,0.16544377859716938,1.124201514909016,0.03761273239098811,1.215499,0.12187825926438699,,
15,bpb_mya_Mymr,False,1B,3,1.08345,0.31508492825487333,0.16544377859716938,1.0941957587840312,0.009918093852075469,1.127977,0.04109742027781622,0.9279605498122511,-0.14351326797521707
15,bpb_nld_Latn,True,1B,1,0.881256,0.23618110677779194,0.16544377859716938,0.9543470289645356,0.08293961001631259,1.27333,0.4449036375355175,,
15,bpb_nld_Latn,True,1B,2,0.881256,0.23618110677779194,0.16544377859716938,0.9147465727821052,0.03800322809955928,1.043101,0.1836526503081965,,
15,bpb_nld_Latn,True,1B,3,0.881256,0.23618110677779194,0.16544377859716938,0.9021290114537116,0.02368552549283246,0.95479,0.08344226876185806,0.8345237394072963,-0.05302915451662598
15,bpb_nno_Latn,False,1B,1,2.144237,0.1281744565085085,0.16625817020618688,1.9911560526451533,-0.07139180387002309,2.660458,0.24074810760191168,,
15,bpb_nno_Latn,False,1B,2,2.144237,0.1281744565085085,0.16625817020618688,2.0017711446737763,-0.06644128206267483,2.396216,0.11751452847796207,,
15,bpb_nno_Latn,False,1B,3,2.144237,0.1281744565085085,0.16625817020618688,2.030656026123297,-0.05297034510490355,2.274911,0.06094195744220436,2.1176286650920897,-0.012409232238745184
15,bpb_nob_Latn,False,1B,1,1.836779,0.17258525040082015,0.16544377859716938,1.8676018158888776,0.016780906080087858,2.491833,0.35663190835696634,,
15,bpb_nob_Latn,False,1B,2,1.836779,0.17258525040082015,0.16544377859716938,1.8464557529924792,0.005268327323254064,2.171824,0.18240898877872627,,
15,bpb_nob_Latn,False,1B,3,1.836779,0.17258525040082015,0.16544377859716938,1.849005110646672,0.006656277454539777,2.017623,0.0984571361061946,1.8345211376862496,-0.0012292509407775016
15,bpb_npi_Deva,False,1B,1,0.880122,0.1541340084108123,0.16625817020618688,0.8353579728107136,-0.05086116150861631,1.116153,0.26817986597312643,,
15,bpb_npi_Deva,False,1B,2,0.880122,0.1541340084108123,0.16625817020618688,0.8281763205914272,-0.05902099868946891,0.977632,0.11079145845689574,,
15,bpb_npi_Deva,False,1B,3,0.880122,0.1541340084108123,0.16625817020618688,0.8353313999996379,-0.050891353699103144,0.925156,0.051167906267540204,0.8465588563589852,-0.0381346491066179
15,bpb_nrm_Latn,False,1B,1,1.249805,0.1523622576433135,0.16625817020618688,1.194807542030787,-0.04400483112902649,1.596427,0.27734086517496725,,
15,bpb_nrm_Latn,False,1B,2,1.249805,0.1523622576433135,0.16625817020618688,1.1886062083247675,-0.04896667214104005,1.407928,0.12651813682934537,,
15,bpb_nrm_Latn,False,1B,3,1.249805,0.1523622576433135,0.16625817020618688,1.1981810078405937,-0.04130563740696059,1.325487,0.06055504658726763,1.2166568834225857,-0.026522630792335078
15,bpb_ory_Orya,False,1B,1,1.392229,0.07974514148894575,0.16625817020618688,1.2802164251688628,-0.08045556789230589,1.710545,0.22863767383095746,,
15,bpb_ory_Orya,False,1B,2,1.392229,0.07974514148894575,0.16625817020618688,1.2652609677573676,-0.09119766377703116,1.488947,0.0694698932431375,,
15,bpb_ory_Orya,False,1B,3,1.392229,0.07974514148894575,0.16625817020618688,1.3193629496950103,-0.05233769035481204,1.561769,0.12177594346907013,1.4512389577811444,0.04238523819080373
15,bpb_pan_Guru,False,1B,1,1.118459,0.18537698801659597,0.16544377859716938,1.0827457639877103,-0.031930751160560926,1.444645,0.2916387636918294,,
15,bpb_pan_Guru,False,1B,2,1.118459,0.18537698801659597,0.16544377859716938,1.04697065605808,-0.06391682121733568,1.204408,0.0768459103105253,,
15,bpb_pan_Guru,False,1B,3,1.118459,0.18537698801659597,0.16544377859716938,1.0517574219177845,-0.059637034600477576,1.154998,0.032669056264020294,1.0289222926708652,-0.0800536339098124
15,bpb_pbt_Arab,False,1B,1,1.773313,0.03763937294287882,0.16625817020618688,1.5242781576854394,-0.14043479200488607,2.036645,0.1484971914151648,,
15,bpb_pbt_Arab,False,1B,2,1.773313,0.03763937294287882,0.16625817020618688,1.480035579574158,-0.1653839003186927,1.711128,-0.03506713140883755,,
15,bpb_pbt_Arab,False,1B,3,1.773313,0.03763937294287882,0.16625817020618688,1.582499425436631,-0.10760287358372099,1.969566,0.1106702539258439,1.8232876318180757,0.02818150648987281
15,bpb_plt_Latn,False,1B,1,2.253584,0.09864318136100085,0.16625817020618688,1.9751906283027936,-0.1235336121028577,2.639126,0.17107948938224626,,
15,bpb_plt_Latn,False,1B,2,2.253584,0.09864318136100085,0.16625817020618688,2.013959471040731,-0.10633041810701038,2.44509,0.08497841660217678,,
15,bpb_plt_Latn,False,1B,3,2.253584,0.09864318136100085,0.16625817020618688,2.057775877678804,-0.08688743012073027,2.338713,0.03777493982917867,2.216842172827099,-0.016303730933881752
15,bpb_pol_Latn,True,1B,1,0.888188,0.25806457594520005,0.16544377859716938,0.9900834214849803,0.11472280810479349,1.321011,0.48731011902885424,,
15,bpb_pol_Latn,True,1B,2,0.888188,0.25806457594520005,0.16544377859716938,0.9390919552572509,0.05731214028702357,1.059682,0.19308299594230055,,
15,bpb_pol_Latn,True,1B,3,0.888188,0.25806457594520005,0.16544377859716938,0.9212242037910926,0.03719505756787147,0.96468,0.08612140672920598,0.8318972147804122,-0.06337710622029091
15,bpb_por_Latn,True,1B,1,0.796453,0.2027856037915445,0.16544377859716938,0.8161307354668045,0.02470671272103252,1.088916,0.3672068533862011,,
15,bpb_por_Latn,True,1B,2,0.796453,0.2027856037915445,0.16544377859716938,0.7929243107966877,-0.004430505256822794,0.916505,0.1507333138301947,,
15,bpb_por_Latn,True,1B,3,0.796453,0.2027856037915445,0.16544377859716938,0.789128678647291,-0.009196175232824781,0.850518,0.06788222280536332,0.7573370268656013,-0.049112719940032405
15,bpb_ron_Latn,False,1B,1,1.715159,0.18803018062720825,0.16544377859716938,1.7951891714444392,0.04666049704105516,2.395217,0.3964985170471076,,
15,bpb_ron_Latn,False,1B,2,1.715159,0.18803018062720825,0.16544377859716938,1.7691082303274577,0.03145436098196002,2.0741,0.20927564150029235,,
15,bpb_ron_Latn,False,1B,3,1.715159,0.18803018062720825,0.16544377859716938,1.7620400581471982,0.027333359850135245,1.902138,0.10901554899574908,1.7187546492122199,0.002096394102365889
15,bpb_rus_Cyrl,True,1B,1,0.519858,0.20626956010480277,0.16544377859716938,0.5363809094600906,0.031783505226601505,0.715662,0.37664900799833795,,
15,bpb_rus_Cyrl,True,1B,2,0.519858,0.20626956010480277,0.16544377859716938,0.5203102974344642,0.0008700403465257382,0.600458,0.15504233848474006,,
15,bpb_rus_Cyrl,True,1B,3,0.519858,0.20626956010480277,0.16544377859716938,0.5173612589227796,-0.004802736665051651,0.556622,0.07071931181207157,0.4946170406184666,-0.04855356536118213
15,bpb_sin_Sinh,False,1B,1,1.229227,0.15279407143721516,0.16625817020618688,1.1448456131259221,-0.06864589443127911,1.529671,0.2444170198018754,,
15,bpb_sin_Sinh,False,1B,2,1.229227,0.15279407143721516,0.16625817020618688,1.134865582884983,-0.07676484255147105,1.339505,0.08971329136115613,,
15,bpb_sin_Sinh,False,1B,3,1.229227,0.15279407143721516,0.16625817020618688,1.1453856832466833,-0.06820653691573382,1.270137,0.03328107827114113,1.162494542275601,-0.05428814834395849
15,bpb_slk_Latn,False,1B,1,2.214803,0.17443242749334725,0.16544377859716938,2.1987830868639846,-0.007233109733017001,2.933709,0.32459139706782053,,
15,bpb_slk_Latn,False,1B,2,2.214803,0.17443242749334725,0.16544377859716938,2.1690038107072036,-0.02067867403683138,2.545478,0.14930221784962378,,
15,bpb_slk_Latn,False,1B,3,2.214803,0.17443242749334725,0.16544377859716938,2.172181650001687,-0.019243855999072162,2.370671,0.07037555936126164,2.1507866951038177,-0.028903836998677605
15,bpb_slv_Latn,False,1B,1,2.315448,0.14321433766473177,0.16625817020618688,2.1897030038024434,-0.054306983442321544,2.9257439999999995,0.26357577453693604,,
15,bpb_slv_Latn,False,1B,2,2.315448,0.14321433766473177,0.16625817020618688,2.1887060014610467,-0.054737570672696294,2.604906,0.12501166081034867,,
15,bpb_slv_Latn,False,1B,3,2.315448,0.14321433766473177,0.16625817020618688,2.210937349316212,-0.04513625470482951,2.456058,0.06072690900421868,2.2677600108748943,-0.020595577670112063
15,bpb_snd_Arab,False,1B,1,1.780387,0.12476922562199215,0.16625817020618688,1.5667685494062717,-0.11998427903243969,2.093418,0.17582188591581485,,
15,bpb_snd_Arab,False,1B,2,1.780387,0.12476922562199215,0.16625817020618688,1.5666759265974364,-0.12003630300747173,1.865331,0.04771097519808903,,
15,bpb_snd_Arab,False,1B,3,1.780387,0.12476922562199215,0.16625817020618688,1.59496803292086,-0.10414531620324119,1.799624,0.010804954203777015,1.6695290081418641,-0.06226623304828435
15,bpb_som_Latn,False,1B,1,2.490186,0.08965282657204907,0.16625817020618688,2.188294465990128,-0.12123252400016393,2.923862,0.17415405917469626,,
15,bpb_som_Latn,False,1B,2,2.490186,0.08965282657204907,0.16625817020618688,2.225480986583173,-0.10629929387476555,2.694911,0.08221273430980651,,
15,bpb_som_Latn,False,1B,3,2.490186,0.08965282657204907,0.16625817020618688,2.2850362312975525,-0.0823833114082432,2.622501,0.0531345851273761,2.486161911362636,-0.0016159791426680259
15,bpb_spa_Latn,True,1B,1,0.73143,0.19951905167378933,0.16544377859716938,0.7463690341725678,0.0204244208913605,0.995837,0.36149323927101695,,
15,bpb_spa_Latn,True,1B,2,0.73143,0.19951905167378933,0.16544377859716938,0.7258867001620355,-0.007578715445038531,0.839876,0.14826572604350371,,
15,bpb_spa_Latn,True,1B,3,0.73143,0.19951905167378933,0.16544377859716938,0.7231404571146034,-0.01133333727820383,0.780969,0.06772896927935687,0.6965082156338124,-0.04774453381210457
15,bpb_srp_Cyrl,False,1B,1,1.323309,0.14665728925306537,0.16625817020618688,1.2646237169957557,-0.04434737691970988,1.689711,0.27688317694506714,,
15,bpb_srp_Cyrl,False,1B,2,1.323309,0.14665728925306537,0.16625817020618688,1.2597180641486696,-0.04805448753944125,1.494128,0.12908474135670492,,
15,bpb_srp_Cyrl,False,1B,3,1.323309,0.14665728925306537,0.16625817020618688,1.2723346795108739,-0.0385203459578422,1.412998,0.0677763092369204,1.3000960477962373,-0.017541596258895495
15,bpb_srp_Latn,False,1B,1,2.311497,0.14125362629380425,0.16625817020618688,2.1989198705179946,-0.04870312593181193,2.938059,0.2710632979406851,,
15,bpb_srp_Latn,False,1B,2,2.311497,0.14125362629380425,0.16625817020618688,2.1989105289893818,-0.04870716726459881,2.618232,0.13269971797497454,,
15,bpb_srp_Latn,False,1B,3,2.311497,0.14125362629380425,0.16625817020618688,2.222730155440532,-0.03840231873953038,2.47246,0.06963582474906943,2.2847837614767044,-0.011556683189853055
15,bpb_swe_Latn,False,1B,1,1.720265,0.1904919508894071,0.16544377859716938,1.7959978702454196,0.044023955754153944,2.396296,0.39298073261968364,,
15,bpb_swe_Latn,False,1B,2,1.720265,0.1904919508894071,0.16544377859716938,1.76590443100632,0.02653046536802189,2.065664,0.20078243758955744,,
15,bpb_swe_Latn,False,1B,3,1.720265,0.1904919508894071,0.16544377859716938,1.7585413690810823,0.02225027485944453,1.897697,0.1031422484326543,1.7106980578016573,-0.005561318865606545
15,bpb_swh_Latn,False,1B,1,2.245097,0.10158244147904788,0.16625817020618688,2.0157493324074793,-0.10215490359326149,2.693318,0.19964438062141646,,
15,bpb_swh_Latn,False,1B,2,2.245097,0.10158244147904788,0.16625817020618688,2.047240944405759,-0.08812806555540408,2.475733,0.10272874624125375,,
15,bpb_swh_Latn,False,1B,3,2.245097,0.10158244147904788,0.16625817020618688,2.092354617799523,-0.06803375631452761,2.379316,0.059783163043735,2.246809754856673,0.0007628867958369302
15,bpb_tam_Taml,False,1B,1,0.766831,0.20981630294104908,0.16544377859716938,0.7652494155400421,-0.002062494160979316,1.021028,0.331490250133341,,
15,bpb_tam_Taml,False,1B,2,0.766831,0.20981630294104908,0.16544377859716938,0.730400663108524,-0.04750764756703369,0.829374,0.08156034380456698,,
15,bpb_tam_Taml,False,1B,3,0.766831,0.20981630294104908,0.16544377859716938,0.729760985811546,-0.048341830453455865,0.792726,0.03376884867721832,0.6949596510198269,-0.09372514801849835
15,bpb_tat_Cyrl,False,1B,1,1.499078,0.17262713813844732,0.16544377859716938,1.4363360112839683,-0.041853718563031175,1.91642,0.27839912266072886,,
15,bpb_tat_Cyrl,False,1B,2,1.499078,0.17262713813844732,0.16544377859716938,1.4074750096051403,-0.06110622021993495,1.640803,0.09454144480807544,,
15,bpb_tat_Cyrl,False,1B,3,1.499078,0.17262713813844732,0.16544377859716938,1.4143164771815468,-0.0565424366300173,1.554039,0.03666320231502299,1.4031728629288909,-0.06397608201248303
15,bpb_tel_Telu,False,1B,1,1.000619,0.24675662216261354,0.16544377859716938,1.0556150059740868,0.05496198450567782,1.408446,0.4075747112537341,,
15,bpb_tel_Telu,False,1B,2,1.000619,0.24675662216261354,0.16544377859716938,0.9872379378712216,-0.013372784375250042,1.098422,0.09774249739411314,,
15,bpb_tel_Telu,False,1B,3,1.000619,0.24675662216261354,0.16544377859716938,0.9785656018346566,-0.022039755556653783,1.046236,0.045588780544842764,0.8947511744990188,-0.10580233385632412
15,bpb_tgk_Cyrl,False,1B,1,1.56038,0.10108122308270497,0.16625817020618688,1.3581777207562724,-0.12958528002392217,1.814712,0.16299362975685408,,
15,bpb_tgk_Cyrl,False,1B,2,1.56038,0.10108122308270497,0.16625817020618688,1.3809021015266874,-0.11502191675957955,1.671751,0.0713742806239505,,
15,bpb_tgk_Cyrl,False,1B,3,1.56038,0.10108122308270497,0.16625817020618688,1.4110342575300023,-0.09571113605019146,1.603877,0.027875902023865914,1.51603166793977,-0.028421494802695516
15,bpb_tha_Thai,False,1B,1,0.867974,0.18745523828932417,0.16544377859716938,0.867915189828397,-6.775568346866359e-05,1.158009,0.33415171422185463,,
15,bpb_tha_Thai,False,1B,2,0.867974,0.18745523828932417,0.16544377859716938,0.8419174806816097,-0.03001993068731364,0.971612,0.11940219407493774,,
15,bpb_tha_Thai,False,1B,3,0.867974,0.18745523828932417,0.16544377859716938,0.8439564347028377,-0.027670834952616515,0.922836,0.0632069624205333,0.8237455890451366,-0.050955916830300686
15,bpb_tur_Latn,False,1B,1,1.774871,0.19233177377320643,0.16544377859716938,1.8078113183464923,0.01855927464389933,2.412058,0.35900468259383356,,
15,bpb_tur_Latn,False,1B,2,1.774871,0.19233177377320643,0.16544377859716938,1.7603024298023706,-0.00820824172440108,2.039166,0.14890941369823482,,
15,bpb_tur_Latn,False,1B,3,1.774871,0.19233177377320643,0.16544377859716938,1.7582587257536253,-0.009359707971100317,1.908874,0.07550013493938425,1.7069612549527027,-0.0382617920104038
15,bpb_uig_Arab,False,1B,1,1.867977,0.065418800138611,0.16625817020618688,1.5654782629086985,-0.16193921932191965,2.091694,0.11976432257998891,,
15,bpb_uig_Arab,False,1B,2,1.867977,0.065418800138611,0.16625817020618688,1.5988213239171447,-0.14408939514932748,1.944264,0.040839367936543115,,
15,bpb_uig_Arab,False,1B,3,1.867977,0.065418800138611,0.16625817020618688,1.6560955147468,-0.11342831590174829,1.934374,0.0355448701991513,1.8505957602581142,-0.00930484676304139
15,bpb_ukr_Cyrl,False,1B,1,0.859702,0.26085902185115584,0.16544377859716938,1.00252119405428,0.16612639502325227,1.337606,0.5558949496453424,,
15,bpb_ukr_Cyrl,False,1B,2,0.859702,0.26085902185115584,0.16544377859716938,0.9599595509095946,0.11661895739406754,1.093562,0.272024492207765,,
15,bpb_ukr_Cyrl,False,1B,3,0.859702,0.26085902185115584,0.16544377859716938,0.9370736419539274,0.08999821095440912,0.97167,0.1302404786774953,0.8436097989988817,-0.01871834775435942
15,bpb_urd_Arab,False,1B,1,1.290377,0.13228179149896538,0.16625817020618688,1.19968353769882,-0.07028446903593301,1.602942,0.2422276590484796,,
15,bpb_urd_Arab,False,1B,2,1.290377,0.13228179149896538,0.16625817020618688,1.19581259904996,-0.07328431997008637,1.41926,0.09988011255625283,,
15,bpb_urd_Arab,False,1B,3,1.290377,0.13228179149896538,0.16625817020618688,1.2149811875312961,-0.05842929040792262,1.365421,0.058156647243402415,1.2613008064974356,-0.02253309963101056
15,bpb_uzn_Cyrl,False,1B,1,1.560637,0.09824756556693605,0.16625817020618688,1.3544677728627288,-0.13210581777650487,1.809755,0.15962584508761482,,
15,bpb_uzn_Cyrl,False,1B,2,1.560637,0.09824756556693605,0.16625817020618688,1.3710335549907242,-0.12149106102782123,1.652456,0.05883430932369274,,
15,bpb_uzn_Cyrl,False,1B,3,1.560637,0.09824756556693605,0.16625817020618688,1.4050993675844963,-0.09966291483253555,1.606605,0.02945463935559647,1.5143732984290026,-0.02964411427577166
15,bpb_uzn_Latn,False,1B,1,2.570294,0.10882012779907302,0.16625817020618688,2.2719722396914945,-0.11606522845577413,3.035667,0.18105827582369954,,
15,bpb_uzn_Latn,False,1B,2,2.570294,0.10882012779907302,0.16625817020618688,2.3015857766046133,-0.1045437694658225,2.776219,0.08011729397493055,,
15,bpb_uzn_Latn,False,1B,3,2.570294,0.10882012779907302,0.16625817020618688,2.347323957443623,-0.08674884762458193,2.657963,0.0341085494499851,2.5005908315846166,-0.02711875311360626
15,bpb_vie_Latn,True,1B,1,0.787394,0.20515738775491632,0.16544377859716938,0.8146227632818431,0.034580862035833514,1.086904,0.3803813592686762,,
15,bpb_vie_Latn,True,1B,2,0.787394,0.20515738775491632,0.16544377859716938,0.7912876523066164,0.004944986000168039,0.914415,0.1613182218812944,,
15,bpb_vie_Latn,True,1B,3,0.787394,0.20515738775491632,0.16544377859716938,0.7867623306880565,-0.0008022277435992443,0.84638,0.07491294066248914,0.753096487175803,-0.04355826031719446
15,bpb_zsm_Latn,False,1B,1,1.189304,0.16049641553263622,0.16625817020618688,1.1527078287042307,-0.030771082326948536,1.540176,0.2950229714185777,,
15,bpb_zsm_Latn,False,1B,2,1.189304,0.16049641553263622,0.16625817020618688,1.1433681546531531,-0.0386241409655116,1.350378,0.13543551522571198,,
15,bpb_zsm_Latn,False,1B,3,1.189304,0.16049641553263622,0.16625817020618688,1.1498650217233712,-0.033161393787146665,1.266055,0.06453438313501007,1.1571839682055995,-0.027007419292628607
30,bpb_afr_Latn,False,1.7B,1,1.363923,0.18461416266950004,0.16027658835337388,1.4916747016643301,0.09366489286002959,2.147499,0.5745016397553233,,
30,bpb_afr_Latn,False,1.7B,2,1.363923,0.18461416266950004,0.16027658835337388,1.4679109899104859,0.07624183323434378,1.860956,0.36441426678778793,,
30,bpb_afr_Latn,False,1.7B,3,1.363923,0.18461416266950004,0.16027658835337388,1.4611180814275662,0.07126141389768056,1.710603,0.25417857166423624,1.4018994904332716,0.027843573598562057
30,bpb_afr_Latn,False,1.7B,4,1.363923,0.18461416266950004,0.16027658835337388,1.4517019093953591,0.06435767224055841,1.550206,0.1365788244644309,1.4045569119470689,0.02979193982876518
30,bpb_als_Latn,False,1.7B,1,2.249466,0.1045481250877345,0.16129615847921033,1.9976077485908135,-0.11196357331437172,2.882543,0.2814343493077913,,
30,bpb_als_Latn,False,1.7B,2,2.249466,0.1045481250877345,0.16129615847921033,2.0047231712870217,-0.10880041250366898,2.596027,0.15406367555677655,,
30,bpb_als_Latn,False,1.7B,3,2.249466,0.1045481250877345,0.16129615847921033,2.039988470110562,-0.09312322564085779,2.498781,0.11083297102512338,2.190797229197208,-0.026081199183624806
30,bpb_als_Latn,False,1.7B,4,2.249466,0.1045481250877345,0.16129615847921033,2.0783603313469943,-0.07606501660972236,2.394257,0.06436683195033849,2.2446729538863193,-0.0021307484148152048
30,bpb_amh_Ethi,False,1.7B,1,1.518529,0.10840506286473224,0.16129615847921033,1.3547403868110377,-0.10786004955385266,1.954887,0.28735572386171093,,
30,bpb_amh_Ethi,False,1.7B,2,1.518529,0.10840506286473224,0.16129615847921033,1.3668112868645295,-0.09991097511833529,1.779392,0.1717866435214606,,
30,bpb_amh_Ethi,False,1.7B,3,1.518529,0.10840506286473224,0.16129615847921033,1.3857019961663959,-0.08747083778683458,1.684792,0.10948951254799878,1.4789726229804967,-0.026049141649256168
30,bpb_amh_Ethi,False,1.7B,4,1.518529,0.10840506286473224,0.16129615847921033,1.4102459619685845,-0.07130784992016319,1.619349,0.06639320026156886,1.5151472382646858,-0.0022269984539737054
30,bpb_arb_Arab,True,1.7B,1,0.701246,0.17544842931706153,0.16027658835337388,0.7154679511403298,0.020280972925806006,1.030028,0.46885401128847776,,
30,bpb_arb_Arab,True,1.7B,2,0.701246,0.17544842931706153,0.16027658835337388,0.6969575922079232,-0.006115411413508016,0.874648,0.24727698981527158,,
30,bpb_arb_Arab,True,1.7B,3,0.701246,0.17544842931706153,0.16027658835337388,0.692951721180515,-0.011827916051549783,0.809448,0.15429963236866934,0.6521480257151462,-0.07001533596605734
30,bpb_arb_Arab,True,1.7B,4,0.701246,0.17544842931706153,0.16027658835337388,0.6935818401444032,-0.010929345558615485,0.757212,0.07980936789657261,0.6794530576387037,-0.03107745692851918
30,bpb_ars_Arab,False,1.7B,1,1.147326,0.10819071629243525,0.16129615847921033,1.0236081444629068,-0.10783147556761831,1.477064,0.2873969560525952,,
30,bpb_ars_Arab,False,1.7B,2,1.147326,0.10819071629243525,0.16129615847921033,1.0315195023969879,-0.10093600040704404,1.341318,0.16908184770501142,,
30,bpb_ars_Arab,False,1.7B,3,1.147326,0.10819071629243525,0.16129615847921033,1.0478101350643885,-0.086737217613487,1.27893,0.11470497487200658,1.1246439010654432,-0.0197695327522926
30,bpb_ars_Arab,False,1.7B,4,1.147326,0.10819071629243525,0.16129615847921033,1.0656364783784937,-0.07119992192411427,1.221122,0.06431999274835572,1.145236896311685,-0.0018208457651226002
30,bpb_ary_Arab,False,1.7B,1,0.759007,0.16899423353764573,0.16027658835337388,0.7586414478832602,-0.0004816189004051758,1.092183,0.43896301351634426,,
30,bpb_ary_Arab,False,1.7B,2,0.759007,0.16899423353764573,0.16027658835337388,0.7404462909610958,-0.024453936576216247,0.931025,0.2266355909761043,,
30,bpb_ary_Arab,False,1.7B,3,0.759007,0.16899423353764573,0.16027658835337388,0.7373765412263464,-0.028498365329507568,0.864119,0.13848620631957279,0.700207917705123,-0.07746843216844766
30,bpb_ary_Arab,False,1.7B,4,0.759007,0.16899423353764573,0.16027658835337388,0.7395233937228459,-0.025669863752447692,0.812223,0.07011266035754617,0.7308294682909175,-0.03712420532232567
30,bpb_arz_Arab,False,1.7B,1,0.992458,0.12798129659044638,0.16129615847921033,0.9223737352895158,-0.07061685704632753,1.330983,0.34109755778078277,,
30,bpb_arz_Arab,False,1.7B,2,0.992458,0.12798129659044638,0.16129615847921033,0.9208219430765626,-0.07218044181561067,1.186192,0.19520624550358803,,
30,bpb_arz_Arab,False,1.7B,3,0.992458,0.12798129659044638,0.16129615847921033,0.9293729581046132,-0.0635644449391176,1.119883,0.1283933425898124,0.9600885721306256,-0.032615413316608215
30,bpb_arz_Arab,False,1.7B,4,0.992458,0.12798129659044638,0.16129615847921033,0.9408411333891612,-0.05200911938927265,1.063324,0.07140453298779394,0.984335693956561,-0.008184029997681513
30,bpb_asm_Beng,False,1.7B,1,0.97149,0.06566050762505381,0.16129615847921033,0.7983083788319644,-0.17826392568944158,1.151957,0.1857631061565224,,
30,bpb_asm_Beng,False,1.7B,2,0.97149,0.06566050762505381,0.16129615847921033,0.8128351099760187,-0.1633108833070657,1.067935,0.0992753399417391,,
30,bpb_asm_Beng,False,1.7B,3,0.97149,0.06566050762505381,0.16129615847921033,0.8366223584889888,-0.1388255581745681,1.048425,0.07919278633851093,0.9584897399548772,-0.01338177443424305
30,bpb_asm_Beng,False,1.7B,4,0.97149,0.06566050762505381,0.16129615847921033,0.8613861910729195,-0.11333498947707181,1.024174,0.0542301001554313,0.9807090315204338,0.0094895794299826
30,bpb_azj_Latn,False,1.7B,1,1.661831,0.18088120812559147,0.16027658835337388,1.7759849064483726,0.06869164581017717,2.556808,0.5385487453296997,,
30,bpb_azj_Latn,False,1.7B,2,1.661831,0.18088120812559147,0.16027658835337388,1.713215790628615,0.030920587369362405,2.129098,0.2811760040581743,,
30,bpb_azj_Latn,False,1.7B,3,1.661831,0.18088120812559147,0.16027658835337388,1.702091335904646,0.024226492287510486,1.985259,0.19462147474683048,1.5743517814727654,-0.052640261571263634
30,bpb_azj_Latn,False,1.7B,4,1.661831,0.18088120812559147,0.16027658835337388,1.7031311196274381,0.02485217788537948,1.857716,0.11787299671266203,1.6561863094992626,-0.003396669397031021
30,bpb_bel_Cyrl,False,1.7B,1,1.106142,0.17582356572568195,0.16027658835337388,1.1985443366093251,0.08353569126687639,1.725492,0.5599190700651454,,
30,bpb_bel_Cyrl,False,1.7B,2,1.106142,0.17582356572568195,0.16027658835337388,1.186127300909669,0.07231015629970558,1.512235,0.36712555892462273,,
30,bpb_bel_Cyrl,False,1.7B,3,1.106142,0.17582356572568195,0.16027658835337388,1.1785546717455468,0.06546417344748404,1.374926,0.24299231020972004,1.13268624574993,0.02399714118976595
30,bpb_bel_Cyrl,False,1.7B,4,1.106142,0.17582356572568195,0.16027658835337388,1.1759032431749954,0.06306716784553469,1.271665,0.14963991964865278,1.1513631515457967,0.040881868282550304
30,bpb_ben_Beng,True,1.7B,1,0.438218,0.19005731987834543,0.16027658835337388,0.462765983332992,0.05601774307078217,0.666224,0.520302680401079,,
30,bpb_ben_Beng,True,1.7B,2,0.438218,0.19005731987834543,0.16027658835337388,0.4489037859320669,0.024384634889636953,0.560991,0.2801642105070993,,
30,bpb_ben_Beng,True,1.7B,3,0.438218,0.19005731987834543,0.16027658835337388,0.444389150491884,0.014082375648385033,0.514608,0.17431963086865432,0.4088434774714451,-0.06703175709020369
30,bpb_ben_Beng,True,1.7B,4,0.438218,0.19005731987834543,0.16027658835337388,0.4429352286889212,0.01076457080476205,0.477536,0.0897224669000361,0.42539792207014177,-0.029255023595238513
30,bpb_bew_Latn,False,1.7B,1,1.41908,0.13313150235250046,0.16129615847921033,1.3369635023146567,-0.05786601015118474,1.929235,0.35949699805507807,,
30,bpb_bew_Latn,False,1.7B,2,1.41908,0.13313150235250046,0.16129615847921033,1.3332838568475778,-0.06045898973449145,1.71568,0.20900865349381303,,
30,bpb_bew_Latn,False,1.7B,3,1.41908,0.13313150235250046,0.16129615847921033,1.3426792259038782,-0.053838243154805704,1.61074,0.1350593342165348,1.3732486445267142,-0.032296526956398265
30,bpb_bew_Latn,False,1.7B,4,1.41908,0.13313150235250046,0.16129615847921033,1.3576288453614938,-0.0433035168126576,1.528896,0.07738534825379834,1.4105024011874847,-0.0060444786851447324
30,bpb_bod_Tibt,False,1.7B,1,0.919763,0.18718349807891102,0.16027658835337388,0.8919079708999951,-0.030285007224692583,1.284041,0.3960563753923565,,
30,bpb_bod_Tibt,False,1.7B,2,0.919763,0.18718349807891102,0.16027658835337388,0.8773838645588109,-0.046076147269665226,1.111911,0.20891033885903226,,
30,bpb_bod_Tibt,False,1.7B,3,0.919763,0.18718349807891102,0.16027658835337388,0.8607010529854129,-0.06421431065892748,0.978747,0.06412956381154715,0.7810941035574279,-0.15076589995745868
30,bpb_bod_Tibt,False,1.7B,4,0.919763,0.18718349807891102,0.16027658835337388,0.86079971714998,-0.06410703936777186,0.937534,0.019321281677997463,0.8299469332582526,-0.09765131532987015
30,bpb_bos_Latn,False,1.7B,1,1.739178,0.16766455121973653,0.16027658835337388,1.8313460336932974,0.05299516995574778,2.636509,0.5159512137343046,,
30,bpb_bos_Latn,False,1.7B,2,1.739178,0.16766455121973653,0.16027658835337388,1.8078489623776501,0.03948472345996226,2.299136,0.3219670442013411,,
30,bpb_bos_Latn,False,1.7B,3,1.739178,0.16766455121973653,0.16027658835337388,1.8071105033979193,0.03906012115948997,2.133647,0.22681347165155033,1.7701059596711863,0.01778309044340858
30,bpb_bos_Latn,False,1.7B,4,1.739178,0.16766455121973653,0.16027658835337388,1.8056439725396658,0.03821688897839434,1.961146,0.1276281093712088,1.7876381651787492,0.027863832901950977
30,bpb_bul_Cyrl,True,1.7B,1,0.55964,0.2075338272875818,0.16027658835337388,0.6046137207132081,0.08036187676579237,0.870436,0.5553498677721391,,
30,bpb_bul_Cyrl,True,1.7B,2,0.55964,0.2075338272875818,0.16027658835337388,0.577909475554064,0.03264504959270959,0.711627,0.27157994424987486,,
30,bpb_bul_Cyrl,True,1.7B,3,0.55964,0.2075338272875818,0.16027658835337388,0.5689740113640542,0.016678599392563446,0.651704,0.16450575369880624,0.5016244381198833,-0.10366585998162514
30,bpb_bul_Cyrl,True,1.7B,4,0.55964,0.2075338272875818,0.16027658835337388,0.5655176721131898,0.010502594727306467,0.604565,0.08027481952683867,0.5304021881499554,-0.052243963708892484
30,bpb_cat_Latn,False,1.7B,1,1.434923,0.19377644299243704,0.16027658835337388,1.597138062358979,0.11304792128844482,2.29933,0.6024065402812555,,
30,bpb_cat_Latn,False,1.7B,2,1.434923,0.19377644299243704,0.16027658835337388,1.5658217121886298,0.0912235096856276,1.977666,0.3782384141866846,,
30,bpb_cat_Latn,False,1.7B,3,1.434923,0.19377644299243704,0.16027658835337388,1.5531037603525333,0.08236034989510471,1.80555,0.2582905145432891,1.4623005839910974,0.01907947951987491
30,bpb_cat_Latn,False,1.7B,4,1.434923,0.19377644299243704,0.16027658835337388,1.5400615024262219,0.0732711807018369,1.634882,0.13935172828089035,1.4716418911245792,0.025589450531198724
30,bpb_ces_Latn,True,1.7B,1,0.868074,0.21299648834006668,0.16027658835337388,0.9505921133233962,0.09505884673817692,1.368526,0.5765084543483618,,
30,bpb_ces_Latn,True,1.7B,2,0.868074,0.21299648834006668,0.16027658835337388,0.9071579043166067,0.04502370110912974,1.115276,0.28477065319316086,,
30,bpb_ces_Latn,True,1.7B,3,0.868074,0.21299648834006668,0.16027658835337388,0.8918386128714219,0.0273762523372683,1.018558,0.1733538845766606,0.7801205511952616,-0.10132022017102048
30,bpb_ces_Latn,True,1.7B,4,0.868074,0.21299648834006668,0.16027658835337388,0.8849560603949458,0.01944772034981554,0.941377,0.08444326174957435,0.8238774029533631,-0.05091339798984525
30,bpb_ckb_Arab,False,1.7B,1,1.683046,0.05749293038119451,0.16129615847921033,1.3279523987318391,-0.21098270710851688,1.916232,0.1385499861560527,,
30,bpb_ckb_Arab,False,1.7B,2,1.683046,0.05749293038119451,0.16129615847921033,1.349217828468662,-0.1983476218305014,1.768855,0.05098434623890257,,
30,bpb_ckb_Arab,False,1.7B,3,1.683046,0.05749293038119451,0.16129615847921033,1.3917486134578887,-0.17307749553019428,1.75175,0.04082122532598626,1.602661355025443,-0.04776140698148304
30,bpb_ckb_Arab,False,1.7B,4,1.683046,0.05749293038119451,0.16129615847921033,1.4378395252860179,-0.14569208132991146,1.727149,0.026204274868304255,1.655253404016777,-0.016513271760381493
30,bpb_cmn_Hani,True,1.7B,1,1.015615,0.16910798227795806,0.16027658835337388,1.013880826737206,-0.0017075104865465894,1.45964,0.4371981508741011,,
30,bpb_cmn_Hani,True,1.7B,2,1.015615,0.16910798227795806,0.16027658835337388,0.9880934028650219,-0.02709845476384067,1.240566,0.22149239623282457,,
30,bpb_cmn_Hani,True,1.7B,3,1.015615,0.16910798227795806,0.16027658835337388,0.9846282231698756,-0.030510357596258718,1.15535,0.13758658546791863,0.9352064612566942,-0.07917226384339122
30,bpb_cmn_Hani,True,1.7B,4,1.015615,0.16910798227795806,0.16027658835337388,0.9874066933069945,-0.027774606216928118,1.084184,0.0675147570683774,0.9756480642864852,-0.0393524472497105
30,bpb_cym_Latn,False,1.7B,1,2.301559,0.10377600413628202,0.16129615847921033,2.072898938989586,-0.09935007575752527,2.9911880000000006,0.299635594829418,,
30,bpb_cym_Latn,False,1.7B,2,2.301559,0.10377600413628202,0.16129615847921033,2.0988482138758764,-0.08807542458139189,2.7421709999999995,0.19144067130149578,,
30,bpb_cym_Latn,False,1.7B,3,2.301559,0.10377600413628202,0.16129615847921033,2.142135060855525,-0.0692678046248108,2.639565,0.14685958517683015,2.3574197205521052,0.024270818411392066
30,bpb_cym_Latn,False,1.7B,4,2.301559,0.10377600413628202,0.16129615847921033,2.17574097873486,-0.054666433172097725,2.483469,0.07903773051223097,2.3523086401943476,0.022050114811024816
30,bpb_dan_Latn,True,1.7B,1,0.917161,0.2119859429811055,0.16027658835337388,1.0108127335007246,0.1021104620679735,1.455223,0.5866603573418406,,
30,bpb_dan_Latn,True,1.7B,2,0.917161,0.2119859429811055,0.16027658835337388,0.9681848905069894,0.05563242495809287,1.194694,0.3026000887521383,,
30,bpb_dan_Latn,True,1.7B,3,0.917161,0.2119859429811055,0.16027658835337388,0.9525393058899316,0.03857371376446625,1.089494,0.1878983079306686,0.8401274758062381,-0.08399127764237889
30,bpb_dan_Latn,True,1.7B,4,0.917161,0.2119859429811055,0.16027658835337388,0.94456716203091,0.029881517019269194,1.002809,0.09338382246955557,0.8805805202838999,-0.03988446926559254
30,bpb_dclm,True,1.7B,1,0.81133,0.12906519747122677,0.16129615847921033,0.7418294177540543,-0.08566253219521734,1.070458,0.31938668605869364,,
30,bpb_dclm,True,1.7B,2,0.81133,0.12906519747122677,0.16129615847921033,0.7372824963046649,-0.09126681337474897,0.945528,0.16540495236217082,,
30,bpb_dclm,True,1.7B,3,0.81133,0.12906519747122677,0.16129615847921033,0.7438669308549269,-0.08315120745574926,0.895719,0.10401316357092681,0.7623647073254977,-0.060351882309913764
30,bpb_dclm,True,1.7B,4,0.81133,0.12906519747122677,0.16129615847921033,0.7534805528407027,-0.07130199445268547,0.853047,0.051418041980451856,0.7871552957639177,-0.029796388936785594
30,bpb_deu_Latn,True,1.7B,1,0.783686,0.1844662957310261,0.16027658835337388,0.8064049288024805,0.028989836238596196,1.160946,0.48139178191265386,,
30,bpb_deu_Latn,True,1.7B,2,0.783686,0.1844662957310261,0.16027658835337388,0.780787872893501,-0.003698071812561343,0.973921,0.24274390508443439,,
30,bpb_deu_Latn,True,1.7B,3,0.783686,0.1844662957310261,0.16027658835337388,0.7743979708647292,-0.011851722673712208,0.900159,0.1486220246374186,0.7155892727179204,-0.0868928719947525
30,bpb_deu_Latn,True,1.7B,4,0.783686,0.1844662957310261,0.16027658835337388,0.7735715988435696,-0.012906190944371041,0.839547,0.07127982380698399,0.7485994838028324,-0.04477114073387508
30,bpb_div_Thaa,False,1.7B,1,1.895897,0.21260754916412414,0.16027658835337388,1.7565247071924812,-0.07351258681643504,2.528792,0.3338235146740568,,
30,bpb_div_Thaa,False,1.7B,2,1.895897,0.21260754916412414,0.16027658835337388,1.8869942587001212,-0.004695793758774227,2.611546,0.37747251037371765,,
30,bpb_div_Thaa,False,1.7B,3,1.895897,0.21260754916412414,0.16027658835337388,1.7015821320339728,-0.10249231259189036,1.634972,-0.1376261474120165,1.278919148485607,-0.32542793807595716
30,bpb_div_Thaa,False,1.7B,4,1.895897,0.21260754916412414,0.16027658835337388,1.7254383216145404,-0.08990925054760865,1.95873,0.03314156834469391,1.607198285639905,-0.15227552676126127
30,bpb_ekk_Latn,False,1.7B,1,2.316066,0.11450530379365405,0.16129615847921033,2.130439578963818,-0.08014729331382697,3.074219,0.3273451620117905,,
30,bpb_ekk_Latn,False,1.7B,2,2.316066,0.11450530379365405,0.16129615847921033,2.142157508575248,-0.07508788239400448,2.779356,0.20003315967679666,,
30,bpb_ekk_Latn,False,1.7B,3,2.316066,0.11450530379365405,0.16129615847921033,2.1715484939586864,-0.06239783583080695,2.639731,0.13974774466703438,2.3052438911571267,-0.004672625410015729
30,bpb_ekk_Latn,False,1.7B,4,2.316066,0.11450530379365405,0.16129615847921033,2.204879731051031,-0.048006520085770145,2.51421,0.08555196613567992,2.3493678205350124,0.014378614657359583
30,bpb_ell_Grek,True,1.7B,1,0.473361,0.20789728576194288,0.16027658835337388,0.5148221552645411,0.08758887036435435,0.741167,0.5657542552090267,,
30,bpb_ell_Grek,True,1.7B,2,0.473361,0.20789728576194288,0.16027658835337388,0.493286308569291,0.04209326194868406,0.608908,0.2863501640397076,,
30,bpb_ell_Grek,True,1.7B,3,0.473361,0.20789728576194288,0.16027658835337388,0.48577124523043974,0.026217295532246564,0.55666,0.1759735170409055,0.43019823218190695,-0.09118361634797338
30,bpb_ell_Grek,True,1.7B,4,0.473361,0.20789728576194288,0.16027658835337388,0.4824247191003271,0.019147583134916282,0.514468,0.08684069874789022,0.45224581098505967,-0.0446069469494536
30,bpb_epo_Latn,False,1.7B,1,1.874663,0.1352867510096417,0.16129615847921033,1.8731757941331617,-0.0007933190481906664,2.702988,0.4418527490007537,,
30,bpb_epo_Latn,False,1.7B,2,1.874663,0.1352867510096417,0.16129615847921033,1.872915194951628,-0.0009323302632910068,2.416397,0.28897673875251173,,
30,bpb_epo_Latn,False,1.7B,3,1.874663,0.1352867510096417,0.16129615847921033,1.8829055779150283,0.004396831811919454,2.251144,0.2008259617861984,1.9208356064072207,0.024629816882938832
30,bpb_epo_Latn,False,1.7B,4,1.874663,0.1352867510096417,0.16129615847921033,1.902485279304955,0.014841216423941239,2.137815,0.14037296303388921,1.9708081362584893,0.05128662392040026
30,bpb_eus_Latn,False,1.7B,1,2.312653,0.11065392537502008,0.16129615847921033,2.041028475045097,-0.11745148319047569,2.945199,0.2735153090411748,,
30,bpb_eus_Latn,False,1.7B,2,2.312653,0.11065392537502008,0.16129615847921033,2.047367358181871,-0.1147105258843972,2.650044,0.14588915846865042,,
30,bpb_eus_Latn,False,1.7B,3,2.312653,0.11065392537502008,0.16129615847921033,2.0729458985705533,-0.10365026721667571,2.513774,0.08696548941842987,2.1827716012783522,-0.056161213429618634
30,bpb_eus_Latn,False,1.7B,4,2.312653,0.11065392537502008,0.16129615847921033,2.1112972233703955,-0.08706700773077698,2.429988,0.050736102649208394,2.2614368649001757,-0.02214605265027843
30,bpb_fas_Arab,True,1.7B,1,0.607658,0.1852232825733703,0.16027658835337388,0.6283568864386823,0.03406338176849844,0.904618,0.4886959441001352,,
30,bpb_fas_Arab,True,1.7B,2,0.607658,0.1852232825733703,0.16027658835337388,0.6076644190656245,1.0563615758346925e-05,0.757063,0.24587020988779873,,
30,bpb_fas_Arab,True,1.7B,3,0.607658,0.1852232825733703,0.16027658835337388,0.6023489026439767,-0.008736982572472282,0.699374,0.1509335843517242,0.5544193177305186,-0.08761290441248444
30,bpb_fas_Arab,True,1.7B,4,0.607658,0.1852232825733703,0.16027658835337388,0.6018107534839163,-0.009622594479269102,0.653478,0.0754042569998255,0.5817856209940327,-0.0425772046216248
30,bpb_fil_Latn,False,1.7B,1,1.507982,0.17010061736737941,0.16027658835337388,1.541276121162616,0.022078593221017292,2.218908,0.47144196681392747,,
30,bpb_fil_Latn,False,1.7B,2,1.507982,0.17010061736737941,0.16027658835337388,1.5047619709233435,-0.0021353232841349675,1.892631,0.25507532583280174,,
30,bpb_fil_Latn,False,1.7B,3,1.507982,0.17010061736737941,0.16027658835337388,1.500783366531642,-0.004773686601271122,1.764051,0.16980905607626623,1.433929489971228,-0.04910702516924731
30,bpb_fil_Latn,False,1.7B,4,1.507982,0.17010061736737941,0.16027658835337388,1.5030005167430731,-0.0033034102906578607,1.643683,0.08998847466349073,1.4831034823717222,-0.016497887659320705
30,bpb_fin_Latn,True,1.7B,1,0.970499,0.2242642385983039,0.16027658835337388,1.0943493341328825,0.12761510741678506,1.575487,0.623378282718478,,
30,bpb_fin_Latn,True,1.7B,2,0.970499,0.2242642385983039,0.16027658835337388,1.048100088557718,0.07995998816868238,1.293184,0.33249390262122874,,
30,bpb_fin_Latn,True,1.7B,3,0.970499,0.2242642385983039,0.16027658835337388,1.0267067592665466,0.0579163494929378,1.164197,0.1995859861782443,0.8906841975188633,-0.08224099404650258
30,bpb_fin_Latn,True,1.7B,4,0.970499,0.2242642385983039,0.16027658835337388,1.0141768085508893,0.04500551628686822,1.064268,0.09661936797461923,0.9298573695230159,-0.041877045187047185
30,bpb_fra_Latn,True,1.7B,1,0.711558,0.1698605382333848,0.16027658835337388,0.7092122917136251,-0.0032965805828547015,1.021022,0.43491043597289336,,
30,bpb_fra_Latn,True,1.7B,2,0.711558,0.1698605382333848,0.16027658835337388,0.6907260858546083,-0.02927648082853648,0.866655,0.21796817687384573,,
30,bpb_fra_Latn,True,1.7B,3,0.711558,0.1698605382333848,0.16027658835337388,0.6880264655507283,-0.033070437616148925,0.806671,0.1336686538553428,0.6518689242632746,-0.08388504624601992
30,bpb_fra_Latn,True,1.7B,4,0.711558,0.1698605382333848,0.16027658835337388,0.6899479717498258,-0.030370016569519584,0.757505,0.06457238903926309,0.6810360569824572,-0.04289452583983716
30,bpb_gle_Latn,False,1.7B,1,1.959977,0.14704296148321977,0.16129615847921033,1.8820288932849334,-0.03976990888927099,2.715763,0.3856096270517459,,
30,bpb_gle_Latn,False,1.7B,2,1.959977,0.14704296148321977,0.16129615847921033,1.8714181432533188,-0.045183620392831796,2.401187,0.22510978445155228,,
30,bpb_gle_Latn,False,1.7B,3,1.959977,0.14704296148321977,0.16129615847921033,1.8836601723833382,-0.038937613868255554,2.257459,0.15177831168426967,1.9146458512649078,-0.023128408514534737
30,bpb_gle_Latn,False,1.7B,4,1.959977,0.14704296148321977,0.16129615847921033,1.8929253456943969,-0.03421042915585398,2.092651,0.06769161066685984,1.9298810320162174,-0.015355265895356254
30,bpb_glg_Latn,False,1.7B,1,1.375943,0.14482885886500696,0.16129615847921033,1.3210660389454465,-0.03988316453120037,1.906295,0.38544619944285496,,
30,bpb_glg_Latn,False,1.7B,2,1.375943,0.14482885886500696,0.16129615847921033,1.3023115002357304,-0.05351348112841123,1.656593,0.20396920511968888,,
30,bpb_glg_Latn,False,1.7B,3,1.375943,0.14482885886500696,0.16129615847921033,1.3061611875183532,-0.05071562737820297,1.554227,0.12957222791932524,1.2931455051799583,-0.06017509069782805
30,bpb_glg_Latn,False,1.7B,4,1.375943,0.14482885886500696,0.16129615847921033,1.318964494383707,-0.0414105130926883,1.479492,0.07525675118809436,1.3487596362415784,-0.019756169956474626
30,bpb_gmh_Latn,False,1.7B,1,1.634603,0.10611107832887635,0.16129615847921033,1.4292179929903053,-0.12564825037620433,2.062358,0.26168739443155314,,
30,bpb_gmh_Latn,False,1.7B,2,1.634603,0.10611107832887635,0.16129615847921033,1.436245466077478,-0.12134905779722788,1.862385,0.13935004401680404,,
30,bpb_gmh_Latn,False,1.7B,3,1.634603,0.10611107832887635,0.16129615847921033,1.4573354382013273,-0.10844685945068788,1.774905,0.08583246207183023,1.5513029646840322,-0.05096040770509283
30,bpb_gmh_Latn,False,1.7B,4,1.634603,0.10611107832887635,0.16129615847921033,1.4854298902985574,-0.09125953500724188,1.713565,0.048306530698891396,1.6008977638787096,-0.020619830087972673
30,bpb_guj_Gujr,False,1.7B,1,1.023157,0.16779246820418456,0.16027658835337388,1.0080092867489834,-0.014804876720793303,1.451187,0.4183424440237421,,
30,bpb_guj_Gujr,False,1.7B,2,1.023157,0.16779246820418456,0.16027658835337388,0.9463079653993488,-0.07510971884144005,1.144488,0.11858492880369273,,
30,bpb_guj_Gujr,False,1.7B,3,1.023157,0.16779246820418456,0.16027658835337388,0.9362519913289554,-0.0849380971552212,1.082944,0.05843384739585401,0.8187571154308552,-0.19977372443246239
30,bpb_guj_Gujr,False,1.7B,4,1.023157,0.16779246820418456,0.16027658835337388,0.9505682981337711,-0.0709458097498517,1.083155,0.05864007185602991,0.9409259832148004,-0.08036989121434904
30,bpb_heb_Hebr,False,1.7B,1,1.376148,0.11860585256421914,0.16129615847921033,1.2461629296053818,-0.09445573469904266,1.79821,0.30669811677232406,,
30,bpb_heb_Hebr,False,1.7B,2,1.376148,0.11860585256421914,0.16129615847921033,1.2428840576193156,-0.09683837957885656,1.599547,0.16233646381057862,,
30,bpb_heb_Hebr,False,1.7B,3,1.376148,0.11860585256421914,0.16129615847921033,1.2596561312284542,-0.08465068348138843,1.530554,0.11220159459593013,1.3200962419686757,-0.040730908326229616
30,bpb_heb_Hebr,False,1.7B,4,1.376148,0.11860585256421914,0.16129615847921033,1.2786672272417305,-0.07083596586869247,1.45695,0.0587160683298599,1.3549019563574407,-0.015438778127468283
30,bpb_hif_Latn,False,1.7B,1,1.58637,0.13290277283325166,0.16129615847921033,1.5112867418786535,-0.04733023072886308,2.180783,0.3747001014895641,,
30,bpb_hif_Latn,False,1.7B,2,1.58637,0.13290277283325166,0.16129615847921033,1.506969121909924,-0.05005192867368654,1.938976,0.22227223157271,,
30,bpb_hif_Latn,False,1.7B,3,1.58637,0.13290277283325166,0.16129615847921033,1.5176531141615863,-0.0433170608612201,1.820802,0.14777889143138107,1.5522153699517762,-0.021530052918438847
30,bpb_hif_Latn,False,1.7B,4,1.58637,0.13290277283325166,0.16129615847921033,1.5347273574253315,-0.03255397074747288,1.728932,0.08986680282657883,1.5949929222613954,0.005435631196628392
30,bpb_hin_Deva,True,1.7B,1,0.459615,0.17733269967031903,0.16027658835337388,0.4722870052918906,0.027570913246718686,0.679931,0.47934902037574917,,
30,bpb_hin_Deva,True,1.7B,2,0.459615,0.17733269967031903,0.16027658835337388,0.460584519394767,0.0021094163479586756,0.57866,0.25901025858599036,,
30,bpb_hin_Deva,True,1.7B,3,0.459615,0.17733269967031903,0.16027658835337388,0.4575974599720619,-0.004389630512359433,0.533734,0.16126323118262034,0.4301579723953962,-0.06409065762562967
30,bpb_hin_Deva,True,1.7B,4,0.459615,0.17733269967031903,0.16027658835337388,0.45765124465882717,-0.004272609338626511,0.498452,0.08449898284433713,0.44718404780623994,-0.02704644581608533
30,bpb_hrv_Latn,False,1.7B,1,1.775685,0.16840453418731788,0.16027658835337388,1.874536895691133,0.05566972503069692,2.698689,0.5198016540095793,,
30,bpb_hrv_Latn,False,1.7B,2,1.775685,0.16840453418731788,0.16027658835337388,1.8505429379811027,0.04215721706333203,2.353505,0.3254068148348385,,
30,bpb_hrv_Latn,False,1.7B,3,1.775685,0.16840453418731788,0.16027658835337388,1.849571890352371,0.04161035901771489,2.183273,0.22953845980565238,1.8109829277964757,0.01987848508968414
30,bpb_hrv_Latn,False,1.7B,4,1.775685,0.16840453418731788,0.16027658835337388,1.8474818871037653,0.040433346626099397,2.004669,0.1289553045726015,1.827223765650102,0.029024723219547424
30,bpb_hun_Latn,True,1.7B,1,0.907739,0.2098727221973865,0.16027658835337388,0.9926035272081345,0.09349000892121473,1.429008,0.5742498669771819,,
30,bpb_hun_Latn,True,1.7B,2,0.907739,0.2098727221973865,0.16027658835337388,0.9549378016324954,0.05199600505486209,1.183546,0.3038395397796063,,
30,bpb_hun_Latn,True,1.7B,3,0.907739,0.2098727221973865,0.16027658835337388,0.9400002619072133,0.03554023998882206,1.076283,0.18567451657359677,0.8361586544658763,-0.07885564631917724
30,bpb_hun_Latn,True,1.7B,4,0.907739,0.2098727221973865,0.16027658835337388,0.9320067679619081,0.026734301337618088,0.989072,0.08959954348111075,0.8713653142560689,-0.040070643372082805
30,bpb_hye_Armn,False,1.7B,1,1.261117,0.20712765476191683,0.16027658835337388,1.3902421639380553,0.10238951971788128,2.001471,0.5870621044677059,,
30,bpb_hye_Armn,False,1.7B,2,1.261117,0.20712765476191683,0.16027658835337388,1.2917515443470364,0.024291595741740366,1.546245,0.22609163146639055,,
30,bpb_hye_Armn,False,1.7B,3,1.261117,0.20712765476191683,0.16027658835337388,1.273495269326184,0.009815321913973106,1.462604,0.15976868125637825,1.0821296803835747,-0.14192760831582266
30,bpb_hye_Armn,False,1.7B,4,1.261117,0.20712765476191683,0.16027658835337388,1.2726403254642598,0.00913739602610996,1.382822,0.09650571675744593,1.1942743278028014,-0.05300275247831774
30,bpb_ind_Latn,True,1.7B,1,0.785221,0.1777611633876897,0.16027658835337388,0.7984835941253607,0.016890269268601828,1.149542,0.4639725631382759,,
30,bpb_ind_Latn,True,1.7B,2,0.785221,0.1777611633876897,0.16027658835337388,0.77514135138976,-0.01283670280117306,0.969408,0.23456708366179727,,
30,bpb_ind_Latn,True,1.7B,3,0.785221,0.1777611633876897,0.16027658835337388,0.7701484622534681,-0.019195281005642786,0.898368,0.14409573865192107,0.7191911040155297,-0.08409084319506266
30,bpb_ind_Latn,True,1.7B,4,0.785221,0.1777611633876897,0.16027658835337388,0.7707936965116226,-0.018373557875270015,0.841327,0.07145249553947246,0.7527268132170497,-0.041382218232765354
30,bpb_isl_Latn,False,1.7B,1,2.108776,0.12479279529832307,0.16129615847921033,1.9586846044061985,-0.07117465088458977,2.8263769999999995,0.34029266266308,,
30,bpb_isl_Latn,False,1.7B,2,2.108776,0.12479279529832307,0.16129615847921033,1.9596641021508712,-0.07071016449785517,2.529935,0.1997172767520115,,
30,bpb_isl_Latn,False,1.7B,3,2.108776,0.12479279529832307,0.16129615847921033,1.9850079609021223,-0.058691885291694286,2.409225,0.14247554031343299,2.085555924264857,-0.011011162748031694
30,bpb_isl_Latn,False,1.7B,4,2.108776,0.12479279529832307,0.16129615847921033,2.0079407673289817,-0.047816948159035595,2.264057,0.07363560662678255,2.1098728860431804,0.000520152943309363
30,bpb_ita_Latn,True,1.7B,1,0.810166,0.1790415711757443,0.16027658835337388,0.8240348301914648,0.01711850434536229,1.186327,0.4643011432224999,,
30,bpb_ita_Latn,True,1.7B,2,0.810166,0.1790415711757443,0.16027658835337388,0.7992461778134458,-0.013478499698277014,0.99868,0.23268564713898132,,
30,bpb_ita_Latn,True,1.7B,3,0.810166,0.1790415711757443,0.16027658835337388,0.7938345104806729,-0.020158201552925165,0.925383,0.14221406477191081,0.7394191852003096,-0.0873238506672589
30,bpb_ita_Latn,True,1.7B,4,0.810166,0.1790415711757443,0.16027658835337388,0.7942717884480863,-0.01961846282356175,0.866208,0.0691734780279596,0.7743085179531147,-0.044259425903932434
30,bpb_jpn_Jpan,True,1.7B,1,0.774494,0.17391847821826975,0.16027658835337388,0.7833167804919942,0.011391670551345965,1.127707,0.4560564704181052,,
30,bpb_jpn_Jpan,True,1.7B,2,0.774494,0.17391847821826975,0.16027658835337388,0.7632171435473233,-0.01456028897922609,0.958009,0.23694825266561134,,
30,bpb_jpn_Jpan,True,1.7B,3,0.774494,0.17391847821826975,0.16027658835337388,0.759808534484324,-0.018961367700299894,0.889834,0.1489230387840319,0.7187972757400879,-0.07191369366310407
30,bpb_jpn_Jpan,True,1.7B,4,0.774494,0.17391847821826975,0.16027658835337388,0.760528592024691,-0.018031654183646335,0.830396,0.07217873863451493,0.7465839286398767,-0.036036523665933316
30,bpb_kan_Knda,False,1.7B,1,0.918127,0.22565377766602773,0.16027658835337388,1.0173837459564903,0.10810786084767167,1.464683,0.5952945507538716,,
30,bpb_kan_Knda,False,1.7B,2,0.918127,0.22565377766602773,0.16027658835337388,0.9412680222300345,0.025204598307243385,1.121896,0.22193988413367646,,
30,bpb_kan_Knda,False,1.7B,3,0.918127,0.22565377766602773,0.16027658835337388,0.926596657078217,0.009224929751784893,1.061056,0.15567454175729498,0.7780148452717585,-0.15260650730045142
30,bpb_kan_Knda,False,1.7B,4,0.918127,0.22565377766602773,0.16027658835337388,0.9188816083132056,0.0008218997079985863,0.975667,0.06267106838160726,0.8408985347924668,-0.08411523156113832
30,bpb_kat_Geor,False,1.7B,1,0.952083,0.23493905645399893,0.16027658835337388,1.0504958140079022,0.10336579269654236,1.512353,0.5884676020893137,,
30,bpb_kat_Geor,False,1.7B,2,0.952083,0.23493905645399893,0.16027658835337388,1.0338905466917927,0.08592480560181485,1.310888,0.3768631516369897,,
30,bpb_kat_Geor,False,1.7B,3,0.952083,0.23493905645399893,0.16027658835337388,1.0024441471142989,0.052895752906310524,1.113587,0.16963226945549925,0.8709495525108497,-0.08521677993320992
30,bpb_kat_Geor,False,1.7B,4,0.952083,0.23493905645399893,0.16027658835337388,0.9846628636974506,0.034219562472442615,1.016027,0.0671622116979297,0.8898182662430528,-0.06539843034372758
30,bpb_kaz_Cyrl,False,1.7B,1,1.237903,0.1504665553725275,0.16129615847921033,1.1948669296668926,-0.03476530094289085,1.72419,0.3928312638389275,,
30,bpb_kaz_Cyrl,False,1.7B,2,1.237903,0.1504665553725275,0.16129615847921033,1.1712396652208403,-0.053851824237569214,1.481435,0.19672946911026154,,
30,bpb_kaz_Cyrl,False,1.7B,3,1.237903,0.1504665553725275,0.16129615847921033,1.1774296390222407,-0.04885145360966024,1.407561,0.13705274161222655,1.1661334345386263,-0.057976727951522616
30,bpb_kaz_Cyrl,False,1.7B,4,1.237903,0.1504665553725275,0.16129615847921033,1.1855194824368216,-0.042316334610368,1.318258,0.06491219425108426,1.203064160189571,-0.028143432732959613
30,bpb_khk_Cyrl,False,1.7B,1,1.479407,0.10597242310747845,0.16129615847921033,1.3186564713720053,-0.10865875896760978,1.902818,0.2862031881693138,,
30,bpb_khk_Cyrl,False,1.7B,2,1.479407,0.10597242310747845,0.16129615847921033,1.3142427859702959,-0.11164217421554992,1.690169,0.14246383855152783,,
30,bpb_khk_Cyrl,False,1.7B,3,1.479407,0.10597242310747845,0.16129615847921033,1.339980566577625,-0.09424481121312454,1.647776,0.11380843811067543,1.4349724580627425,-0.030035373590403033
30,bpb_khk_Cyrl,False,1.7B,4,1.479407,0.10597242310747845,0.16129615847921033,1.3647480445313591,-0.07750332090401141,1.57067,0.061688906433456175,1.4711115546736921,-0.0056072773255147305
30,bpb_khm_Khmr,False,1.7B,1,1.095771,0.16027658835337388,0.16129615847921033,1.081638736773758,-0.01289709549371351,1.560802,0.4243870297717315,,
30,bpb_khm_Khmr,False,1.7B,2,1.095771,0.16027658835337388,0.16129615847921033,1.082149164771477,-0.012431279189286005,1.39702,0.27491966843437166,,
30,bpb_khm_Khmr,False,1.7B,3,1.095771,0.16027658835337388,0.16129615847921033,1.0731736239217373,-0.020622352734524577,1.248503,0.13938313753512355,1.0405742178888664,-0.05037255239564987
30,bpb_khm_Khmr,False,1.7B,4,1.095771,0.16027658835337388,0.16129615847921033,1.0784261275919906,-0.015828920831094648,1.192126,0.08793351895605922,1.0799187091709659,-0.014466791719286389
30,bpb_kir_Cyrl,False,1.7B,1,1.430437,0.1009131611212137,0.16129615847921033,1.2334200108419542,-0.13773202815506436,1.779822,0.24425053322865675,,
30,bpb_kir_Cyrl,False,1.7B,2,1.430437,0.1009131611212137,0.16129615847921033,1.2467263823201964,-0.12842971600972541,1.62608,0.136771490111064,,
30,bpb_kir_Cyrl,False,1.7B,3,1.430437,0.1009131611212137,0.16129615847921033,1.26896885380996,-0.11288029195975777,1.555122,0.08716567035108846,1.3786302046304777,-0.036217460377159054
30,bpb_kir_Cyrl,False,1.7B,4,1.430437,0.1009131611212137,0.16129615847921033,1.2931009963093163,-0.09600982335515906,1.490553,0.04202631783154383,1.4034797746068233,-0.018845447505326476
30,bpb_kmr_Latn,False,1.7B,1,2.433234,0.07687776111055789,0.16129615847921033,2.0094643179362293,-0.1741590336415531,2.8996520000000006,0.19168645514570337,,
30,bpb_kmr_Latn,False,1.7B,2,2.433234,0.07687776111055789,0.16129615847921033,2.0474387723038054,-0.15855245640008098,2.691858,0.10628817450356182,,
30,bpb_kmr_Latn,False,1.7B,3,2.433234,0.07687776111055789,0.16129615847921033,2.097587858356058,-0.13794240161198718,2.604309,0.07030766461425415,2.363624229498643,-0.028607922830832213
30,bpb_kmr_Latn,False,1.7B,4,2.433234,0.07687776111055789,0.16129615847921033,2.1524907823033734,-0.11537863505796264,2.533817,0.04133716691448495,2.4136544682535677,-0.008046711391683847
30,bpb_kor_Hang,True,1.7B,1,0.851345,0.18695900615732267,0.16027658835337388,0.8861843828835566,0.040922755032984974,1.275801,0.4985710845779325,,
30,bpb_kor_Hang,True,1.7B,2,0.851345,0.18695900615732267,0.16027658835337388,0.85788015889565,0.007676275652819866,1.069892,0.25670791512254143,,
30,bpb_kor_Hang,True,1.7B,3,0.851345,0.18695900615732267,0.16027658835337388,0.8500853566760816,-0.00147959208536888,0.986341,0.1585679131257011,0.7826191117855708,-0.08072624871753432
30,bpb_kor_Hang,True,1.7B,4,0.851345,0.18695900615732267,0.16027658835337388,0.8485528393510744,-0.0032797052298722883,0.91889,0.07933916332391681,0.8183881943555513,-0.03871145733451033
30,bpb_lao_Laoo,False,1.7B,1,1.308605,0.14875308502647466,0.16129615847921033,1.2290464759106947,-0.060796439024232145,1.773511,0.35526839649856146,,
30,bpb_lao_Laoo,False,1.7B,2,1.308605,0.14875308502647466,0.16129615847921033,1.2159534858703904,-0.07080174241242361,1.552302,0.1862265542314144,,
30,bpb_lao_Laoo,False,1.7B,3,1.308605,0.14875308502647466,0.16129615847921033,1.2164383264694159,-0.07043124054285607,1.440092,0.10047875409309907,1.1990877996908544,-0.0836900365726446
30,bpb_lao_Laoo,False,1.7B,4,1.308605,0.14875308502647466,0.16129615847921033,1.2266794019953629,-0.0626052918983476,1.370328,0.04716702137008492,1.2477300400548093,-0.04651897245172589
30,bpb_lat_Latn,False,1.7B,1,1.326162,0.16958697761240157,0.16027658835337388,1.3255753438950442,-0.00044237137314739525,1.908373,0.4390195164693303,,
30,bpb_lat_Latn,False,1.7B,2,1.326162,0.16958697761240157,0.16027658835337388,1.2873574694744863,-0.029260776983139166,1.610663,0.21452959743983002,,
30,bpb_lat_Latn,False,1.7B,3,1.326162,0.16958697761240157,0.16027658835337388,1.28156256314788,-0.033630459063161276,1.500769,0.13166340160553533,1.206381963197831,-0.09032081812189542
30,bpb_lat_Latn,False,1.7B,4,1.326162,0.16958697761240157,0.16027658835337388,1.2864973895308194,-0.029909325157243746,1.416941,0.06845242134822137,1.2703513018649997,-0.04208437440900915
30,bpb_lit_Latn,False,1.7B,1,2.228801,0.12387855363057951,0.16129615847921033,2.0592398717268514,-0.07607728472535162,2.971478,0.3332181742560238,,
30,bpb_lit_Latn,False,1.7B,2,2.228801,0.12387855363057951,0.16129615847921033,2.073707115635077,-0.06958624137593397,2.694626,0.20900250852364127,,
30,bpb_lit_Latn,False,1.7B,3,2.228801,0.12387855363057951,0.16129615847921033,2.0998079050738467,-0.057875555029880676,2.546817,0.1426847888169469,2.224651462763259,-0.0018617800497849877
30,bpb_lit_Latn,False,1.7B,4,2.228801,0.12387855363057951,0.16129615847921033,2.122542737210079,-0.047675078569114474,2.388128,0.07148552069027259,2.2330602896866973,0.0019110228713543882
30,bpb_ltz_Latn,False,1.7B,1,2.102449,0.08458159362569337,0.16129615847921033,1.8079691672456686,-0.140065149144798,2.608895,0.24088384545832026,,
30,bpb_ltz_Latn,False,1.7B,2,2.102449,0.08458159362569337,0.16129615847921033,1.84044148803672,-0.12462015105397567,2.417484,0.14984192244377864,,
30,bpb_ltz_Latn,False,1.7B,3,2.102449,0.08458159362569337,0.16129615847921033,1.8836094513561759,-0.10408792253406582,2.333901,0.11008685585238928,2.1114882739662963,0.004299402252466688
30,bpb_ltz_Latn,False,1.7B,4,2.102449,0.08458159362569337,0.16129615847921033,1.9268064452399125,-0.08354188603865659,2.246727,0.0686237811238227,2.138125995551102,0.01696925611565467
30,bpb_lvs_Latn,False,1.7B,1,2.18929,0.12660708000072396,0.16129615847921033,2.0214220655576636,-0.07667688357519406,2.916907,0.3323529546108555,,
30,bpb_lvs_Latn,False,1.7B,2,2.18929,0.12660708000072396,0.16129615847921033,2.0474685049854506,-0.06477967515246931,2.676012,0.22231956479041143,,
30,bpb_lvs_Latn,False,1.7B,3,2.18929,0.12660708000072396,0.16129615847921033,2.0739719864101014,-0.05267370407296374,2.51726,0.1498065582905872,2.219227740889226,0.013674634648322446
30,bpb_lvs_Latn,False,1.7B,4,2.18929,0.12660708000072396,0.16129615847921033,2.0905899395627094,-0.045083136741724816,2.332584,0.06545226991399039,2.1913179286571123,0.0009262951263250181
30,bpb_mal_Mlym,False,1.7B,1,0.859633,0.21195611709617698,0.16027658835337388,0.9140570062252599,0.06331074566153218,1.315928,0.5308020981046563,,
30,bpb_mal_Mlym,False,1.7B,2,0.859633,0.21195611709617698,0.16027658835337388,0.8670346276166435,0.00861021810079829,1.059523,0.2325294631546253,,
30,bpb_mal_Mlym,False,1.7B,3,0.859633,0.21195611709617698,0.16027658835337388,0.8437717678269909,-0.018451167152737338,0.944267,0.09845364242647733,0.7038602146156034,-0.18120847545917448
30,bpb_mal_Mlym,False,1.7B,4,0.859633,0.21195611709617698,0.16027658835337388,0.8433482270530173,-0.018943866681459084,0.916829,0.06653537032663942,0.7862501449467071,-0.08536533038319015
30,bpb_mar_Deva,False,1.7B,1,0.877824,0.09521757668263849,0.16129615847921033,0.7833277569639516,-0.1076482791949735,1.13034,0.28766130796150463,,
30,bpb_mar_Deva,False,1.7B,2,0.877824,0.09521757668263849,0.16129615847921033,0.7923492033948746,-0.0973712231667458,1.03419,0.17812910104986865,,
30,bpb_mar_Deva,False,1.7B,3,0.877824,0.09521757668263849,0.16129615847921033,0.8054257725306486,-0.08247465035058443,0.984458,0.1214753754738991,0.871613173913888,-0.007075252084827948
30,bpb_mar_Deva,False,1.7B,4,0.877824,0.09521757668263849,0.16129615847921033,0.8235685010638207,-0.06180680744224276,0.959164,0.09266094342373865,0.900801095660662,0.026175059762164138
30,bpb_mkd_Cyrl,False,1.7B,1,0.996846,0.16129615847921033,0.16027658835337388,1.0003699638115087,0.0035351135596758745,1.440189,0.44474572802619455,,
30,bpb_mkd_Cyrl,False,1.7B,2,0.996846,0.16129615847921033,0.16027658835337388,0.9686105553408473,-0.028324781018485033,1.208227,0.21204980508523877,,
30,bpb_mkd_Cyrl,False,1.7B,3,0.996846,0.16129615847921033,0.16027658835337388,0.9706404815818717,-0.02628843213307607,1.15178,0.15542420795188025,0.9326794781161454,-0.06436954342381333
30,bpb_mkd_Cyrl,False,1.7B,4,0.996846,0.16129615847921033,0.16027658835337388,0.9756332386380925,-0.021279878097426812,1.078715,0.08212803181233619,0.9742847925120455,-0.022632590678955965
30,bpb_mlt_Latn,False,1.7B,1,2.35105,0.08280413819292577,0.16129615847921033,2.0144068074196286,-0.14318844455897206,2.906784,0.23637693796388856,,
30,bpb_mlt_Latn,False,1.7B,2,2.35105,0.08280413819292577,0.16129615847921033,2.0462789722947003,-0.1296318783970139,2.682212,0.14085706386508154,,
30,bpb_mlt_Latn,False,1.7B,3,2.35105,0.08280413819292577,0.16129615847921033,2.0972212017673297,-0.10796401532620324,2.605895,0.1083962484847196,2.356138247856421,0.0021642448507777057
30,bpb_mlt_Latn,False,1.7B,4,2.35105,0.08280413819292577,0.16129615847921033,2.146577552634016,-0.08697069282490114,2.507403,0.0665034771697753,2.387750514666136,0.015610265483990604
30,bpb_mya_Mymr,False,1.7B,1,1.035049,0.21145655539242864,0.16027658835337388,1.0571772694848587,0.021378958372848603,1.521972,0.4704347330416241,,
30,bpb_mya_Mymr,False,1.7B,2,1.035049,0.21145655539242864,0.16027658835337388,0.9992730704911693,-0.03456447908150319,1.216834,0.175629366339178,,
30,bpb_mya_Mymr,False,1.7B,3,1.035049,0.21145655539242864,0.16027658835337388,0.9840770571847853,-0.04924592247827375,1.127747,0.08955904503071829,0.8541971840987,-0.17472778187438473
30,bpb_mya_Mymr,False,1.7B,4,1.035049,0.21145655539242864,0.16027658835337388,0.9783106755257867,-0.05481704197019991,1.046539,0.011100923724384062,0.9126933873574534,-0.11821238670106118
30,bpb_nld_Latn,True,1.7B,1,0.83014,0.20633634800603617,0.16027658835337388,0.8958846142730669,0.07919702010873694,1.289766,0.5536728744549112,,
30,bpb_nld_Latn,True,1.7B,2,0.83014,0.20633634800603617,0.16027658835337388,0.8585880624022362,0.03426899366641312,1.060055,0.27695930806851854,,
30,bpb_nld_Latn,True,1.7B,3,0.83014,0.20633634800603617,0.16027658835337388,0.8459307778966559,0.019021825109807922,0.970348,0.1688968125858289,0.7508086646008648,-0.09556380297195072
30,bpb_nld_Latn,True,1.7B,4,0.83014,0.20633634800603617,0.16027658835337388,0.8405048760209934,0.012485696413850016,0.897619,0.08128628905967662,0.789595818662423,-0.0488401731485978
30,bpb_nno_Latn,False,1.7B,1,1.158526,0.22412779644949865,0.16027658835337388,1.3126041930917702,0.13299502392848353,1.889699,0.6311235138443161,,
30,bpb_nno_Latn,False,1.7B,2,1.158526,0.22412779644949865,0.16027658835337388,1.2605810077910362,0.08809039054025225,1.559619,0.3462097527375304,,
30,bpb_nno_Latn,False,1.7B,3,1.158526,0.22412779644949865,0.16027658835337388,1.2356111705506787,0.0665372814685892,1.402803,0.21085154756992947,1.078788401880256,-0.06882676618370577
30,bpb_nno_Latn,False,1.7B,4,1.158526,0.22412779644949865,0.16027658835337388,1.2195117794797115,0.05264083799561815,1.276539,0.10186478335402067,1.1183276033166079,-0.03469788048208853
30,bpb_nob_Latn,True,1.7B,1,0.919518,0.21326015614543095,0.16027658835337388,1.0087921124400665,0.09708794437962776,1.452314,0.5794296577119754,,
30,bpb_nob_Latn,True,1.7B,2,0.919518,0.21326015614543095,0.16027658835337388,0.965972771556028,0.05052078540716774,1.191623,0.2959213413984285,,
30,bpb_nob_Latn,True,1.7B,3,0.919518,0.21326015614543095,0.16027658835337388,0.9502067848016449,0.033374860309036844,1.086469,0.18156360180007347,0.8371932559991826,-0.0895303234964594
30,bpb_nob_Latn,True,1.7B,4,0.919518,0.21326015614543095,0.16027658835337388,0.9417860601785443,0.024217100892581032,0.998367,0.08575036051496551,0.8764715139023525,-0.04681418536412283
30,bpb_npi_Deva,False,1.7B,1,0.781456,0.11005078955300518,0.16129615847921033,0.7144821771491818,-0.0857038948460543,1.030996,0.31932699985667773,,
30,bpb_npi_Deva,False,1.7B,2,0.781456,0.11005078955300518,0.16129615847921033,0.7227630336892755,-0.07510719261317914,0.943433,0.2072759054892405,,
30,bpb_npi_Deva,False,1.7B,3,0.781456,0.11005078955300518,0.16129615847921033,0.7337022658401006,-0.06110866659146449,0.894379,0.1445033373600049,0.790039879748375,0.010984469692951278
30,bpb_npi_Deva,False,1.7B,4,0.781456,0.11005078955300518,0.16129615847921033,0.745143075707146,-0.04646829033605736,0.850295,0.08809069224626848,0.7987853465386782,0.022175716276640174
30,bpb_nrm_Latn,False,1.7B,1,1.180548,0.13589871120355565,0.16129615847921033,1.1064606784894673,-0.06275672104017173,1.59662,0.35243971443770183,,
30,bpb_nrm_Latn,False,1.7B,2,1.180548,0.13589871120355565,0.16129615847921033,1.1001757214843695,-0.0680804833989219,1.411558,0.1956803111775211,,
30,bpb_nrm_Latn,False,1.7B,3,1.180548,0.13589871120355565,0.16129615847921033,1.1075653949634836,-0.061820955214456616,1.327816,0.12474545719445561,1.1264560338036356,-0.04581937049265626
30,bpb_nrm_Latn,False,1.7B,4,1.180548,0.13589871120355565,0.16129615847921033,1.1192161528965245,-0.05195201474525,1.258109,0.06569914988632397,1.1584478396245306,-0.018720255657092604
30,bpb_ory_Orya,False,1.7B,1,1.305384,0.12099663634090337,0.16129615847921033,1.170975689490192,-0.10296457633141524,1.689715,0.2944198795143804,,
30,bpb_ory_Orya,False,1.7B,2,1.305384,0.12099663634090337,0.16129615847921033,1.1720147953027322,-0.10216856089646255,1.513662,0.15955305105624087,,
30,bpb_ory_Orya,False,1.7B,3,1.305384,0.12099663634090337,0.16129615847921033,1.1825032702973604,-0.09413377956420466,1.42395,0.09082844588259083,1.2246979076716642,-0.06181023540072185
30,bpb_ory_Orya,False,1.7B,4,1.305384,0.12099663634090337,0.16129615847921033,1.2009029054728844,-0.08003858981503965,1.370235,0.0496796344983545,1.268381029326751,-0.028346425782182934
30,bpb_pan_Guru,False,1.7B,1,1.046764,0.1310924160941996,0.16129615847921033,0.9386766047646974,-0.10325860961525486,1.354508,0.29399559021899874,,
30,bpb_pan_Guru,False,1.7B,2,1.046764,0.1310924160941996,0.16129615847921033,0.9243574187565697,-0.11693808847403071,1.174558,0.12208482523281271,,
30,bpb_pan_Guru,False,1.7B,3,1.046764,0.1310924160941996,0.16129615847921033,0.929338741810909,-0.1121793051624731,1.11121,0.06156688613670321,0.9270832873160668,-0.11433399761926585
30,bpb_pan_Guru,False,1.7B,4,1.046764,0.1310924160941996,0.16129615847921033,0.9439834620237295,-0.098188835283092,1.07772,0.029573046073422454,0.9834639728143556,-0.06047210945890805
30,bpb_pbt_Arab,False,1.7B,1,1.616275,0.0983911390906356,0.16129615847921033,1.4184348835733518,-0.12240498456429019,2.046798,0.26636741891076704,,
30,bpb_pbt_Arab,False,1.7B,2,1.616275,0.0983911390906356,0.16129615847921033,1.4109375383335843,-0.12704364150062067,1.810993,0.12047331054430724,,
30,bpb_pbt_Arab,False,1.7B,3,1.616275,0.0983911390906356,0.16129615847921033,1.4793192482195325,-0.08473542669438516,1.923641,0.19016937093007072,1.7559133526861923,0.08639516956346686
30,bpb_pbt_Arab,False,1.7B,4,1.616275,0.0983911390906356,0.16129615847921033,1.490583825894961,-0.07776595820948715,1.661156,0.027768170639278694,1.6233640606694903,0.0043860485805264846
30,bpb_plt_Latn,False,1.7B,1,2.149168,0.08788456369985266,0.16129615847921033,1.8278326804344946,-0.1495161474419428,2.637558,0.22724607848246386,,
30,bpb_plt_Latn,False,1.7B,2,2.149168,0.08788456369985266,0.16129615847921033,1.8618798187096677,-0.1336741386854505,2.447245,0.13869413652166798,,
30,bpb_plt_Latn,False,1.7B,3,2.149168,0.08788456369985266,0.16129615847921033,1.9005670551622724,-0.11567310923935567,2.342611,0.09000831949852234,2.111516962389382,-0.01751888991954936
30,bpb_plt_Latn,False,1.7B,4,2.149168,0.08788456369985266,0.16129615847921033,1.9433646099126258,-0.09575956374158472,2.263279,0.053095430417724375,2.146859380859569,-0.0010741920317216352
30,bpb_pol_Latn,True,1.7B,1,0.832719,0.22180887203902075,0.16027658835337388,0.9265662412480808,0.11269977176944547,1.333937,0.601905324605299,,
30,bpb_pol_Latn,True,1.7B,2,0.832719,0.22180887203902075,0.16027658835337388,0.8794635811663436,0.05613488003317279,1.0754,0.2914320437026175,,
30,bpb_pol_Latn,True,1.7B,3,0.832719,0.22180887203902075,0.16027658835337388,0.8620985029726408,0.03528141302485088,0.978876,0.17551779171605306,0.739884365000011,-0.11148374781887889
30,bpb_pol_Latn,True,1.7B,4,0.832719,0.22180887203902075,0.16027658835337388,0.8539354997702598,0.025478582535356894,0.903577,0.08509233006572442,0.7855507940634909,-0.05664360478926151
30,bpb_por_Latn,True,1.7B,1,0.758586,0.1754618945792989,0.16027658835337388,0.7651235502339162,0.008618073934815859,1.101515,0.45206344435568285,,
30,bpb_por_Latn,True,1.7B,2,0.758586,0.1754618945792989,0.16027658835337388,0.7428017597894642,-0.02080744992728025,0.92902,0.2246732736960608,,
30,bpb_por_Latn,True,1.7B,3,0.758586,0.1754618945792989,0.16027658835337388,0.7385513649341535,-0.0264104993578137,0.862758,0.1373239158117867,0.6916398189438161,-0.08825127415505149
30,bpb_por_Latn,True,1.7B,4,0.758586,0.1754618945792989,0.16027658835337388,0.7397346065962597,-0.0248507003869572,0.809277,0.06682301017946554,0.7246524209378185,-0.04473267244871581
30,bpb_ron_Latn,True,1.7B,1,0.859469,0.21622831675284074,0.16027658835337388,0.9428020599733522,0.09695877335116468,1.357311,0.5792436958168355,,
30,bpb_ron_Latn,True,1.7B,2,0.859469,0.21622831675284074,0.16027658835337388,0.8977498107727753,0.04454007157067356,1.101288,0.2813586063022634,,
30,bpb_ron_Latn,True,1.7B,3,0.859469,0.21622831675284074,0.16027658835337388,0.8814129087046093,0.02553193739926544,1.003969,0.16812706450145362,0.7646217751512944,-0.11035560892679744
30,bpb_ron_Latn,True,1.7B,4,0.859469,0.21622831675284074,0.16027658835337388,0.874208379724332,0.017149402391862793,0.928661,0.08050552143241922,0.8103112467973463,-0.05719549303424986
30,bpb_rus_Cyrl,True,1.7B,1,0.493625,0.1799069854671825,0.16027658835337388,0.5025400577758677,0.01806038546643254,0.723485,0.46565712838693357,,
30,bpb_rus_Cyrl,True,1.7B,2,0.493625,0.1799069854671825,0.16027658835337388,0.4866846172023491,-0.014060030990429693,0.607205,0.23009369460622947,,
30,bpb_rus_Cyrl,True,1.7B,3,0.493625,0.1799069854671825,0.16027658835337388,0.4833460950411409,-0.020823307083026755,0.563342,0.1412347429729046,0.44905182504192753,-0.09029764488847293
30,bpb_rus_Cyrl,True,1.7B,4,0.493625,0.1799069854671825,0.16027658835337388,0.48357737706602294,-0.020354769174934496,0.52726,0.06813876930868569,0.47087000847758437,-0.046097729090738136
30,bpb_sin_Sinh,False,1.7B,1,1.180927,0.11796823332734396,0.16129615847921033,1.0440246731603915,-0.11592784891835699,1.506525,0.27571390949652247,,
30,bpb_sin_Sinh,False,1.7B,2,1.180927,0.11796823332734396,0.16129615847921033,1.0466996602960663,-0.11366269016114776,1.354079,0.14662379639046272,,
30,bpb_sin_Sinh,False,1.7B,3,1.180927,0.11796823332734396,0.16129615847921033,1.0571320962232313,-0.10482858278011148,1.27555,0.0801260365797377,1.101769971277996,-0.06702956975495016
30,bpb_sin_Sinh,False,1.7B,4,1.180927,0.11796823332734396,0.16129615847921033,1.0742702311100265,-0.09031614053194952,1.228109,0.039953358675006864,1.1393037332640976,-0.03524626563361024
30,bpb_slk_Latn,False,1.7B,1,1.340666,0.24444709573297224,0.16027658835337388,1.6253017273728771,0.21230920107832768,2.339876,0.7453086749421556,,
30,bpb_slk_Latn,False,1.7B,2,1.340666,0.24444709573297224,0.16027658835337388,1.567861469765354,0.16946463158262684,1.948463,0.4533545267799737,,
30,bpb_slk_Latn,False,1.7B,3,1.340666,0.24444709573297224,0.16027658835337388,1.5274075491321721,0.13929013574758534,1.71294,0.277678407597418,1.311567017490808,-0.02170487094413661
30,bpb_slk_Latn,False,1.7B,4,1.340666,0.24444709573297224,0.16027658835337388,1.4955923303292276,0.11555922976284,1.528705,0.14025790166976718,1.3342139353175653,-0.00481258171866419
30,bpb_slv_Latn,False,1.7B,1,1.997317,0.1351588048374193,0.16129615847921033,1.9667629274443361,-0.015297557951824319,2.8380339999999995,0.4209231684304492,,
30,bpb_slv_Latn,False,1.7B,2,1.997317,0.1351588048374193,0.16129615847921033,1.9708936794316625,-0.013229407534376124,2.548502,0.27596270396737227,,
30,bpb_slv_Latn,False,1.7B,3,1.997317,0.1351588048374193,0.16129615847921033,1.983515880792115,-0.006909829139733488,2.376482,0.18983716655893892,2.0383920939165243,0.02056513508698134
30,bpb_slv_Latn,False,1.7B,4,1.997317,0.1351588048374193,0.16129615847921033,2.0021886777105578,0.002439110922581514,2.24328,0.12314670129979363,2.074452142516316,0.03861937915529485
30,bpb_snd_Arab,False,1.7B,1,1.684548,0.07142397302567226,0.16129615847921033,1.4022588334441408,-0.1675756146787501,2.023456,0.20118631229267436,,
30,bpb_snd_Arab,False,1.7B,2,1.684548,0.07142397302567226,0.16129615847921033,1.4335048285599612,-0.14902702175303925,1.890953,0.12252841711842,,
30,bpb_snd_Arab,False,1.7B,3,1.684548,0.07142397302567226,0.16129615847921033,1.459478532744524,-0.13360822443496762,1.78957,0.06234432025682864,1.6140753247865685,-0.04183476826628359
30,bpb_snd_Arab,False,1.7B,4,1.684548,0.07142397302567226,0.16129615847921033,1.5058060582773405,-0.10610676675444063,1.80158,0.06947382918147778,1.7010451961945294,0.009793247918450229
30,bpb_som_Latn,False,1.7B,1,2.343232,0.08742492844266932,0.16129615847921033,2.003244625968545,-0.14509334715105246,2.890677,0.2336281682735641,,
30,bpb_som_Latn,False,1.7B,2,2.343232,0.08742492844266932,0.16129615847921033,2.0390483364610708,-0.12981372033965446,2.67813,0.14292140086854394,,
30,bpb_som_Latn,False,1.7B,3,2.343232,0.08742492844266932,0.16129615847921033,2.089900442668484,-0.10811202532720439,2.597022,0.10830767077267636,2.3553270671359434,0.005161702783140311
30,bpb_som_Latn,False,1.7B,4,2.343232,0.08742492844266932,0.16129615847921033,2.133134164977164,-0.08966155934317897,2.470964,0.054511034332067825,2.3579699604027677,0.006289586520996537
30,bpb_spa_Latn,True,1.7B,1,0.698884,0.17253961376866808,0.16027658835337388,0.7001254011273325,0.0017762620511165069,1.00794,0.442213586231764,,
30,bpb_spa_Latn,True,1.7B,2,0.698884,0.17253961376866808,0.16027658835337388,0.6804455864014505,-0.026382652340802587,0.851965,0.21903634937986852,,
30,bpb_spa_Latn,True,1.7B,3,0.698884,0.17253961376866808,0.16027658835337388,0.6772276423972433,-0.030987055938834825,0.792702,0.13423973077077178,0.6376491970353797,-0.08761797804016154
30,bpb_spa_Latn,True,1.7B,4,0.698884,0.17253961376866808,0.16027658835337388,0.6787973146476806,-0.028741086292316594,0.744204,0.06484624057783557,0.6675987935378274,-0.04476451952280005
30,bpb_srp_Cyrl,False,1.7B,1,1.17167,0.14168140589968245,0.16129615847921033,1.1247108832770938,-0.04007879072000325,1.622955,0.3851639113402237,,
30,bpb_srp_Cyrl,False,1.7B,2,1.17167,0.14168140589968245,0.16129615847921033,1.1197673005558426,-0.04429805273170549,1.438551,0.22777829935049965,,
30,bpb_srp_Cyrl,False,1.7B,3,1.17167,0.14168140589968245,0.16129615847921033,1.1282657807015268,-0.03704474749585904,1.354979,0.15645104850341815,1.1534876955238493,-0.015518281150964569
30,bpb_srp_Cyrl,False,1.7B,4,1.17167,0.14168140589968245,0.16129615847921033,1.1359654830416965,-0.03047318524695815,1.262981,0.07793235296627883,1.1665970245781823,-0.004329696434847463
30,bpb_srp_Latn,False,1.7B,1,1.994244,0.14270856124286083,0.16129615847921033,1.9829604606321545,-0.005658053562074365,2.861407,0.4348329492278778,,
30,bpb_srp_Latn,False,1.7B,2,1.994244,0.14270856124286083,0.16129615847921033,1.9773015821610416,-0.008495659427310969,2.544148,0.2757455958247837,,
30,bpb_srp_Latn,False,1.7B,3,1.994244,0.14270856124286083,0.16129615847921033,1.9914558861484115,-0.0013980806017660787,2.389572,0.19823451894552518,2.037343979812753,0.021612189788588133
30,bpb_srp_Latn,False,1.7B,4,1.994244,0.14270856124286083,0.16129615847921033,2.003813132426753,0.004798375939330032,2.223757,0.11508772246525505,2.054981019388676,0.030456162530099758
30,bpb_swe_Latn,True,1.7B,1,0.897526,0.20702438678680202,0.16027658835337388,0.9717624428822573,0.08271230346781851,1.399004,0.5587336745676447,,
30,bpb_swe_Latn,True,1.7B,2,0.897526,0.20702438678680202,0.16027658835337388,0.9319481176455392,0.038352223384658664,1.151421,0.2828831699583076,,
30,bpb_swe_Latn,True,1.7B,3,0.897526,0.20702438678680202,0.16027658835337388,0.9177357040830346,0.02251712383043452,1.051628,0.17169641882240733,0.8137786802651763,-0.09330907375922674
30,bpb_swe_Latn,True,1.7B,4,0.897526,0.20702438678680202,0.16027658835337388,0.9116522155141967,0.015739059942772336,0.97297,0.08405773203227533,0.8556348141715887,-0.04667406384707667
30,bpb_swh_Latn,False,1.7B,1,2.093355,0.09409717083396728,0.16129615847921033,1.838705880097219,-0.12164640966428578,2.653248,0.26746204059989837,,
30,bpb_swh_Latn,False,1.7B,2,2.093355,0.09409717083396728,0.16129615847921033,1.87140062358103,-0.10602806328547704,2.457717,0.17405647871479052,,
30,bpb_swh_Latn,False,1.7B,3,2.093355,0.09409717083396728,0.16129615847921033,1.913599505826318,-0.0858695702227677,2.366865,0.1306562909778802,2.1373658022037443,0.021024050963044695
30,bpb_swh_Latn,False,1.7B,4,2.093355,0.09409717083396728,0.16129615847921033,1.9490738184256813,-0.06892341794598555,2.243523,0.0717355632465589,2.1350966319209537,0.01994006363992434
30,bpb_tam_Taml,False,1.7B,1,0.72524,0.1581884304866192,0.16129615847921033,0.6937233055177657,-0.04345691699607614,1.001041,0.3802892835475154,,
30,bpb_tam_Taml,False,1.7B,2,0.72524,0.1581884304866192,0.16129615847921033,0.6662055076028855,-0.08139993987799135,0.825545,0.1383059401025867,,
30,bpb_tam_Taml,False,1.7B,3,0.72524,0.1581884304866192,0.16129615847921033,0.6664592747905083,-0.08105003200249812,0.788966,0.08786884341735143,0.6285551186861368,-0.13331432534590373
30,bpb_tam_Taml,False,1.7B,4,0.72524,0.1581884304866192,0.16129615847921033,0.6730640317285039,-0.07194303716217537,0.755223,0.04134217638299043,0.6759074800967333,-0.06802233729974451
30,bpb_tat_Cyrl,False,1.7B,1,1.434292,0.09689102801031446,0.16129615847921033,1.244022939767365,-0.13265712995166598,1.795122,0.2515735986814402,,
30,bpb_tat_Cyrl,False,1.7B,2,1.434292,0.09689102801031446,0.16129615847921033,1.2538502310747626,-0.12580546285222072,1.630698,0.13693585406597827,,
30,bpb_tat_Cyrl,False,1.7B,3,1.434292,0.09689102801031446,0.16129615847921033,1.279471388546882,-0.10794218433423451,1.575993,0.0987950849617791,1.3975611628270703,-0.02560903719251699
30,bpb_tat_Cyrl,False,1.7B,4,1.434292,0.09689102801031446,0.16129615847921033,1.3054634761117183,-0.0898202903511151,1.510559,0.05317397015391572,1.4246494527753468,-0.006722862028550027
30,bpb_tel_Telu,False,1.7B,1,0.955084,0.21378009780603802,0.16027658835337388,1.0069222217919778,0.05427608649289248,1.449622,0.5177952933982769,,
30,bpb_tel_Telu,False,1.7B,2,0.955084,0.21378009780603802,0.16027658835337388,0.9282794104721188,-0.02806516445452047,1.102484,0.15433197498858736,,
30,bpb_tel_Telu,False,1.7B,3,0.955084,0.21378009780603802,0.16027658835337388,0.91623166371673,-0.04067949655032437,1.054754,0.10435731307403319,0.7729721117576924,-0.1906763051651034
30,bpb_tel_Telu,False,1.7B,4,0.955084,0.21378009780603802,0.16027658835337388,0.9134673962566331,-0.04357376287673854,0.98558,0.03193017577511503,0.8495174088512158,-0.11053121102309764
30,bpb_tgk_Cyrl,False,1.7B,1,1.493019,0.08211339913668649,0.16129615847921033,1.2419425480919344,-0.16816695025854708,1.79212,0.20033301652557658,,
30,bpb_tgk_Cyrl,False,1.7B,2,1.493019,0.08211339913668649,0.16129615847921033,1.2648211627518366,-0.15284322386263233,1.662139,0.11327384313260576,,
30,bpb_tgk_Cyrl,False,1.7B,3,1.493019,0.08211339913668649,0.16129615847921033,1.2954192468481946,-0.13234912157970222,1.60741,0.07661724331706422,1.457078022332545,-0.024072686059223008
30,bpb_tgk_Cyrl,False,1.7B,4,1.493019,0.08211339913668649,0.16129615847921033,1.3261466040648102,-0.11176843424979177,1.549907,0.03810266312752873,1.4765251187457684,-0.011047335133867471
30,bpb_tha_Thai,True,1.7B,1,0.444097,0.19187186596632558,0.16027658835337388,0.4659347950479183,0.04917348022598277,0.670786,0.5104492937353775,,
30,bpb_tha_Thai,True,1.7B,2,0.444097,0.19187186596632558,0.16027658835337388,0.4497020207179557,0.012621163209739439,0.559159,0.25909204520633994,,
30,bpb_tha_Thai,True,1.7B,3,0.444097,0.19187186596632558,0.16027658835337388,0.4452288421410038,0.002548637214400814,0.515695,0.16122153493493538,0.40673378257959864,-0.08413301017660868
30,bpb_tha_Thai,True,1.7B,4,0.444097,0.19187186596632558,0.16027658835337388,0.44380803591224827,-0.0006506778648623003,0.478593,0.07767672377881402,0.4251882857063372,-0.042577892428147024
30,bpb_tur_Latn,True,1.7B,1,0.86191,0.20594008125634658,0.16027658835337388,0.9361532511756154,0.08613805522109673,1.347739,0.5636655799329398,,
30,bpb_tur_Latn,True,1.7B,2,0.86191,0.20594008125634658,0.16027658835337388,0.9009955810526605,0.04534763612518776,1.117144,0.2961260456428165,,
30,bpb_tur_Latn,True,1.7B,3,0.86191,0.20594008125634658,0.16027658835337388,0.8879816742563513,0.03024872000133584,1.0192,0.1824900511654351,0.7940134995072344,-0.07877446658324595
30,bpb_tur_Latn,True,1.7B,4,0.86191,0.20594008125634658,0.16027658835337388,0.8815347562933308,0.022768915888353572,0.939034,0.08948034017472832,0.8285858204169407,-0.038663177806336185
30,bpb_uig_Arab,False,1.7B,1,1.730519,0.0865801789555699,0.16129615847921033,1.448844499532563,-0.16276879968809185,2.090679,0.20812253433796465,,
30,bpb_uig_Arab,False,1.7B,2,1.730519,0.0865801789555699,0.16129615847921033,1.472012938513313,-0.14938065487098784,1.929799,0.11515620458371167,,
30,bpb_uig_Arab,False,1.7B,3,1.730519,0.0865801789555699,0.16129615847921033,1.5067923493278477,-0.12928297850075743,1.86763,0.0792311439516122,1.6853131285440979,-0.02612272471778816
30,bpb_uig_Arab,False,1.7B,4,1.730519,0.0865801789555699,0.16129615847921033,1.540276130043327,-0.1099339966545718,1.792275,0.03568640390541805,1.7045759346913343,-0.014991494059681308
30,bpb_ukr_Cyrl,True,1.7B,1,0.489766,0.2301791327385871,0.16027658835337388,0.5525158721698884,0.1281221484747582,0.795433,0.6241082476121249,,
30,bpb_ukr_Cyrl,True,1.7B,2,0.489766,0.2301791327385871,0.16027658835337388,0.5216884279973381,0.06517893850805911,0.634583,0.2956861031594681,,
30,bpb_ukr_Cyrl,True,1.7B,3,0.489766,0.2301791327385871,0.16027658835337388,0.5099218325986904,0.0411540053794882,0.57568,0.17541846514457923,0.42955270991167566,-0.12294297703050912
30,bpb_ukr_Cyrl,True,1.7B,4,0.489766,0.2301791327385871,0.16027658835337388,0.5042861648633081,0.029647147542516527,0.531047,0.08428719020920208,0.4586644147315816,-0.06350294889481586
30,bpb_urd_Arab,False,1.7B,1,1.195241,0.1328152971904126,0.16129615847921033,1.1252611267781905,-0.05854875562485686,1.623749,0.35851179803905664,,
30,bpb_urd_Arab,False,1.7B,2,1.195241,0.1328152971904126,0.16129615847921033,1.114621539511285,-0.06745038070875659,1.424663,0.19194622674422984,,
30,bpb_urd_Arab,False,1.7B,3,1.195241,0.1328152971904126,0.16129615847921033,1.126149788111771,-0.05780525591761743,1.359839,0.13771113942711138,1.1545331556851475,-0.03405827303016925
30,bpb_urd_Arab,False,1.7B,4,1.195241,0.1328152971904126,0.16129615847921033,1.1384873513682496,-0.04748301692441136,1.28143,0.07211014347734061,1.1833338020607376,-0.009962173268204845
30,bpb_uzn_Cyrl,False,1.7B,1,1.465876,0.07701896956474201,0.16129615847921033,1.2351698406155918,-0.15738449867820212,1.782347,0.21589206726899135,,
30,bpb_uzn_Cyrl,False,1.7B,2,1.465876,0.07701896956474201,0.16129615847921033,1.2701624725368101,-0.133513017105942,1.685398,0.1497548223724244,,
30,bpb_uzn_Cyrl,False,1.7B,3,1.465876,0.07701896956474201,0.16129615847921033,1.2991105735720094,-0.1137650295304586,1.607584,0.09667120547713445,1.474689072593455,0.006012154229590351
30,bpb_uzn_Cyrl,False,1.7B,4,1.465876,0.07701896956474201,0.16129615847921033,1.331630793065019,-0.0915801929596916,1.562311,0.06578660132234926,1.4929127810987806,0.01844411198408365
30,bpb_uzn_Latn,False,1.7B,1,2.421223,0.09863520193296725,0.16129615847921033,2.0607041847215823,-0.14889946745029994,2.973591,0.22813594617265737,,
30,bpb_uzn_Latn,False,1.7B,2,2.421223,0.09863520193296725,0.16129615847921033,2.0912393661121818,-0.13628799738306557,2.738435,0.13101312848919744,,
30,bpb_uzn_Latn,False,1.7B,3,2.421223,0.09863520193296725,0.16129615847921033,2.1358061353153044,-0.11788127928930772,2.635311,0.08842142999632842,2.364391024777256,-0.023472424978097328
30,bpb_uzn_Latn,False,1.7B,4,2.421223,0.09863520193296725,0.16129615847921033,2.17314695444299,-0.10245898273600157,2.493684,0.029927437497496146,2.3659460222580746,-0.022830188603827614
30,bpb_vie_Latn,True,1.7B,1,0.746486,0.1805183871057241,0.16027658835337388,0.7640066170384754,0.023470791198328442,1.099907,0.4734462535131268,,
30,bpb_vie_Latn,True,1.7B,2,0.746486,0.1805183871057241,0.16027658835337388,0.7416919020945504,-0.006422220785720832,0.9276,0.242622098739963,,
30,bpb_vie_Latn,True,1.7B,3,0.746486,0.1805183871057241,0.16027658835337388,0.7365287835383275,-0.013338785270818835,0.858252,0.1497228347216157,0.686460360027729,-0.0804109386810616
30,bpb_vie_Latn,True,1.7B,4,0.746486,0.1805183871057241,0.16027658835337388,0.7363201163988067,-0.013618317826715175,0.801001,0.0730288310832353,0.7163768152245876,-0.04033456056163459
30,bpb_zsm_Latn,False,1.7B,1,1.112196,0.1462477905670466,0.16129615847921033,1.075622787361896,-0.032883783647939736,1.552121,0.39554628860380736,,
30,bpb_zsm_Latn,False,1.7B,2,1.112196,0.1462477905670466,0.16129615847921033,1.0655099556583811,-0.041976454097675975,1.361964,0.22457192796953054,,
30,bpb_zsm_Latn,False,1.7B,3,1.112196,0.1462477905670466,0.16129615847921033,1.0693407088061453,-0.03853213929366287,1.274052,0.14552830616186357,1.0689029799570282,-0.0389257109744791
30,bpb_zsm_Latn,False,1.7B,4,1.112196,0.1462477905670466,0.16129615847921033,1.0775811656858427,-0.031122962422232447,1.201219,0.08004254645763884,1.0998045347171113,-0.01114144025233745
50,bpb_afr_Latn,False,1B,1,1.566426,0.182886656393361,0.20252901157066183,1.5137974199984283,-0.03359787184429509,2.154639,0.37551279153946615,,
50,bpb_afr_Latn,False,1B,2,1.566426,0.182886656393361,0.20252901157066183,1.5105544413119414,-0.03566817627392466,1.864423,0.19024007517750588,,
50,bpb_afr_Latn,False,1B,3,1.566426,0.182886656393361,0.20252901157066183,1.5246707008104132,-0.02665641351049259,1.722607,0.09970531643371593,1.558009003047388,-0.005373376688469164
50,bpb_als_Latn,True,1B,1,1.12647,0.2621624805667322,0.20237017741414443,1.204635649255211,0.06938990763643148,1.714124,0.5216774525730822,,
50,bpb_als_Latn,True,1B,2,1.12647,0.2621624805667322,0.20237017741414443,1.159705661196334,0.029504257722206367,1.380724,0.2257086296128614,,
50,bpb_als_Latn,True,1B,3,1.12647,0.2621624805667322,0.20237017741414443,1.147151718052935,0.01835975929490784,1.244694,0.10495086420410653,1.0740520720037288,-0.046532910771055876
50,bpb_amh_Ethi,False,1B,1,1.628673,0.12509492859671545,0.20252901157066183,1.3898630324338652,-0.14662855439129574,1.978239,0.21463240318959056,,
50,bpb_amh_Ethi,False,1B,2,1.628673,0.12509492859671545,0.20252901157066183,1.41033144698865,-0.13406101348235647,1.770149,0.08686581038673812,,
50,bpb_amh_Ethi,False,1B,3,1.628673,0.12509492859671545,0.20252901157066183,1.4498552779928655,-0.10979350797068198,1.69927,0.04334633164545616,1.5789097788925022,-0.030554458204622947
50,bpb_arb_Arab,True,1B,1,0.753208,0.20237017741414443,0.20252901157066183,0.7282796322767162,-0.03309625989538583,1.036585,0.37622675276948747,,
50,bpb_arb_Arab,True,1B,2,0.753208,0.20237017741414443,0.20252901157066183,0.7169312731770298,-0.04816296006278509,0.872964,0.15899459379082534,,
50,bpb_arb_Arab,True,1B,3,0.753208,0.20237017741414443,0.20252901157066183,0.7214006760635365,-0.04222913715263707,0.810038,0.07545060594151953,0.7215268666248564,-0.04206159968447435
50,bpb_ars_Arab,False,1B,1,1.217539,0.12092157639387524,0.20252901157066183,1.0418680590338292,-0.14428362538380352,1.482926,0.2179700198515202,,
50,bpb_ars_Arab,False,1B,2,1.217539,0.12092157639387524,0.20252901157066183,1.0621851252611525,-0.12759663118704817,1.339452,0.10013067343222695,,
50,bpb_ars_Arab,False,1B,3,1.217539,0.12092157639387524,0.20252901157066183,1.0919099615206849,-0.10318276332775793,1.279649,0.05101273963298105,1.1945803983238248,-0.01885656367161556
50,bpb_ary_Arab,False,1B,1,0.812781,0.1946860361457227,0.20252901157066183,0.7742498755461998,-0.04740652703963323,1.102016,0.3558584661796968,,
50,bpb_ary_Arab,False,1B,2,0.812781,0.1946860361457227,0.20252901157066183,0.7645066574511425,-0.059394034246442066,0.933729,0.14880761238267143,,
50,bpb_ary_Arab,False,1B,3,0.812781,0.1946860361457227,0.20252901157066183,0.77090548871516,-0.05152127237821753,0.869304,0.06954271814916932,0.7775924256639686,-0.04329404148968959
50,bpb_arz_Arab,False,1B,1,1.062595,0.1429254633563426,0.20252901157066183,0.9391409248062066,-0.11618168276134687,1.336711,0.25796846399616036,,
50,bpb_arz_Arab,False,1B,2,1.062595,0.1429254633563426,0.20252901157066183,0.9483500929256119,-0.10751500531659575,1.18453,0.11475209275405976,,
50,bpb_arz_Arab,False,1B,3,1.062595,0.1429254633563426,0.20252901157066183,0.9693089863838018,-0.08779075152452077,1.123001,0.056847623036057914,1.0350646821375786,-0.02590857086888356
50,bpb_asm_Beng,False,1B,1,1.029721,0.08184961136119874,0.20252901157066183,0.8141892073482558,-0.20931086444944236,1.158863,0.125414554039395,,
50,bpb_asm_Beng,False,1B,2,1.029721,0.08184961136119874,0.20252901157066183,0.8383141340688184,-0.18588225930245347,1.067647,0.03683133586670555,,
50,bpb_asm_Beng,False,1B,3,1.029721,0.08184961136119874,0.20252901157066183,0.8730185488944076,-0.15217952348800554,1.049996,0.019689799469953334,0.9970985827095697,-0.03168083130326599
50,bpb_azj_Latn,True,1B,1,0.965956,0.24605351714272605,0.20237017741414443,1.007474109738291,0.0429813674104111,1.433575,0.48409968984094515,,
50,bpb_azj_Latn,True,1B,2,0.965956,0.24605351714272605,0.20237017741414443,0.9750979813992906,0.009464179941209088,1.167158,0.2082931313641614,,
50,bpb_azj_Latn,True,1B,3,0.965956,0.24605351714272605,0.20237017741414443,0.9692293398382743,0.0033887049081679386,1.061888,0.0993130121868904,0.9237088445473025,-0.043736107496301614
50,bpb_bel_Cyrl,False,1B,1,1.290426,0.16033969979606977,0.20252901157066183,1.2199527809926725,-0.05461236754941981,1.7364,0.34560214998767835,,
50,bpb_bel_Cyrl,False,1B,2,1.290426,0.16033969979606977,0.20252901157066183,1.225479662343478,-0.050329377784175164,1.52268,0.17998242440868362,,
50,bpb_bel_Cyrl,False,1B,3,1.290426,0.16033969979606977,0.20252901157066183,1.245752158123327,-0.03461945270528725,1.427623,0.10631915351984539,1.3049942054746595,0.011289454393091446
50,bpb_ben_Beng,True,1B,1,0.477982,0.21211453819953827,0.20237017741414443,0.4713916947465433,-0.013787768688897738,0.670762,0.4033206271365866,,
50,bpb_ben_Beng,True,1B,2,0.477982,0.21211453819953827,0.20237017741414443,0.46293030731762635,-0.0314900826440612,0.562233,0.17626395973070108,,
50,bpb_ben_Beng,True,1B,3,0.477982,0.21211453819953827,0.20237017741414443,0.4642703336003633,-0.028686574807496357,0.517818,0.0833420505374679,0.4593150934292496,-0.03905357643331847
50,bpb_bew_Latn,False,1B,1,1.469743,0.15518004470801708,0.20252901157066183,1.3288920912681745,-0.09583369931465942,1.891457,0.2869304361374743,,
50,bpb_bew_Latn,False,1B,2,1.469743,0.15518004470801708,0.20252901157066183,1.3349176477528455,-0.09173396454152496,1.658665,0.12854084013327502,,
50,bpb_bew_Latn,False,1B,3,1.469743,0.15518004470801708,0.20252901157066183,1.360018308490608,-0.07465569933613708,1.565511,0.06515969118410503,1.4328122382847877,-0.025127360167874497
50,bpb_bod_Tibt,False,1B,1,0.934956,0.23594306491269676,0.20237017741414443,0.9167647201072217,-0.019456829939353677,1.304501,0.3952538943009082,,
50,bpb_bod_Tibt,False,1B,2,0.934956,0.23594306491269676,0.20237017741414443,0.8926650935080613,-0.0452330446480248,1.074945,0.1497279016338737,,
50,bpb_bod_Tibt,False,1B,3,0.934956,0.23594306491269676,0.20237017741414443,0.8890673321183669,-0.04908109887698795,0.977963,0.04599895610060796,0.8567981134326279,-0.08359525642636884
50,bpb_bos_Latn,True,1B,1,1.074768,0.2554020900697742,0.20237017741414443,1.1273688522831051,0.04894158765715502,1.604178,0.4925807243981959,,
50,bpb_bos_Latn,True,1B,2,1.074768,0.2554020900697742,0.20237017741414443,1.0841090125940283,0.008691189720970766,1.289279,0.19958819019546556,,
50,bpb_bos_Latn,True,1B,3,1.074768,0.2554020900697742,0.20237017741414443,1.0759715798396425,0.0011198508325913946,1.175309,0.09354670031113692,1.01493544037521,-0.055670209407788426
50,bpb_bul_Cyrl,True,1B,1,0.603641,0.24103572554819108,0.20237017741414443,0.6175187488859382,0.02299007006803411,0.878692,0.4556532773618758,,
50,bpb_bul_Cyrl,True,1B,2,0.603641,0.24103572554819108,0.20237017741414443,0.5968620119037369,-0.011230165108505046,0.713452,0.18191441601879263,,
50,bpb_bul_Cyrl,True,1B,3,0.603641,0.24103572554819108,0.20237017741414443,0.5948701935859055,-0.014529838785129647,0.655261,0.08551440342852788,0.5700730430424173,-0.055609140130611794
50,bpb_cat_Latn,True,1B,1,1.006901,0.23674456367933702,0.20237017741414443,1.0201745768301358,0.013182603682125399,1.451647,0.44169784318418576,,
50,bpb_cat_Latn,True,1B,2,1.006901,0.23674456367933702,0.20237017741414443,0.9872484875054216,-0.01951782001862988,1.181532,0.17343413106154426,,
50,bpb_cat_Latn,True,1B,3,1.006901,0.23674456367933702,0.20237017741414443,0.9853055569282272,-0.021447434327478924,1.088317,0.08085799894925115,0.9487056041706182,-0.057796541893772896
50,bpb_ces_Latn,True,1B,1,0.927974,0.24371458135496749,0.20237017741414443,0.9556349522259635,0.029807895723332273,1.359811,0.46535463278065997,,
50,bpb_ces_Latn,True,1B,2,0.927974,0.24371458135496749,0.20237017741414443,0.9222602503824239,-0.0061572302861676,1.100733,0.1861679314291133,,
50,bpb_ces_Latn,True,1B,3,0.927974,0.24371458135496749,0.20237017741414443,0.9186704365114913,-0.01002567258189205,1.010806,0.08926112154004329,0.8777824241341099,-0.05408726523145053
50,bpb_ckb_Arab,False,1B,1,1.700585,0.07616449716772027,0.20252901157066183,1.3732520305903904,-0.19248256888635948,1.954596,0.1493668355301264,,
50,bpb_ckb_Arab,False,1B,2,1.700585,0.07616449716772027,0.20252901157066183,1.4622882100796952,-0.14012636235195816,1.925995,0.1325485053672706,,
50,bpb_ckb_Arab,False,1B,3,1.700585,0.07616449716772027,0.20252901157066183,1.5066038231534407,-0.11406732203715741,1.773626,0.042950514087799145,1.7315402244616014,0.01820269169821054
50,bpb_cmn_Hani,True,1B,1,1.075041,0.1955346215165931,0.20252901157066183,1.0264317640838232,-0.04521616935184493,1.460955,0.3589760762612776,,
50,bpb_cmn_Hani,True,1B,2,1.075041,0.1955346215165931,0.20252901157066183,1.0120738209144153,-0.058571886175117584,1.234337,0.14817667419196115,,
50,bpb_cmn_Hani,True,1B,3,1.075041,0.1955346215165931,0.20252901157066183,1.0207400359223597,-0.0505105982726614,1.151468,0.07109217229854492,1.0286323987070587,-0.04316914544928168
50,bpb_cym_Latn,False,1B,1,2.483011,0.10432583727457766,0.20252901157066183,2.1034539105109658,-0.15286162223567842,2.993917,0.2057606671899562,,
50,bpb_cym_Latn,False,1B,2,2.483011,0.10432583727457766,0.20252901157066183,2.1577180818303527,-0.13100744143688736,2.737763,0.1025980150712181,,
50,bpb_cym_Latn,False,1B,3,2.483011,0.10432583727457766,0.20252901157066183,2.228639793909824,-0.10244465533587083,2.636702,0.061897027439669114,2.4831634580993684,6.140049293724067e-05
50,bpb_dan_Latn,True,1B,1,0.990999,0.24302130563583904,0.20237017741414443,1.0248276198035253,0.03413587683088012,1.458268,0.47151308931694175,,
50,bpb_dan_Latn,True,1B,2,0.990999,0.24302130563583904,0.20237017741414443,0.9905620480201317,-0.00044092070715334817,1.184076,0.1948306708684872,,
50,bpb_dan_Latn,True,1B,3,0.990999,0.24302130563583904,0.20237017741414443,0.9864059338553353,-0.0046347838339541245,1.084674,0.09452582696854382,0.9432229811599163,-0.04820995665998013
50,bpb_dclm,True,1B,1,0.853704,0.14706553106120812,0.20252901157066183,0.7558184995633839,-0.11465976548852547,1.075782,0.26013466025695087,,
50,bpb_dclm,True,1B,2,0.853704,0.14706553106120812,0.20252901157066183,0.7608468451246708,-0.10876973151739854,0.947363,0.10970898578429987,,
50,bpb_dclm,True,1B,3,0.853704,0.14706553106120812,0.20252901157066183,0.777226691800744,-0.08958293295949887,0.899455,0.05359117445859453,0.8261767721337807,-0.032244463966690215
50,bpb_deu_Latn,True,1B,1,0.834687,0.21227602535964693,0.20237017741414443,0.8186579689993517,-0.01920364280340802,1.164901,0.39561416435142754,,
50,bpb_deu_Latn,True,1B,2,0.834687,0.21227602535964693,0.20237017741414443,0.8014766747724676,-0.03978775903725865,0.97039,0.16257950585069617,,
50,bpb_deu_Latn,True,1B,3,0.834687,0.21227602535964693,0.20237017741414443,0.8047157128246554,-0.035907216927236904,0.899583,0.07774890467923913,0.7959852752219353,-0.046366751582407134
50,bpb_div_Thaa,False,1B,1,1.561963,0.03896399669015833,0.20252901157066183,1.6887809719645857,0.08119140591972132,2.403699,0.5388962478624654,,
50,bpb_div_Thaa,False,1B,2,1.561963,0.03896399669015833,0.20252901157066183,1.5834957377772112,0.013785690043369278,1.836538,0.17578841496245431,,
50,bpb_div_Thaa,False,1B,3,1.561963,0.03896399669015833,0.20252901157066183,1.7424549772088849,0.11555457921146972,2.339816,0.497997071633579,2.086345038035613,0.3357198845527154
50,bpb_ekk_Latn,True,1B,1,1.220733,0.25156798132887853,0.20237017741414443,1.2908641746666263,0.05745005227730078,1.836822,0.5046877572737035,,
50,bpb_ekk_Latn,True,1B,2,1.220733,0.25156798132887853,0.20237017741414443,1.248845747713686,0.023029399314744493,1.494184,0.22400557697711118,,
50,bpb_ekk_Latn,True,1B,3,1.220733,0.25156798132887853,0.20237017741414443,1.2385916552408647,0.014629452337951548,1.351022,0.10673013672932563,1.1732739289391367,-0.038877519540197025
50,bpb_ell_Grek,True,1B,1,0.509869,0.2378909561072628,0.20237017741414443,0.520535024914675,0.02091914769220122,0.74069,0.4527064795074812,,
50,bpb_ell_Grek,True,1B,2,0.509869,0.2378909561072628,0.20237017741414443,0.5042983809069858,-0.010925588912081851,0.604216,0.18504164795270933,,
50,bpb_ell_Grek,True,1B,3,0.509869,0.2378909561072628,0.20237017741414443,0.5028372896971656,-0.013791209708443636,0.554374,0.08728712669332714,0.48354817821235196,-0.0516227144377243
50,bpb_epo_Latn,False,1B,1,2.121281,0.15081359366247532,0.20252901157066183,1.895555380523197,-0.10641005103840703,2.698008,0.27187675748757467,,
50,bpb_epo_Latn,False,1B,2,2.121281,0.15081359366247532,0.20252901157066183,1.9208058347922012,-0.09450665197482037,2.40752,0.1349368612644905,,
50,bpb_epo_Latn,False,1B,3,2.121281,0.15081359366247532,0.20252901157066183,1.9539368713277192,-0.07888824190302038,2.242309,0.05705420451133061,2.068441774502577,-0.024909111757199086
50,bpb_eus_Latn,False,1B,1,2.429752,0.13195181276554166,0.20252901157066183,2.0956103532390227,-0.1375208855722631,2.982753,0.22759565585294303,,
50,bpb_eus_Latn,False,1B,2,2.429752,0.13195181276554166,0.20252901157066183,2.1021255604758826,-0.13483945667052338,2.608232,0.07345605642057294,,
50,bpb_eus_Latn,False,1B,3,2.429752,0.13195181276554166,0.20252901157066183,2.164394214168004,-0.10921188081417206,2.544618,0.04727478359931371,2.339320555053548,-0.037218384817237424
50,bpb_fas_Arab,True,1B,1,0.652678,0.21154682272339334,0.20237017741414443,0.6383446476132348,-0.02196083273339249,0.908326,0.39169084908637947,,
50,bpb_fas_Arab,True,1B,2,0.652678,0.21154682272339334,0.20237017741414443,0.6251264144003679,-0.04221313664568457,0.75709,0.1599747501830919,,
50,bpb_fas_Arab,True,1B,3,0.652678,0.21154682272339334,0.20237017741414443,0.6277796893632221,-0.03814792384112508,0.702072,0.07567897186667859,0.6214676871119625,-0.04781885231007854
50,bpb_fil_Latn,False,1B,1,1.646125,0.19614734945000295,0.20252901157066183,1.5726233969621097,-0.044651288959155794,2.238368,0.3597800896043738,,
50,bpb_fil_Latn,False,1B,2,1.646125,0.19614734945000295,0.20252901157066183,1.5527451183359888,-0.05672709038743184,1.896335,0.1519993925127193,,
50,bpb_fil_Latn,False,1B,3,1.646125,0.19614734945000295,0.20252901157066183,1.5647907929748828,-0.04940949625643088,1.762379,0.07062282633457354,1.575826125751504,-0.042705671955954747
50,bpb_fin_Latn,True,1B,1,1.063355,0.2498219015366052,0.20237017741414443,1.1151624327989182,0.04872073089318073,1.586809,0.49226645852043754,,
50,bpb_fin_Latn,True,1B,2,1.063355,0.2498219015366052,0.20237017741414443,1.077862264108941,0.013642917096304608,1.288414,0.2116499193590098,,
50,bpb_fin_Latn,True,1B,3,1.063355,0.2498219015366052,0.20237017741414443,1.0702052535874325,0.006442113487435907,1.169958,0.1002515622722421,1.0157186053127858,-0.04479820444462503
50,bpb_fra_Latn,True,1B,1,0.753199,0.1970672610321205,0.20252901157066183,0.7202786980046907,-0.04370730974856481,1.025197,0.3611236870999563,,
50,bpb_fra_Latn,True,1B,2,0.753199,0.1970672610321205,0.20252901157066183,0.7090884568654294,-0.05856426141639929,0.863455,0.14638362504464295,,
50,bpb_fra_Latn,True,1B,3,0.753199,0.1970672610321205,0.20252901157066183,0.7151277289898063,-0.05054609872051569,0.806642,0.07095468793771635,0.719441833003797,-0.04481839061948158
50,bpb_gle_Latn,False,1B,1,2.094991,0.15357521377462394,0.20252901157066183,1.918329378102025,-0.08432571877300421,2.7304230000000005,0.30331013355188674,,
50,bpb_gle_Latn,False,1B,2,2.094991,0.15357521377462394,0.20252901157066183,1.9276790515390734,-0.0798628483181677,2.395994,0.14367746687217278,,
50,bpb_gle_Latn,False,1B,3,2.094991,0.15357521377462394,0.20252901157066183,1.965023873234744,-0.06203708119283367,2.264461,0.0808929489434561,2.0738620526374034,-0.010085459728751297
50,bpb_glg_Latn,False,1B,1,1.468022,0.16182025123104232,0.20252901157066183,1.3352918550795443,-0.09041427507248233,1.900566,0.29464408571533673,,
50,bpb_glg_Latn,False,1B,2,1.468022,0.16182025123104232,0.20252901157066183,1.3364147539568076,-0.08964936904432788,1.65442,0.12697221158810976,,
50,bpb_glg_Latn,False,1B,3,1.468022,0.16182025123104232,0.20252901157066183,1.359612602084316,-0.0738472570000204,1.560608,0.06306853712001595,1.421949085736497,-0.031384348642937925
50,bpb_gmh_Latn,False,1B,1,1.718552,0.11951776947531527,0.20252901157066183,1.4481410002008324,-0.15734816275513788,2.061188,0.19937482252500938,,
50,bpb_gmh_Latn,False,1B,2,1.718552,0.11951776947531527,0.20252901157066183,1.4751431202497538,-0.1416360283251518,1.858647,0.08151920919471732,,
50,bpb_gmh_Latn,False,1B,3,1.718552,0.11951776947531527,0.20252901157066183,1.5178398637826422,-0.1167914245349328,1.782134,0.036997425739808874,1.663128776541417,-0.032249954297910666
50,bpb_guj_Gujr,False,1B,1,1.076355,0.2884842958735908,0.20237017741414443,1.0912415331269287,0.013830504923495298,1.552771,0.4426197676417167,,
50,bpb_guj_Gujr,False,1B,2,1.076355,0.2884842958735908,0.20237017741414443,1.0115448682883512,-0.06021259873522094,1.159622,0.07736016462969929,,
50,bpb_guj_Gujr,False,1B,3,1.076355,0.2884842958735908,0.20237017741414443,1.0040663962333478,-0.06716055926404592,1.097015,0.019194410765964877,0.9132266278005259,-0.15155629155759398
50,bpb_heb_Hebr,True,1B,1,0.87249,0.22369593640154883,0.20237017741414443,0.8764214811810155,0.004506047268181291,1.247095,0.4293516258065996,,
50,bpb_heb_Hebr,True,1B,2,0.87249,0.22369593640154883,0.20237017741414443,0.8575410603026092,-0.017133651614793008,1.037681,0.18933282902955917,,
50,bpb_heb_Hebr,True,1B,3,0.87249,0.22369593640154883,0.20237017741414443,0.8569712746148265,-0.017786708598578223,0.94904,0.08773739527100598,0.8370805919043384,-0.04058431396997286
50,bpb_hif_Latn,False,1B,1,1.727756,0.1472730847601818,0.20252901157066183,1.5338081865892101,-0.1122541686504286,2.183121,0.26355862749138176,,
50,bpb_hif_Latn,False,1B,2,1.727756,0.1472730847601818,0.20252901157066183,1.5495656276695802,-0.10313399133350999,1.93637,0.12074274376705961,,
50,bpb_hif_Latn,False,1B,3,1.727756,0.1472730847601818,0.20252901157066183,1.5805615083053322,-0.08519402722066537,1.823665,0.05551073183944956,1.6797220102105632,-0.02780137345171242
50,bpb_hin_Deva,True,1B,1,0.498298,0.20252901157066183,0.20237017741414443,0.4831645048794878,-0.03037037098385345,0.687514,0.37972458247875757,,
50,bpb_hin_Deva,True,1B,2,0.498298,0.20252901157066183,0.20237017741414443,0.4766058321288248,-0.0435325204419348,0.581421,0.1668138342919296,,
50,bpb_hin_Deva,True,1B,3,0.498298,0.20252901157066183,0.20237017741414443,0.47912915283952057,-0.03846864157688663,0.536951,0.07757004844490634,0.4790453561307089,-0.03863680743107758
50,bpb_hrv_Latn,True,1B,1,1.075963,0.25620446369847155,0.20237017741414443,1.1308693517621047,0.05102996270513454,1.609159,0.49555235635426126,,
50,bpb_hrv_Latn,True,1B,2,1.075963,0.25620446369847155,0.20237017741414443,1.0870634103099437,0.010316721216197663,1.292303,0.20106639354698996,,
50,bpb_hrv_Latn,True,1B,3,1.075963,0.25620446369847155,0.20237017741414443,1.0786907778367663,0.002535196690561157,1.177814,0.09466031824514404,1.0166017433962933,-0.05517035121440674
50,bpb_hun_Latn,True,1B,1,0.980904,0.23695993693878695,0.20237017741414443,1.0068732410262768,0.02647480388119209,1.43272,0.46061184376860526,,
50,bpb_hun_Latn,True,1B,2,0.980904,0.23695993693878695,0.20237017741414443,0.9770666715101987,-0.003912032665583319,1.172575,0.19540240431275632,,
50,bpb_hun_Latn,True,1B,3,0.980904,0.23695993693878695,0.20237017741414443,0.9740017545302923,-0.007036616702253988,1.073313,0.09420799588950597,0.9375992933986326,-0.04414775207499146
50,bpb_hye_Armn,False,1B,1,1.404002,0.0867752395342359,0.20252901157066183,1.378379429459133,-0.018249668120748425,1.961894,0.3973584083213557,,
50,bpb_hye_Armn,False,1B,2,1.404002,0.0867752395342359,0.20252901157066183,1.3192719491371805,-0.060348953108912584,1.56185,0.11242719027465772,,
50,bpb_hye_Armn,False,1B,3,1.404002,0.0867752395342359,0.20252901157066183,1.4107226134048294,0.004786754865612324,1.788904,0.2741463331248816,1.602509401633573,0.14138683679480019
50,bpb_ind_Latn,True,1B,1,0.835008,0.20305030899322934,0.20237017741414443,0.8064817686433704,-0.034162824016811304,1.147575,0.3743281501494597,,
50,bpb_ind_Latn,True,1B,2,0.835008,0.20305030899322934,0.20237017741414443,0.7920920868543498,-0.051395810753489944,0.962108,0.15221411052349199,,
50,bpb_ind_Latn,True,1B,3,0.835008,0.20305030899322934,0.20237017741414443,0.7974590447217766,-0.04496837788167698,0.896333,0.07344241013259763,0.7968619996096765,-0.045683395117559894
50,bpb_isl_Latn,False,1B,1,2.279288,0.13232781871625315,0.20252901157066183,1.9860387246596196,-0.12865828071765417,2.826796,0.24021010069811258,,
50,bpb_isl_Latn,False,1B,2,2.279288,0.13232781871625315,0.20252901157066183,2.013420687228503,-0.11664489646393839,2.524764,0.10769854445774275,,
50,bpb_isl_Latn,False,1B,3,2.279288,0.13232781871625315,0.20252901157066183,2.0641542864768576,-0.0943863669370183,2.405959,0.055574811081355216,2.230055668584902,-0.0215998730371495
50,bpb_ita_Latn,True,1B,1,0.864554,0.20622028952661065,0.20237017741414443,0.8387684474356184,-0.029825265471424157,1.193517,0.38050023480314693,,
50,bpb_ita_Latn,True,1B,2,0.864554,0.20622028952661065,0.20237017741414443,0.8228409320777376,-0.04824807695327588,0.99829,0.15468785061430512,,
50,bpb_ita_Latn,True,1B,3,0.864554,0.20622028952661065,0.20237017741414443,0.8276639241362135,-0.04266948723131992,0.928594,0.07407287456885282,0.8241622516943169,-0.04671975180923707
50,bpb_jpn_Jpan,True,1B,1,0.825871,0.19897938354973643,0.20252901157066183,0.794640735695215,-0.0378149424120535,1.131039,0.36951049255876506,,
50,bpb_jpn_Jpan,True,1B,2,0.825871,0.19897938354973643,0.20252901157066183,0.782799828244907,-0.05215242060211947,0.953828,0.15493581927443872,,
50,bpb_jpn_Jpan,True,1B,3,0.825871,0.19897938354973643,0.20252901157066183,0.7886177671279357,-0.045107810871267154,0.887624,0.07477317886207403,0.791706404505628,-0.04136795636893898
50,bpb_kan_Knda,False,1B,1,0.967811,0.33793348682165797,0.20237017741414443,1.0965017697461432,0.1329709723759528,1.560256,0.6121494795988061,,
50,bpb_kan_Knda,False,1B,2,0.967811,0.33793348682165797,0.20237017741414443,0.9967819014599654,0.029934461852536697,1.120619,0.15789033189331395,,
50,bpb_kan_Knda,False,1B,3,0.967811,0.33793348682165797,0.20237017741414443,0.9759810949831911,0.00844182901743326,1.037575,0.07208432224886878,0.8406371610902469,-0.1314035890372739
50,bpb_kat_Geor,True,1B,1,0.472676,0.22165270043736574,0.20237017741414443,0.4781165049281422,0.011510008818180407,0.680331,0.43931784139664387,,
50,bpb_kat_Geor,True,1B,2,0.472676,0.22165270043736574,0.20237017741414443,0.4685437700980757,-0.008742203754631715,0.56785,0.2013514542731173,,
50,bpb_kat_Geor,True,1B,3,0.472676,0.22165270043736574,0.20237017741414443,0.4683600339537455,-0.009130918528240285,0.518961,0.0979211976068174,0.458519710337026,-0.02994924570524841
50,bpb_kaz_Cyrl,True,1B,1,0.668343,0.23794973828430904,0.20237017741414443,0.693501584294476,0.03764322255859032,0.986811,0.4765038311166571,,
50,bpb_kaz_Cyrl,True,1B,2,0.668343,0.23794973828430904,0.20237017741414443,0.6744556254183509,0.009145940659737428,0.811197,0.2137435418639829,,
50,bpb_kaz_Cyrl,True,1B,3,0.668343,0.23794973828430904,0.20237017741414443,0.6714742816421806,0.004685141674530252,0.738035,0.10427579850466,0.6456743668997249,-0.033917663685076545
50,bpb_khk_Cyrl,False,1B,1,1.56539,0.11857716661893064,0.20252901157066183,1.3279141056248083,-0.15170398071738786,1.890065,0.20740837746504068,,
50,bpb_khk_Cyrl,False,1B,2,1.56539,0.11857716661893064,0.20252901157066183,1.3450407814847567,-0.1407631443379882,1.685157,0.07650936827244326,,
50,bpb_khk_Cyrl,False,1B,3,1.56539,0.11857716661893064,0.20252901157066183,1.3876026852343042,-0.1135738153212272,1.637779,0.04624342815528401,1.5220008534111849,-0.027717786998010214
50,bpb_khm_Khmr,False,1B,1,1.19418,0.212130045734183,0.20237017741414443,1.165068971646871,-0.024377420785081868,1.657823,0.38825218978713427,,
50,bpb_khm_Khmr,False,1B,2,1.19418,0.212130045734183,0.20237017741414443,1.1370398753660615,-0.04784883738962172,1.372356,0.14920363764256636,,
50,bpb_khm_Khmr,False,1B,3,1.19418,0.212130045734183,0.20237017741414443,1.1431113682427896,-0.04276460144803165,1.281179,0.07285250129796182,1.1308914241132433,-0.05299751786728696
50,bpb_kir_Cyrl,False,1B,1,1.420104,0.09453821684309012,0.20252901157066183,1.1616453050381905,-0.1819998359006168,1.653409,0.1642872634680276,,
50,bpb_kir_Cyrl,False,1B,2,1.420104,0.09453821684309012,0.20252901157066183,1.1999062928533577,-0.1550574515293544,1.533065,0.07954417422949296,,
50,bpb_kir_Cyrl,False,1B,3,1.420104,0.09453821684309012,0.20252901157066183,1.2412092897723346,-0.12597296411225195,1.472893,0.03717262961022571,1.39794907358065,-0.015600918256233437
50,bpb_kmr_Latn,False,1B,1,2.522384,0.09985168036275546,0.20252901157066183,2.0537670407663304,-0.1857833538563794,2.9231959999999995,0.15890205456425321,,
50,bpb_kmr_Latn,False,1B,2,2.522384,0.09985168036275546,0.20252901157066183,2.112898203680252,-0.16234078408352892,2.688719,0.06594356767248748,,
50,bpb_kmr_Latn,False,1B,3,2.522384,0.09985168036275546,0.20252901157066183,2.184064958310298,-0.13412669985604972,2.588036,0.02602775786716043,2.4455172654096327,-0.030473843233372683
50,bpb_kor_Hang,True,1B,1,0.921778,0.21233549776931496,0.20237017741414443,0.9048049730416506,-0.018413356533079926,1.287483,0.39673869413242663,,
50,bpb_kor_Hang,True,1B,2,0.921778,0.21233549776931496,0.20237017741414443,0.8867647255521615,-0.03798449783769902,1.074803,0.1660106880398534,,
50,bpb_kor_Hang,True,1B,3,0.921778,0.21233549776931496,0.20237017741414443,0.8899526084951725,-0.0345260914285516,0.993984,0.07833339480872833,0.8802397776888444,-0.04506315220275984
50,bpb_lao_Laoo,False,1B,1,1.404623,0.1862963602517209,0.20252901157066183,1.2886963192650913,-0.08253223871096275,1.834245,0.3058628543032543,,
50,bpb_lao_Laoo,False,1B,2,1.404623,0.1862963602517209,0.20252901157066183,1.260429509144635,-0.10265636462977257,1.524846,0.08559093792426863,,
50,bpb_lao_Laoo,False,1B,3,1.404623,0.1862963602517209,0.20252901157066183,1.2803400147429276,-0.08848138273193047,1.465108,0.043061376611375525,1.3034324969878326,-0.0720410409143004
50,bpb_lat_Latn,False,1B,1,1.431577,0.19833749482993404,0.20252901157066183,1.3524909129456466,-0.05524403301698301,1.925046,0.3447030791916885,,
50,bpb_lat_Latn,False,1B,2,1.431577,0.19833749482993404,0.20252901157066183,1.3303535953099364,-0.07070762151813262,1.618599,0.13064054535662406,,
50,bpb_lat_Latn,False,1B,3,1.431577,0.19833749482993404,0.20252901157066183,1.3413938034526394,-0.06299570092797015,1.512396,0.05645452532417045,1.3475996155582297,-0.05866075275152533
50,bpb_lit_Latn,True,1B,1,1.036539,0.2740865106099897,0.20237017741414443,1.1285347484155404,0.08875280950889475,1.605837,0.5492296961329962,,
50,bpb_lit_Latn,True,1B,2,1.036539,0.2740865106099897,0.20237017741414443,1.078699986835513,0.04067477136462095,1.275127,0.23017754276491265,,
50,bpb_lit_Latn,True,1B,3,1.036539,0.2740865106099897,0.20237017741414443,1.0645312111414265,0.027005458686481028,1.14966,0.10913337558934087,0.9836944889382955,-0.050981691052343056
50,bpb_ltz_Latn,False,1B,1,2.256864,0.08999987950219057,0.20252901157066183,1.8454631244881725,-0.1822887314042085,2.62671,0.16387606873963156,,
50,bpb_ltz_Latn,False,1B,2,2.256864,0.08999987950219057,0.20252901157066183,1.9030744667142547,-0.15676156528959895,2.427424,0.07557389368610584,,
50,bpb_ltz_Latn,False,1B,3,2.256864,0.08999987950219057,0.20252901157066183,1.9737207673588737,-0.12545870404292261,2.354379,0.04320818622655154,2.2340994040837043,-0.010086826639219674
50,bpb_lvs_Latn,True,1B,1,1.097379,0.26003862423264995,0.20237017741414443,1.1735556272799557,0.06941688084058065,1.669899,0.5217158338185803,,
50,bpb_lvs_Latn,True,1B,2,1.097379,0.26003862423264995,0.20237017741414443,1.1306371203634742,0.03030686787652587,1.347131,0.2275895565707016,,
50,bpb_lvs_Latn,True,1B,3,1.097379,0.26003862423264995,0.20237017741414443,1.1190913494441215,0.01978564328652304,1.215754,0.10787066273365892,1.050233204928068,-0.04296218086179165
50,bpb_mal_Mlym,True,1B,1,0.489423,0.18454629073858117,0.20252901157066183,0.46699517046649364,-0.04582504200559916,0.66469,0.3581094472470644,,
50,bpb_mal_Mlym,True,1B,2,0.489423,0.18454629073858117,0.20252901157066183,0.4651560173737246,-0.04958284066395616,0.573092,0.17095436871581443,,
50,bpb_mal_Mlym,True,1B,3,0.489423,0.18454629073858117,0.20252901157066183,0.4694982475259797,-0.04071069907630069,0.530439,0.08380480688484195,0.47888823503492356,-0.021524866965950594
50,bpb_mar_Deva,True,1B,1,0.555368,0.20267825032851622,0.20237017741414443,0.5428297138268962,-0.02257653695046135,0.772414,0.3908147390559054,,
50,bpb_mar_Deva,True,1B,2,0.555368,0.20267825032851622,0.20237017741414443,0.5364611767104445,-0.034043775099673566,0.655662,0.18059016724046037,,
50,bpb_mar_Deva,True,1B,3,0.555368,0.20267825032851622,0.20237017741414443,0.5388730708414932,-0.029700899508986495,0.602946,0.08566932196309476,0.5386902882724137,-0.030030019244152082
50,bpb_mkd_Cyrl,False,1B,1,0.981606,0.17171378847788388,0.20252901157066183,0.9243938568074523,-0.05828422319397766,1.315721,0.3403758738231021,,
50,bpb_mkd_Cyrl,False,1B,2,0.981606,0.17171378847788388,0.20252901157066183,0.9210782404796091,-0.06166196979275892,1.135208,0.15648029861268167,,
50,bpb_mkd_Cyrl,False,1B,3,0.981606,0.17171378847788388,0.20252901157066183,0.9347014358980054,-0.04778349368483344,1.067472,0.087475015433891,0.9669637979226511,-0.014916577605830546
50,bpb_mlt_Latn,False,1B,1,2.493944,0.08979527244505862,0.20252901157066183,2.040211541482484,-0.18193369960091965,2.9039020000000004,0.16438139749729766,,
50,bpb_mlt_Latn,False,1B,2,2.493944,0.08979527244505862,0.20252901157066183,2.1011136905352004,-0.15751368493630954,2.676476,0.07319009568779417,,
50,bpb_mlt_Latn,False,1B,3,2.493944,0.08979527244505862,0.20252901157066183,2.1804353176196423,-0.12570798798223123,2.604122,0.04417821731362047,2.4686404603730807,-0.010145993505435257
50,bpb_mya_Mymr,False,1B,1,1.044169,0.28086526716835514,0.20237017741414443,1.1209370973680683,0.07352075896532884,1.595026,0.5275554053031647,,
50,bpb_mya_Mymr,False,1B,2,1.044169,0.28086526716835514,0.20237017741414443,1.0336446820127618,-0.010079132771838731,1.178768,0.12890537834392723,,
50,bpb_mya_Mymr,False,1B,3,1.044169,0.28086526716835514,0.20237017741414443,1.0314879176439977,-0.012144664662523197,1.139057,0.09087417841364769,0.946071719894629,-0.09394770396877411
50,bpb_nld_Latn,True,1B,1,0.89298,0.23665120420654404,0.20237017741414443,0.9111404484086812,0.020336903859751898,1.296498,0.4518779815897332,,
50,bpb_nld_Latn,True,1B,2,0.89298,0.23665120420654404,0.20237017741414443,0.8827045230969575,-0.011506950774981001,1.057578,0.18432439696297778,,
50,bpb_nld_Latn,True,1B,3,0.89298,0.23665120420654404,0.20237017741414443,0.880623334612462,-0.013837561185623407,0.971931,0.08841295437747765,0.8479990622348705,-0.05037171914839018
50,bpb_nno_Latn,False,1B,1,1.284441,0.2431295551960619,0.20237017741414443,1.3373847656145958,0.04121930521884299,1.903018,0.48159238143285693,,
50,bpb_nno_Latn,False,1B,2,1.284441,0.2431295551960619,0.20237017741414443,1.2998721925317527,0.012013936437526313,1.562471,0.2164599230326656,,
50,bpb_nno_Latn,False,1B,3,1.284441,0.2431295551960619,0.20237017741414443,1.2915460155219718,0.005531601312922779,1.413917,0.10080338450734612,1.2348574075359267,-0.038603246442672955
50,bpb_nob_Latn,True,1B,1,0.999112,0.24028007732553303,0.20237017741414443,1.0295621841460307,0.03047724794220341,1.465005,0.46630708068765053,,
50,bpb_nob_Latn,True,1B,2,0.999112,0.24028007732553303,0.20237017741414443,0.9963918437311264,-0.0027225739145096484,1.192545,0.19360492116999892,,
50,bpb_nob_Latn,True,1B,3,0.999112,0.24028007732553303,0.20237017741414443,0.9928944649230345,-0.006223061155271423,1.093313,0.09428472483565405,0.95229778198919,-0.046855825984284026
50,bpb_npi_Deva,True,1B,1,0.496331,0.2194053717430072,0.20237017741414443,0.49708427865594607,0.0015176941515763543,0.707321,0.42509937924489893,,
50,bpb_npi_Deva,True,1B,2,0.496331,0.2194053717430072,0.20237017741414443,0.48690742817751476,-0.018986466334936294,0.589834,0.1883883940354319,,
50,bpb_npi_Deva,True,1B,3,0.496331,0.2194053717430072,0.20237017741414443,0.4872757974021561,-0.01824428173505972,0.541162,0.09032480340740354,0.4782200724027148,-0.036489615996754626
50,bpb_nrm_Latn,False,1B,1,1.254646,0.15311173883371296,0.20252901157066183,1.126448360515391,-0.1021783351515957,1.603312,0.2778999016455639,,
50,bpb_nrm_Latn,False,1B,2,1.254646,0.15311173883371296,0.20252901157066183,1.1331248514035206,-0.09685692107293957,1.409885,0.12373131544674763,,
50,bpb_nrm_Latn,False,1B,3,1.254646,0.15311173883371296,0.20252901157066183,1.1548339614969299,-0.07955394470079216,1.330252,0.06026082257465458,1.2194197843353576,-0.028076617360309083
50,bpb_ory_Orya,False,1B,1,1.376618,0.12943702550232022,0.20252901157066183,1.1805003342846205,-0.14246338905591774,1.680246,0.22056082369982088,,
50,bpb_ory_Orya,False,1B,2,1.376618,0.12943702550232022,0.20252901157066183,1.1973604227915617,-0.13021591843811295,1.502184,0.09121339398438788,,
50,bpb_ory_Orya,False,1B,3,1.376618,0.12943702550232022,0.20252901157066183,1.2288261717201856,-0.10735863418887034,1.435332,0.0426509024289964,1.3318230158817415,-0.032539879703925446
50,bpb_pan_Guru,False,1B,1,1.099131,0.2182891961360956,0.20237017741414443,1.0332868673900975,-0.059905627818615456,1.470305,0.33769769026621926,,
50,bpb_pan_Guru,False,1B,2,1.099131,0.2182891961360956,0.20237017741414443,0.9848706796298564,-0.10395514308134668,1.160926,0.056221687860682504,,
50,bpb_pan_Guru,False,1B,3,1.099131,0.2182891961360956,0.20237017741414443,0.9966833985122943,-0.09320781734634526,1.131902,0.029815372325955578,0.9793636768872797,-0.1089654673671477
50,bpb_pbt_Arab,False,1B,1,1.575823,0.07103342651144023,0.20252901157066183,1.4495524751703182,-0.08012989074894948,2.063197,0.30928219730261597,,
50,bpb_pbt_Arab,False,1B,2,1.575823,0.07103342651144023,0.20252901157066183,1.4091817437264964,-0.10574871433752621,1.694492,0.07530604642780321,,
50,bpb_pbt_Arab,False,1B,3,1.575823,0.07103342651144023,0.20252901157066183,1.507895195109658,-0.04310624028862506,1.914742,0.21507428181972213,1.7428443345924263,0.10598990787190332
50,bpb_plt_Latn,False,1B,1,2.245844,0.1001154040035589,0.20252901157066183,1.8555661658327225,-0.17377780209457,2.64109,0.17598996190296398,,
50,bpb_plt_Latn,False,1B,2,2.245844,0.1001154040035589,0.20252901157066183,1.9150265543117315,-0.1473020591315641,2.444627,0.08851149055767014,,
50,bpb_plt_Latn,False,1B,3,2.245844,0.1001154040035589,0.20252901157066183,1.976859932051841,-0.11976970259205849,2.336194,0.04022986458542977,2.2128651852523418,-0.014684374670572925
50,bpb_pol_Latn,True,1B,1,0.897468,0.2560462059674184,0.20237017741414443,0.9396581694201881,0.047010221445430975,1.337077,0.4898325065629081,,
50,bpb_pol_Latn,True,1B,2,0.897468,0.2560462059674184,0.20237017741414443,0.9016357922706472,0.0046439452667361054,1.06994,0.19217621129667,,
50,bpb_pol_Latn,True,1B,3,0.897468,0.2560462059674184,0.20237017741414443,0.8953824288881613,-0.00232383896900916,0.979172,0.09103834342840078,0.8439916271399269,-0.059585826859646376
50,bpb_por_Latn,True,1B,1,0.807681,0.20222378398222196,0.20252901157066183,0.7783522161867296,-0.036312335951038124,1.107855,0.3716492030888433,,
50,bpb_por_Latn,True,1B,2,0.807681,0.20222378398222196,0.20252901157066183,0.7646631388858112,-0.053260954651884615,0.929188,0.1504393442460576,,
50,bpb_por_Latn,True,1B,3,0.807681,0.20222378398222196,0.20252901157066183,0.7700927982946817,-0.046538425077868976,0.866203,0.07245682391934435,0.7703516841252809,-0.04621789527637657
50,bpb_ron_Latn,True,1B,1,0.930252,0.24895123658138402,0.20237017741414443,0.9629191676645963,0.035116471305190765,1.370176,0.47290841621410123,,
50,bpb_ron_Latn,True,1B,2,0.930252,0.24895123658138402,0.20237017741414443,0.9277533345619374,-0.0026860092083247785,1.105458,0.18834251364146498,,
50,bpb_ron_Latn,True,1B,3,0.930252,0.24895123658138402,0.20237017741414443,0.9226569743986662,-0.008164481883762398,1.011932,0.08780416489295383,0.8765223439220052,-0.05775817313802576
50,bpb_rus_Cyrl,True,1B,1,0.526792,0.2072175423593467,0.20237017741414443,0.5114805307794756,-0.029065493060874876,0.727806,0.3815813451988639,,
50,bpb_rus_Cyrl,True,1B,2,0.526792,0.2072175423593467,0.20237017741414443,0.5012163441566103,-0.048549818226908764,0.607419,0.1530528178104451,,
50,bpb_rus_Cyrl,True,1B,3,0.526792,0.2072175423593467,0.20237017741414443,0.504154580779415,-0.042972215258745464,0.565635,0.07373498458594656,0.50147060077911,-0.04806716734667582
50,bpb_sin_Sinh,False,1B,1,1.222774,0.15035604862521468,0.20252901157066183,1.0735408828762212,-0.12204472545521809,1.528007,0.24962339729173164,,
50,bpb_sin_Sinh,False,1B,2,1.222774,0.15035604862521468,0.20252901157066183,1.0754267572679896,-0.12050243359117088,1.332547,0.0897737439624983,,
50,bpb_sin_Sinh,False,1B,3,1.222774,0.15035604862521468,0.20252901157066183,1.0991179952641235,-0.10112744034128675,1.273216,0.04125210382294674,1.164115066791398,-0.0479720154407945
50,bpb_slk_Latn,True,1B,1,1.029516,0.25670771047758123,0.20237017741414443,1.0816304448163898,0.05062033500828517,1.539095,0.4949694808045722,,
50,bpb_slk_Latn,True,1B,2,1.029516,0.25670771047758123,0.20237017741414443,1.0387062967835103,0.008926812971833602,1.233598,0.19823101340824217,,
50,bpb_slk_Latn,True,1B,3,1.029516,0.25670771047758123,0.20237017741414443,1.030880728620651,0.0013256021476604984,1.125992,0.09371005404481329,0.9710053634358694,-0.05683314932854923
50,bpb_slv_Latn,True,1B,1,1.270177,0.2650034304091919,0.20237017741414443,1.3775473925419859,0.08453183496629682,1.960167,0.5432235034959696,,
50,bpb_slv_Latn,True,1B,2,1.270177,0.2650034304091919,0.20237017741414443,1.3337139661851698,0.05002213564343388,1.59693,0.25724997382254605,,
50,bpb_slv_Latn,True,1B,3,1.270177,0.2650034304091919,0.20237017741414443,1.3147400482208058,0.03508412466987351,1.416739,0.11538706810153238,1.2271162075127284,-0.03390141097443228
50,bpb_snd_Arab,False,1B,1,1.705725,0.11569972529108016,0.20252901157066183,1.4059857440315497,-0.1757254281718625,2.001187,0.17321783992144096,,
50,bpb_snd_Arab,False,1B,2,1.705725,0.11569972529108016,0.20252901157066183,1.4386620038651052,-0.15656861225279264,1.820858,0.06749798472790172,,
50,bpb_snd_Arab,False,1B,3,1.705725,0.11569972529108016,0.20252901157066183,1.48013053515624,-0.13225723070469156,1.737454,0.018601474446349863,1.6286430556926073,-0.04519013575306259
50,bpb_som_Latn,False,1B,1,2.469696,0.090282034092486,0.20252901157066183,2.0291663458651223,-0.1783740404223344,2.888181,0.1694479806421519,,
50,bpb_som_Latn,False,1B,2,2.469696,0.090282034092486,0.20252901157066183,2.0893445743871353,-0.15400738617743423,2.660982,0.07745325740496008,,
50,bpb_som_Latn,False,1B,3,2.469696,0.090282034092486,0.20252901157066183,2.1679273034764357,-0.12218859994248855,2.58848,0.04809660784161299,2.4531638555509754,-0.006693999767187747
50,bpb_spa_Latn,True,1B,1,0.740806,0.20021194545510945,0.20252901157066183,0.7110306915221946,-0.04019312543068686,1.012034,0.36612554433954386,,
50,bpb_spa_Latn,True,1B,2,0.740806,0.20021194545510945,0.20252901157066183,0.6992912132327275,-0.056040025009614525,0.850682,0.1483195330491385,,
50,bpb_spa_Latn,True,1B,3,0.740806,0.20021194545510945,0.20252901157066183,0.70456525082117,-0.048920701477620204,0.793192,0.0707148700199513,0.7063652913108405,-0.046490860885521304
50,bpb_srp_Cyrl,True,1B,1,0.677493,0.2699155767879341,0.20237017741414443,0.7340359767758495,0.0834591306121975,1.044489,0.5416971097856361,,
50,bpb_srp_Cyrl,True,1B,2,0.677493,0.2699155767879341,0.20237017741414443,0.704171382763087,0.03937809359371534,0.835423,0.23310941958071893,,
50,bpb_srp_Cyrl,True,1B,3,0.677493,0.2699155767879341,0.20237017741414443,0.6951843685487867,0.02611299090734033,0.751344,0.10900629231593537,0.645351875288296,-0.047441264650268045
50,bpb_srp_Latn,False,1B,1,1.265295,0.2268252560882574,0.20237017741414443,1.2738936744821499,0.006795786344014473,1.812674,0.4326097866505438,,
50,bpb_srp_Latn,False,1B,2,1.265295,0.2268252560882574,0.20237017741414443,1.242226724371068,-0.018231539387203764,1.498082,0.18397843981047884,,
50,bpb_srp_Latn,False,1B,3,1.265295,0.2268252560882574,0.20237017741414443,1.2413768619105978,-0.01890321078436431,1.37469,0.08645809870425467,1.2083926214573564,-0.044971629969804416
50,bpb_swe_Latn,True,1B,1,0.966687,0.23578656958719083,0.20237017741414443,0.985747962098608,0.019717821899547714,1.40266,0.4509970652341451,,
50,bpb_swe_Latn,True,1B,2,0.966687,0.23578656958719083,0.20237017741414443,0.9553902544523504,-0.01168604268770511,1.145151,0.18461404777347795,,
50,bpb_swe_Latn,True,1B,3,0.966687,0.23578656958719083,0.20237017741414443,0.9533339550696902,-0.013813204201887223,1.052614,0.08888813028415607,0.9188904837327467,-0.049443631979382396
50,bpb_swh_Latn,False,1B,1,2.255049,0.09272146114269826,0.20252901157066183,1.8750029279187406,-0.16853118139839068,2.668755,0.18345765435695627,,
50,bpb_swh_Latn,False,1B,2,2.255049,0.09272146114269826,0.20252901157066183,1.9369249734747402,-0.14107189091024622,2.474931,0.0975065286829688,,
50,bpb_swh_Latn,False,1B,3,2.255049,0.09272146114269826,0.20252901157066183,2.0050993899682177,-0.11083999063070576,2.382939,0.05671273661902683,2.2628256712164347,0.0034485597503356516
50,bpb_tam_Taml,True,1B,1,0.472149,0.17846045264163443,0.20252901157066183,0.44421484970462644,-0.05916384508994735,0.632266,0.33912387826724194,,
50,bpb_tam_Taml,True,1B,2,0.472149,0.17846045264163443,0.20252901157066183,0.44288191854617537,-0.06198696058622303,0.546163,0.15675983640757465,,
50,bpb_tam_Taml,True,1B,3,0.472149,0.17846045264163443,0.20252901157066183,0.44802479707278,-0.05109447002370016,0.508465,0.07691639715428808,0.46005820560441013,-0.02560800593793454
50,bpb_tat_Cyrl,False,1B,1,1.455355,0.1128647650566744,0.20252901157066183,1.2246031308299175,-0.15855366503023832,1.743019,0.1976589904181455,,
50,bpb_tat_Cyrl,False,1B,2,1.455355,0.1128647650566744,0.20252901157066183,1.2587646454279187,-0.1350806879229338,1.600417,0.09967464982770528,,
50,bpb_tat_Cyrl,False,1B,3,1.455355,0.1128647650566744,0.20252901157066183,1.2943291372660763,-0.11064370049501572,1.517665,0.0428142961682889,1.428651936860565,-0.01834814401945569
50,bpb_tel_Telu,False,1B,1,0.98544,0.2894010900517581,0.20237017741414443,1.0478236735983086,0.06330540022559329,1.49099,0.5130195648644261,,
50,bpb_tel_Telu,False,1B,2,0.98544,0.2894010900517581,0.20237017741414443,0.9586511624084406,-0.027184646037870765,1.084676,0.10070222438707582,,
50,bpb_tel_Telu,False,1B,3,0.98544,0.2894010900517581,0.20237017741414443,0.9560792602501864,-0.029794548374141062,1.054523,0.07010371001786016,0.8687035102862636,-0.11846128603845633
50,bpb_tgk_Cyrl,False,1B,1,1.563901,0.07686811312198949,0.20252901157066183,1.2519944571790071,-0.19944136030413231,1.782006,0.139462152655443,,
50,bpb_tgk_Cyrl,False,1B,2,1.563901,0.07686811312198949,0.20252901157066183,1.2962340633132245,-0.17115337651601695,1.659984,0.06143803220280562,,
50,bpb_tgk_Cyrl,False,1B,3,1.563901,0.07686811312198949,0.20252901157066183,1.349873536114129,-0.1368548673387069,1.623466,0.03808744926948707,1.5502084516022265,-0.008755380550158514
50,bpb_tha_Thai,True,1B,1,0.480458,0.21800424652875158,0.20237017741414443,0.4760145185917266,-0.009248428391812367,0.67734,0.40977983507403365,,
50,bpb_tha_Thai,True,1B,2,0.480458,0.21800424652875158,0.20237017741414443,0.4650647710216948,-0.032038656819753646,0.561919,0.16954863900694744,,
50,bpb_tha_Thai,True,1B,3,0.480458,0.21800424652875158,0.20237017741414443,0.4661692082297123,-0.029739939329322625,0.519397,0.08104558567033955,0.4582121792130304,-0.04630128083405745
50,bpb_tur_Latn,True,1B,1,0.93017,0.23290177985303365,0.20237017741414443,0.9482361852083154,0.019422455259055203,1.349283,0.4505767762882053,,
50,bpb_tur_Latn,True,1B,2,0.93017,0.23290177985303365,0.20237017741414443,0.921802612145535,-0.008995546894078504,1.108221,0.1914176978401796,,
50,bpb_tur_Latn,True,1B,3,0.93017,0.23290177985303365,0.20237017741414443,0.9198788684216841,-0.011063710481219518,1.015808,0.09206704150854143,0.8894652348821446,-0.04376056539971777
50,bpb_uig_Arab,False,1B,1,1.802849,0.02745846023330619,0.20252901157066183,1.434021332474727,-0.20458045433936667,2.041091,0.1321475065299425,,
50,bpb_uig_Arab,False,1B,2,1.802849,0.02745846023330619,0.20252901157066183,1.5286103280549106,-0.15211405500132807,2.015475,0.11793888451001719,,
50,bpb_uig_Arab,False,1B,3,1.802849,0.02745846023330619,0.20252901157066183,1.6076687651745427,-0.10826210893172818,1.972091,0.09387475046440391,1.949501783015639,0.08134501725637533
50,bpb_ukr_Cyrl,True,1B,1,0.531025,0.2671733867324268,0.20237017741414443,0.5643000530324588,0.06266193311512418,0.802965,0.5121039499081965,,
50,bpb_ukr_Cyrl,True,1B,2,0.531025,0.2671733867324268,0.20237017741414443,0.5388084573458796,0.014657421676718792,0.636247,0.19814886304787918,,
50,bpb_ukr_Cyrl,True,1B,3,0.531025,0.2671733867324268,0.20237017741414443,0.5335390205701667,0.004734279120882628,0.58013,0.09247210583305883,0.49679156226602716,-0.06446671575532754
50,bpb_urd_Arab,True,1B,1,0.77111,0.2194787274315562,0.20237017741414443,0.7725871511223635,0.0019156166077000346,1.099345,0.4256655989417853,,
50,bpb_urd_Arab,True,1B,2,0.77111,0.2194787274315562,0.20237017741414443,0.7577873638841908,-0.017277218705255015,0.919209,0.19205949864481087,,
50,bpb_urd_Arab,True,1B,3,0.77111,0.2194787274315562,0.20237017741414443,0.7579380602607064,-0.017081790846044713,0.840818,0.09039955388984709,0.7437921556180491,-0.03542665038963422
50,bpb_uzn_Cyrl,False,1B,1,1.555402,0.08010611513101012,0.20252901157066183,1.2396298240341732,-0.2030164394579837,1.764407,0.13437362173894601,,
50,bpb_uzn_Cyrl,False,1B,2,1.555402,0.08010611513101012,0.20252901157066183,1.2848458696035712,-0.17394611193532528,1.647212,0.059026541048552046,,
50,bpb_uzn_Cyrl,False,1B,3,1.555402,0.08010611513101012,0.20252901157066183,1.3355734465982052,-0.14133230727605772,1.600413,0.028938499500450774,1.5283267921743222,-0.01740720908528968
50,bpb_uzn_Latn,False,1B,1,2.470372,0.1025063438599971,0.20252901157066183,2.0884054374540186,-0.15461904625942213,2.972498,0.20325926621577645,,
50,bpb_uzn_Latn,False,1B,2,2.470372,0.1025063438599971,0.20252901157066183,2.1319130304387732,-0.1370072886031847,2.691929,0.08968568296596637,,
50,bpb_uzn_Latn,False,1B,3,2.470372,0.1025063438599971,0.20252901157066183,2.2079015263399095,-0.10624734803506931,2.626219,0.063086450137874,2.4649907602203274,-0.0021783115173230672
50,bpb_vie_Latn,True,1B,1,0.801095,0.2030928502782671,0.20237017741414443,0.7767454437176734,-0.030395341728916798,1.105262,0.37968905061197483,,
50,bpb_vie_Latn,True,1B,2,0.801095,0.2030928502782671,0.20237017741414443,0.7638376766483927,-0.04650799636947834,0.928946,0.15959530392774895,,
50,bpb_vie_Latn,True,1B,3,0.801095,0.2030928502782671,0.20237017741414443,0.7686241253477525,-0.04053311361604743,0.863049,0.07733664546651764,0.7680126887821678,-0.04129636462321226
50,bpb_zsm_Latn,True,1B,1,0.989114,0.21405797835639978,0.20237017741414443,0.9733391447324788,-0.01594847031537437,1.385003,0.4002460788139688,,
50,bpb_zsm_Latn,True,1B,2,0.989114,0.21405797835639978,0.20237017741414443,0.9534147428016789,-0.0360921564130334,1.154959,0.16767025843330496,,
50,bpb_zsm_Latn,True,1B,3,0.989114,0.21405797835639978,0.20237017741414443,0.9563355840701316,-0.03313916892276159,1.066996,0.07873915443518138,0.9441057734179752,-0.045503578537989406
